{"type":"FeatureCollection","features":[{"type":"Feature","properties":{"id":1,"area_km2":7.987,"T":0.749,"F":0.548,"S":0.254,"p_24":0.814,"threshold_mm_hr":17.051,"thr_min":16.758,"thr_max":18.644,"thr_spread":1.886,"stability":"always","frac_high":1.0,"baer_threshold":19.051,"baer_agreement":"confirms_high"},"geometry":{"type":"MultiPolygon","coordinates":[[[[-117.65473,34.28652],[-117.65495,34.28634],[-117.65495,34.28607],[-117.65516,34.28598],[-117.65516,34.28553],[-117.65538,34.28544],[-117.65536,34.28255],[-117.65557,34.28237],[-117.65644,34.28201],[-117.65698,34.28155],[-117.65784,34.28128],[-117.65828,34.28091],[-117.65914,34.28064],[-117.65957,34.27992],[-117.66012,34.28],[-117.66077,34.27973],[-117.6612,34.27973],[-117.66207,34.27927],[-117.66272,34.27927],[-117.66293,34.27909],[-117.66423,34.27872],[-117.66456,34.27836],[-117.66564,34.27799],[-117.66661,34.27717],[-117.66726,34.27699],[-117.66866,34.27563],[-117.67018,34.27562],[-117.67106,34.27598],[-117.67247,34.27588],[-117.67247,34.27561],[-117.67322,34.27497],[-117.67344,34.27497],[-117.67441,34.27406],[-117.67495,34.27388],[-117.67495,34.2737],[-117.67527,34.27343],[-117.67549,34.27343],[-117.6756,34.27315],[-117.67668,34.27288],[-117.67733,34.27242],[-117.67765,34.2717],[-117.67894,34.2707],[-117.67916,34.27025],[-117.68046,34.26943],[-117.68067,34.26889],[-117.68066,34.26826],[-117.68088,34.26817],[-117.68099,34.2678],[-117.6812,34.2678],[-117.6812,34.26753],[-117.68142,34.26735],[-117.68228,34.26726],[-117.68261,34.26698],[-117.68293,34.26698],[-117.68337,34.26671],[-117.68434,34.26652],[-117.68467,34.26679],[-117.68489,34.26679],[-117.68576,34.2676],[-117.68652,34.26768],[-117.68707,34.26804],[-117.68816,34.26803],[-117.68913,34.26776],[-117.69011,34.26775],[-117.69196,34.26819],[-117.69196,34.26837],[-117.69229,34.26864],[-117.6924,34.26918],[-117.69372,34.27044],[-117.69437,34.27052],[-117.6947,34.27088],[-117.69567,34.27079],[-117.69568,34.27097],[-117.69633,34.27151],[-117.69688,34.27168],[-117.697,34.27349],[-117.69831,34.27474],[-117.69875,34.27483],[-117.69876,34.27591],[-117.69898,34.276],[-117.69899,34.2778],[-117.69889,34.27844],[-117.69846,34.27916],[-117.69824,34.27925],[-117.69859,34.28195],[-117.69838,34.28232],[-117.69828,34.28349],[-117.69763,34.28394],[-117.69763,34.28439],[-117.6972,34.28485],[-117.69721,34.28539],[-117.69689,34.28611],[-117.6969,34.28801],[-117.69658,34.28846],[-117.69648,34.28927],[-117.6966,34.29044],[-117.69638,34.29044],[-117.69616,34.29072],[-117.69551,34.29099],[-117.69497,34.29099],[-117.69388,34.29055],[-117.69301,34.29046],[-117.69269,34.29074],[-117.69204,34.29092],[-117.69171,34.29119],[-117.69171,34.29137],[-117.69107,34.29165],[-117.69063,34.2921],[-117.68966,34.29238],[-117.68879,34.29274],[-117.68869,34.29292],[-117.68641,34.2933],[-117.68521,34.29375],[-117.68228,34.29404],[-117.68153,34.29459],[-117.68099,34.29477],[-117.68077,34.29504],[-117.68001,34.29532],[-117.6798,34.29559],[-117.67903,34.29514],[-117.67827,34.29505],[-117.67816,34.29487],[-117.67773,34.29488],[-117.67729,34.29461],[-117.67588,34.29444],[-117.67555,34.29417],[-117.675,34.29408],[-117.67457,34.29372],[-117.67326,34.29337],[-117.67185,34.29329],[-117.67087,34.29365],[-117.66946,34.29348],[-117.66639,34.29079],[-117.66454,34.29026],[-117.66421,34.28999],[-117.66421,34.28981],[-117.66345,34.28927],[-117.66301,34.28855],[-117.66236,34.28865],[-117.66127,34.28829],[-117.66094,34.28802],[-117.65985,34.28794],[-117.65941,34.28758],[-117.65789,34.28741],[-117.65669,34.28688],[-117.65474,34.2868],[-117.65473,34.28652]]],[[[-117.65474,34.2868],[-117.65463,34.28689],[-117.65463,34.2868],[-117.65474,34.2868]]]]}},{"type":"Feature","properties":{"id":3,"area_km2":7.899,"T":0.378,"F":0.265,"S":0.259,"p_24":0.366,"threshold_mm_hr":28.269,"thr_min":27.179,"thr_max":32.373,"thr_spread":5.194,"stability":"never","frac_high":0.0,"baer_threshold":32.17,"baer_agreement":"confirms_not_high"},"geometry":{"type":"Polygon","coordinates":[[[-117.65979,34.28],[-117.66174,34.27954],[-117.66207,34.27927],[-117.66272,34.27927],[-117.66293,34.27909],[-117.66423,34.27872],[-117.66456,34.27836],[-117.66564,34.27799],[-117.66661,34.27717],[-117.66726,34.27699],[-117.66866,34.27563],[-117.67018,34.27562],[-117.67106,34.27598],[-117.67247,34.27588],[-117.67247,34.27561],[-117.67322,34.27497],[-117.67344,34.27497],[-117.67441,34.27406],[-117.67495,34.27388],[-117.67495,34.2737],[-117.67527,34.27343],[-117.67549,34.27343],[-117.6756,34.27315],[-117.67668,34.27288],[-117.67733,34.27242],[-117.67765,34.2717],[-117.67894,34.2707],[-117.67916,34.27025],[-117.68046,34.26943],[-117.68067,34.26889],[-117.68066,34.26826],[-117.68088,34.26817],[-117.68099,34.2678],[-117.6812,34.2678],[-117.6812,34.26753],[-117.68142,34.26735],[-117.68228,34.26726],[-117.68261,34.26698],[-117.68293,34.26698],[-117.68304,34.2668],[-117.68445,34.26652],[-117.68466,34.26607],[-117.6851,34.26598],[-117.68542,34.26562],[-117.68564,34.26561],[-117.68596,34.26534],[-117.68617,34.26471],[-117.68693,34.26407],[-117.68714,34.26353],[-117.68779,34.26299],[-117.68779,34.26272],[-117.688,34.26253],[-117.68876,34.26244],[-117.68887,34.26226],[-117.68952,34.26217],[-117.68995,34.26189],[-117.69126,34.26179],[-117.69125,34.26143],[-117.6919,34.26089],[-117.69211,34.26044],[-117.69395,34.25898],[-117.69427,34.25835],[-117.69502,34.2579],[-117.69513,34.25744],[-117.69545,34.25726],[-117.69567,34.25681],[-117.69632,34.25636],[-117.69653,34.2559],[-117.69739,34.25527],[-117.69739,34.255],[-117.69782,34.25481],[-117.69793,34.25445],[-117.69825,34.25436],[-117.69825,34.25364],[-117.69791,34.25256],[-117.69791,34.25157],[-117.69801,34.25111],[-117.69898,34.25021],[-117.69908,34.24921],[-117.6994,34.24885],[-117.69973,34.24876],[-117.69972,34.24759],[-117.70015,34.24695],[-117.70047,34.24677],[-117.70047,34.24659],[-117.70069,34.24659],[-117.70101,34.24632],[-117.70122,34.24551],[-117.70209,34.24487],[-117.70219,34.2446],[-117.70262,34.24441],[-117.70262,34.24351],[-117.70327,34.24351],[-117.70359,34.24324],[-117.70424,34.24314],[-117.70359,34.24297],[-117.70131,34.24298],[-117.70109,34.24271],[-117.70022,34.24262],[-117.6999,34.2429],[-117.69946,34.2429],[-117.69925,34.24326],[-117.69892,34.24326],[-117.6986,34.2439],[-117.69838,34.2439],[-117.69828,34.24408],[-117.69784,34.24408],[-117.69751,34.24372],[-117.69675,34.24346],[-117.69642,34.2431],[-117.69621,34.2431],[-117.69588,34.24283],[-117.69577,34.24238],[-117.69544,34.24211],[-117.69532,34.24148],[-117.69478,34.2413],[-117.69467,34.24103],[-117.6939,34.24041],[-117.69358,34.24041],[-117.69282,34.24104],[-117.69174,34.24114],[-117.69152,34.2415],[-117.69088,34.24205],[-117.69055,34.24214],[-117.69055,34.24232],[-117.69001,34.24268],[-117.6898,34.24313],[-117.68915,34.24359],[-117.68872,34.24359],[-117.6885,34.24377],[-117.68698,34.24387],[-117.68655,34.24415],[-117.68568,34.24424],[-117.68449,34.24479],[-117.68395,34.24488],[-117.68309,34.2457],[-117.68309,34.24597],[-117.68223,34.24651],[-117.6819,34.24715],[-117.68093,34.24796],[-117.68061,34.24797],[-117.6805,34.24815],[-117.67974,34.24833],[-117.67768,34.24825],[-117.67735,34.24853],[-117.67518,34.24872],[-117.67519,34.24908],[-117.67476,34.24989],[-117.67411,34.25044],[-117.67401,34.25134],[-117.67347,34.2517],[-117.67271,34.25189],[-117.67261,34.25225],[-117.67196,34.2527],[-117.67196,34.25297],[-117.67055,34.25298],[-117.67012,34.25371],[-117.67035,34.25515],[-117.67013,34.25524],[-117.67003,34.25569],[-117.6697,34.25596],[-117.66971,34.25686],[-117.67026,34.25731],[-117.67059,34.25866],[-117.67125,34.25911],[-117.67114,34.25947],[-117.67071,34.25983],[-117.67082,34.26019],[-117.67017,34.26047],[-117.66899,34.26156],[-117.66834,34.26156],[-117.6679,34.26174],[-117.66725,34.26229],[-117.66726,34.26247],[-117.66682,34.26274],[-117.6665,34.26274],[-117.66574,34.26356],[-117.66542,34.26356],[-117.6652,34.26374],[-117.66216,34.26367],[-117.66173,34.26403],[-117.66173,34.2643],[-117.6613,34.26439],[-117.66097,34.26467],[-117.66087,34.26521],[-117.66044,34.26548],[-117.66012,34.26639],[-117.65947,34.26657],[-117.65947,34.26675],[-117.65904,34.26711],[-117.65817,34.26748],[-117.65817,34.26784],[-117.65796,34.26793],[-117.65775,34.26883],[-117.65776,34.27028],[-117.65711,34.27073],[-117.65701,34.27127],[-117.65647,34.27164],[-117.65647,34.27182],[-117.65517,34.27263],[-117.65517,34.2729],[-117.65496,34.27309],[-117.65518,34.27363],[-117.65518,34.27426],[-117.65562,34.27489],[-117.65584,34.27489],[-117.65639,34.27533],[-117.65693,34.27542],[-117.65704,34.27605],[-117.65726,34.27623],[-117.65727,34.27776],[-117.65749,34.27812],[-117.65793,34.2783],[-117.65815,34.27902],[-117.65881,34.27956],[-117.65979,34.28]]]}},{"type":"Feature","properties":{"id":4,"area_km2":7.758,"T":0.001,"F":0.0,"S":0.259,"p_24":0.073,"threshold_mm_hr":80.106,"thr_min":79.982,"thr_max":105.305,"thr_spread":25.322,"stability":"never","frac_high":0.0,"baer_threshold":80.199,"baer_agreement":"confirms_not_high"},"geometry":{"type":"Polygon","coordinates":[[[-117.81085,34.34159],[-117.81225,34.34041],[-117.81225,34.34023],[-117.81312,34.34014],[-117.81355,34.33986],[-117.81355,34.33968],[-117.81333,34.33968],[-117.81289,34.33924],[-117.81277,34.33833],[-117.81288,34.3377],[-117.81309,34.33734],[-117.81363,34.33698],[-117.81395,34.33634],[-117.81415,34.33481],[-117.81393,34.33463],[-117.81393,34.33382],[-117.81414,34.33373],[-117.81446,34.33228],[-117.81499,34.33174],[-117.81488,34.33093],[-117.81455,34.33057],[-117.81443,34.32958],[-117.81475,34.32903],[-117.81497,34.32894],[-117.81507,34.32858],[-117.81529,34.32849],[-117.81517,34.32741],[-117.81549,34.32695],[-117.81548,34.32569],[-117.81504,34.32551],[-117.81493,34.32479],[-117.81471,34.3247],[-117.8148,34.32281],[-117.81447,34.32254],[-117.81436,34.32209],[-117.81403,34.32173],[-117.81348,34.32174],[-117.81294,34.32147],[-117.8126,34.32066],[-117.81228,34.32048],[-117.81227,34.31994],[-117.81194,34.31976],[-117.81194,34.3194],[-117.81096,34.31878],[-117.81073,34.3177],[-117.80985,34.31707],[-117.80963,34.31653],[-117.80941,34.31644],[-117.80941,34.31608],[-117.80984,34.31554],[-117.80983,34.31473],[-117.81004,34.31418],[-117.81003,34.31256],[-117.81045,34.31184],[-117.81045,34.31139],[-117.81,34.31031],[-117.80946,34.30995],[-117.80924,34.30959],[-117.80923,34.30923],[-117.8089,34.3086],[-117.80792,34.30798],[-117.8077,34.30753],[-117.80682,34.30681],[-117.80617,34.30663],[-117.80573,34.30619],[-117.80551,34.30619],[-117.80529,34.30574],[-117.80485,34.30556],[-117.80485,34.30538],[-117.80419,34.30484],[-117.80376,34.30476],[-117.80321,34.30413],[-117.80256,34.30413],[-117.80168,34.30387],[-117.80081,34.30387],[-117.80005,34.30325],[-117.80005,34.30307],[-117.79907,34.3028],[-117.79808,34.302],[-117.79633,34.3012],[-117.79536,34.30211],[-117.79515,34.30211],[-117.79504,34.30247],[-117.79439,34.30301],[-117.79288,34.30347],[-117.79136,34.30357],[-117.79092,34.30376],[-117.79071,34.30403],[-117.79049,34.30403],[-117.79028,34.3043],[-117.78963,34.30431],[-117.78855,34.3054],[-117.78856,34.30621],[-117.78823,34.30648],[-117.78715,34.30667],[-117.7878,34.30675],[-117.78781,34.3072],[-117.78759,34.3073],[-117.78706,34.30883],[-117.78674,34.30911],[-117.78653,34.30992],[-117.7862,34.3101],[-117.7862,34.31037],[-117.78577,34.31083],[-117.78556,34.31164],[-117.78535,34.31173],[-117.78535,34.31236],[-117.78514,34.31245],[-117.78493,34.31354],[-117.78461,34.31399],[-117.78472,34.31471],[-117.78451,34.31489],[-117.78451,34.31534],[-117.7843,34.31543],[-117.7842,34.31733],[-117.78529,34.31768],[-117.78617,34.3184],[-117.78617,34.31876],[-117.78639,34.31894],[-117.78737,34.31893],[-117.78737,34.31911],[-117.78792,34.31956],[-117.78814,34.31956],[-117.78825,34.32001],[-117.78858,34.3201],[-117.78903,34.32172],[-117.78936,34.32189],[-117.78969,34.32261],[-117.79177,34.32422],[-117.79179,34.32612],[-117.792,34.32612],[-117.79233,34.32638],[-117.79233,34.32656],[-117.79266,34.32683],[-117.79288,34.32683],[-117.79333,34.32809],[-117.79409,34.32872],[-117.79442,34.32926],[-117.79465,34.3298],[-117.79465,34.33043],[-117.79553,34.33114],[-117.79597,34.33123],[-117.79651,34.33168],[-117.79673,34.33213],[-117.79717,34.3324],[-117.79827,34.33401],[-117.79817,34.33455],[-117.79905,34.33527],[-117.7997,34.33544],[-117.80003,34.3358],[-117.8009,34.33607],[-117.80102,34.33679],[-117.80168,34.33787],[-117.80168,34.33823],[-117.80212,34.33859],[-117.80234,34.33858],[-117.80234,34.33876],[-117.80311,34.33939],[-117.80387,34.33966],[-117.80431,34.34001],[-117.80431,34.34019],[-117.80486,34.34064],[-117.80508,34.34064],[-117.80508,34.34082],[-117.8053,34.34082],[-117.80552,34.34118],[-117.8066,34.3409],[-117.80736,34.3409],[-117.80856,34.34134],[-117.81085,34.34159]]]}},{"type":"Feature","properties":{"id":5,"area_km2":7.586,"T":0.319,"F":0.269,"S":0.248,"p_24":0.326,"threshold_mm_hr":29.993,"thr_min":28.516,"thr_max":35.698,"thr_spread":7.181,"stability":"never","frac_high":0.0,"baer_threshold":34.455,"baer_agreement":"confirms_not_high"},"geometry":{"type":"Polygon","coordinates":[[[-117.74097,34.3819],[-117.74162,34.38162],[-117.7426,34.38162],[-117.74325,34.38134],[-117.74357,34.38098],[-117.74433,34.38079],[-117.74586,34.38097],[-117.74673,34.38168],[-117.74826,34.38158],[-117.74869,34.38095],[-117.74879,34.38032],[-117.74911,34.37977],[-117.74954,34.3795],[-117.74997,34.3786],[-117.74985,34.37706],[-117.75071,34.37643],[-117.75093,34.37643],[-117.75091,34.37399],[-117.75166,34.37344],[-117.75243,34.37353],[-117.75242,34.37326],[-117.75264,34.37317],[-117.75264,34.37281],[-117.75285,34.37272],[-117.75285,34.37254],[-117.75436,34.37126],[-117.75512,34.37117],[-117.75545,34.3709],[-117.75588,34.3708],[-117.75718,34.36962],[-117.7575,34.36962],[-117.75945,34.36799],[-117.75955,34.36753],[-117.7602,34.36699],[-117.76019,34.36654],[-117.76084,34.36608],[-117.76084,34.36572],[-117.76116,34.36554],[-117.76115,34.36365],[-117.76147,34.36328],[-117.76147,34.36292],[-117.76211,34.36247],[-117.76211,34.36202],[-117.76233,34.36184],[-117.76254,34.36102],[-117.76156,34.3613],[-117.75949,34.3614],[-117.75906,34.36104],[-117.75884,34.36105],[-117.7584,34.3606],[-117.75753,34.36051],[-117.75687,34.3598],[-117.75622,34.3598],[-117.756,34.35962],[-117.75524,34.35944],[-117.75339,34.35946],[-117.75262,34.35928],[-117.75251,34.3591],[-117.75197,34.3591],[-117.75044,34.35866],[-117.7486,34.35867],[-117.74783,34.35823],[-117.74566,34.35833],[-117.74511,34.35806],[-117.74391,34.35798],[-117.74348,34.35771],[-117.74152,34.35763],[-117.74119,34.35737],[-117.74054,34.35728],[-117.74032,34.3571],[-117.73977,34.3571],[-117.73955,34.35684],[-117.73868,34.35684],[-117.73793,34.35748],[-117.7376,34.35748],[-117.73706,34.35793],[-117.73576,34.35812],[-117.73533,34.35857],[-117.73348,34.35858],[-117.73294,34.35886],[-117.73087,34.35869],[-117.73043,34.35842],[-117.72967,34.35825],[-117.72912,34.35771],[-117.72891,34.35771],[-117.72858,34.35744],[-117.72694,34.35736],[-117.72683,34.35709],[-117.72554,34.358],[-117.72554,34.35854],[-117.72511,34.35882],[-117.72501,34.35999],[-117.72523,34.36017],[-117.72514,34.36278],[-117.72547,34.36323],[-117.72571,34.36494],[-117.72463,34.36585],[-117.72441,34.36657],[-117.72377,34.36703],[-117.72366,34.36739],[-117.72344,34.36739],[-117.72312,34.36766],[-117.72312,34.36794],[-117.72269,34.36839],[-117.72248,34.3692],[-117.72226,34.36956],[-117.72194,34.36975],[-117.72194,34.36993],[-117.72118,34.3702],[-117.71999,34.3712],[-117.72,34.37138],[-117.71967,34.37165],[-117.71946,34.37165],[-117.71848,34.37229],[-117.71848,34.37256],[-117.71816,34.37283],[-117.71805,34.3732],[-117.71719,34.37383],[-117.71741,34.37428],[-117.7173,34.37455],[-117.71785,34.37473],[-117.71785,34.37491],[-117.71851,34.37545],[-117.71873,34.37599],[-117.71993,34.37598],[-117.72047,34.37634],[-117.72221,34.37624],[-117.7232,34.37695],[-117.72385,34.37695],[-117.72473,34.37758],[-117.72474,34.37857],[-117.72529,34.37938],[-117.72692,34.37937],[-117.72714,34.37945],[-117.72736,34.38008],[-117.72801,34.38026],[-117.72867,34.38071],[-117.72965,34.38079],[-117.73107,34.38133],[-117.73161,34.38132],[-117.73183,34.38114],[-117.73346,34.38113],[-117.734,34.38104],[-117.73422,34.38077],[-117.73476,34.38076],[-117.73552,34.38085],[-117.73563,34.38103],[-117.73651,34.38129],[-117.73684,34.38165],[-117.73705,34.38165],[-117.73716,34.38147],[-117.73792,34.38137],[-117.73814,34.38155],[-117.73868,34.38155],[-117.73923,34.38182],[-117.74097,34.3819]]]}},{"type":"Feature","properties":{"id":6,"area_km2":7.574,"T":0.065,"F":0.078,"S":0.266,"p_24":0.115,"threshold_mm_hr":54.659,"thr_min":53.072,"thr_max":65.437,"thr_spread":12.365,"stability":"never","frac_high":0.0,"baer_threshold":58.74,"baer_agreement":"confirms_not_high"},"geometry":{"type":"Polygon","coordinates":[[[-117.63567,34.40918],[-117.6361,34.40846],[-117.63609,34.40765],[-117.63587,34.40747],[-117.63565,34.40684],[-117.63575,34.4053],[-117.63553,34.40504],[-117.6355,34.40197],[-117.63583,34.4017],[-117.63583,34.40134],[-117.63669,34.40061],[-117.63702,34.40061],[-117.63734,34.40025],[-117.63832,34.40015],[-117.63821,34.39961],[-117.63853,34.39934],[-117.63896,34.39916],[-117.64081,34.39897],[-117.64125,34.39878],[-117.64179,34.39824],[-117.64385,34.39778],[-117.64439,34.39732],[-117.64482,34.3966],[-117.64536,34.39624],[-117.64536,34.39606],[-117.64687,34.39479],[-117.64708,34.39397],[-117.64784,34.39361],[-117.64784,34.39343],[-117.64827,34.39315],[-117.64838,34.39279],[-117.64935,34.39198],[-117.65011,34.39197],[-117.65044,34.39215],[-117.65197,34.39214],[-117.65273,34.39196],[-117.65327,34.39159],[-117.65414,34.39141],[-117.65489,34.39068],[-117.65511,34.39068],[-117.65576,34.39014],[-117.65586,34.38978],[-117.65662,34.38923],[-117.65662,34.38896],[-117.65705,34.38851],[-117.65716,34.38806],[-117.65867,34.3876],[-117.66008,34.38642],[-117.65997,34.38588],[-117.6605,34.38479],[-117.6618,34.3837],[-117.66212,34.3837],[-117.66277,34.38316],[-117.66288,34.38289],[-117.66364,34.38297],[-117.66375,34.38324],[-117.66397,34.38324],[-117.66419,34.38288],[-117.66396,34.38207],[-117.6632,34.38216],[-117.66287,34.38189],[-117.66243,34.38063],[-117.66144,34.37992],[-117.66133,34.37956],[-117.661,34.37929],[-117.65904,34.3793],[-117.65795,34.37858],[-117.65795,34.37831],[-117.65751,34.37795],[-117.65642,34.37796],[-117.6562,34.37778],[-117.6562,34.37751],[-117.65653,34.37733],[-117.65663,34.37598],[-117.65597,34.37553],[-117.65597,34.37535],[-117.65499,34.37535],[-117.65325,34.37491],[-117.65292,34.37455],[-117.65269,34.37374],[-117.6515,34.37375],[-117.65084,34.37312],[-117.65062,34.37267],[-117.64997,34.37258],[-117.64855,34.37277],[-117.64822,34.37241],[-117.6479,34.37232],[-117.64714,34.37233],[-117.64583,34.37206],[-117.6455,34.3718],[-117.6455,34.37126],[-117.64517,34.3709],[-117.64505,34.37027],[-117.64472,34.37],[-117.64385,34.36982],[-117.64342,34.36955],[-117.64298,34.36955],[-117.64266,34.36974],[-117.64113,34.36956],[-117.64102,34.36975],[-117.64016,34.36984],[-117.6395,34.3693],[-117.63896,34.36931],[-117.63852,34.36904],[-117.63776,34.36904],[-117.63743,34.36877],[-117.63678,34.36896],[-117.63667,34.36914],[-117.63602,34.36923],[-117.63558,34.36878],[-117.63536,34.36878],[-117.63503,34.36851],[-117.63471,34.36852],[-117.63449,34.36816],[-117.6334,34.36771],[-117.63286,34.36807],[-117.6322,34.36808],[-117.63057,34.368],[-117.63035,34.36773],[-117.62905,34.36764],[-117.62872,34.36792],[-117.62862,34.36828],[-117.62807,34.36864],[-117.62798,34.37062],[-117.6282,34.37071],[-117.6282,34.37098],[-117.62842,34.37116],[-117.62854,34.37243],[-117.62821,34.3727],[-117.62811,34.37369],[-117.62768,34.37405],[-117.6279,34.37468],[-117.6278,34.37559],[-117.62845,34.37585],[-117.62867,34.37621],[-117.62868,34.37666],[-117.62803,34.37712],[-117.62716,34.37739],[-117.62684,34.37766],[-117.62684,34.37803],[-117.6275,34.37856],[-117.62772,34.37928],[-117.62816,34.37946],[-117.62816,34.38009],[-117.62838,34.38063],[-117.62904,34.38117],[-117.62904,34.38162],[-117.62948,34.3818],[-117.63003,34.38234],[-117.63024,34.38234],[-117.63024,34.38252],[-117.63112,34.38323],[-117.63167,34.38332],[-117.63221,34.38395],[-117.63212,34.3853],[-117.6319,34.38548],[-117.6319,34.38576],[-117.63234,34.38656],[-117.63278,34.38692],[-117.63279,34.3881],[-117.63171,34.38909],[-117.63171,34.3899],[-117.63139,34.39],[-117.63128,34.39054],[-117.63085,34.3909],[-117.63097,34.39153],[-117.63064,34.39171],[-117.63053,34.39217],[-117.6301,34.39253],[-117.62935,34.39388],[-117.62935,34.39416],[-117.62914,34.39434],[-117.62957,34.39442],[-117.63023,34.39505],[-117.63045,34.39505],[-117.63111,34.39577],[-117.63111,34.39622],[-117.63133,34.39649],[-117.63145,34.39838],[-117.63167,34.39856],[-117.6318,34.40064],[-117.63235,34.40162],[-117.63279,34.40207],[-117.63279,34.40279],[-117.63312,34.40297],[-117.63356,34.40387],[-117.63369,34.40658],[-117.63413,34.40703],[-117.63445,34.40702],[-117.63522,34.40765],[-117.63523,34.40837],[-117.63555,34.40855],[-117.63567,34.40918]]]}},{"type":"Feature","properties":{"id":7,"area_km2":7.559,"T":0.456,"F":0.427,"S":0.244,"p_24":0.558,"threshold_mm_hr":22.561,"thr_min":21.969,"thr_max":25.857,"thr_spread":3.888,"stability":"never","frac_high":0.0,"baer_threshold":25.754,"baer_agreement":"confirms_not_high"},"geometry":{"type":"Polygon","coordinates":[[[-117.66007,34.34367],[-117.6617,34.34348],[-117.66431,34.34347],[-117.66343,34.34221],[-117.66255,34.34158],[-117.66255,34.3414],[-117.66168,34.34069],[-117.66124,34.33997],[-117.66123,34.33898],[-117.66199,34.33843],[-117.66209,34.33798],[-117.66263,34.33744],[-117.66273,34.3368],[-117.66328,34.33644],[-117.66326,34.33455],[-117.66596,34.33228],[-117.66683,34.33209],[-117.66737,34.33173],[-117.67117,34.3318],[-117.67194,34.33188],[-117.67205,34.33206],[-117.67292,34.33242],[-117.67346,34.33242],[-117.67379,34.3326],[-117.67509,34.33259],[-117.67542,34.33286],[-117.67673,34.33294],[-117.68151,34.33291],[-117.68281,34.33282],[-117.68292,34.33263],[-117.68466,34.33262],[-117.68488,34.33235],[-117.68433,34.33236],[-117.68422,34.33218],[-117.68368,34.33209],[-117.68346,34.33182],[-117.68085,34.3322],[-117.6777,34.33203],[-117.67748,34.33185],[-117.67737,34.3314],[-117.67747,34.33077],[-117.6778,34.3305],[-117.67779,34.33032],[-117.67801,34.33032],[-117.67801,34.33014],[-117.67823,34.33005],[-117.678,34.32924],[-117.6781,34.32752],[-117.67831,34.32725],[-117.67819,34.32608],[-117.67841,34.32572],[-117.6784,34.32481],[-117.67818,34.32436],[-117.67774,34.3241],[-117.67687,34.32392],[-117.67632,34.3232],[-117.67589,34.3232],[-117.67578,34.32302],[-117.67523,34.32294],[-117.6748,34.32258],[-117.67393,34.32249],[-117.6724,34.32196],[-117.67077,34.32179],[-117.67011,34.32107],[-117.66946,34.3209],[-117.66891,34.32045],[-117.66869,34.32045],[-117.66672,34.31866],[-117.66629,34.31866],[-117.66542,34.3183],[-117.66368,34.31822],[-117.6628,34.31787],[-117.66215,34.31787],[-117.66194,34.31805],[-117.66182,34.31787],[-117.66117,34.31778],[-117.66073,34.31734],[-117.6603,34.31716],[-117.65899,34.31707],[-117.65813,34.31735],[-117.65562,34.31718],[-117.65476,34.31737],[-117.65443,34.31728],[-117.65421,34.31701],[-117.65334,34.31701],[-117.6529,34.31666],[-117.65268,34.31621],[-117.6517,34.31549],[-117.65148,34.31477],[-117.65027,34.31378],[-117.64853,34.3137],[-117.64745,34.31416],[-117.64495,34.31399],[-117.64473,34.31381],[-117.64429,34.31382],[-117.64408,34.31445],[-117.64322,34.31508],[-117.643,34.31554],[-117.64246,34.31581],[-117.64247,34.31698],[-117.64292,34.31833],[-117.64282,34.31932],[-117.64249,34.31987],[-117.64261,34.32095],[-117.64229,34.32122],[-117.64208,34.32212],[-117.64165,34.32285],[-117.64046,34.32403],[-117.64014,34.32475],[-117.6396,34.32511],[-117.63949,34.32547],[-117.63895,34.32575],[-117.63853,34.32701],[-117.63799,34.32738],[-117.63777,34.32783],[-117.63734,34.32801],[-117.63702,34.32873],[-117.63615,34.32964],[-117.63594,34.33018],[-117.63572,34.33027],[-117.63573,34.3309],[-117.6354,34.331],[-117.63508,34.33163],[-117.63433,34.33226],[-117.63423,34.33335],[-117.6339,34.33362],[-117.63499,34.33343],[-117.63575,34.33379],[-117.63651,34.33388],[-117.63662,34.33406],[-117.63706,34.33405],[-117.63706,34.33387],[-117.6376,34.33396],[-117.63869,34.33495],[-117.6387,34.33522],[-117.63913,34.33567],[-117.63914,34.33621],[-117.63947,34.3363],[-117.63947,34.33648],[-117.63968,34.33648],[-117.63979,34.33666],[-117.64067,34.33683],[-117.64219,34.33655],[-117.64273,34.33673],[-117.64371,34.33663],[-117.64458,34.33708],[-117.64523,34.33717],[-117.64589,34.33762],[-117.64807,34.33805],[-117.64883,34.33859],[-117.64916,34.3385],[-117.6497,34.33859],[-117.64992,34.33877],[-117.65144,34.33894],[-117.65155,34.33912],[-117.65177,34.33912],[-117.65199,34.33957],[-117.65265,34.33992],[-117.65265,34.3401],[-117.65298,34.34037],[-117.65374,34.34055],[-117.65396,34.34082],[-117.65472,34.34072],[-117.65494,34.34126],[-117.65571,34.34162],[-117.65603,34.34162],[-117.6568,34.34198],[-117.65756,34.34188],[-117.65756,34.34242],[-117.65789,34.3426],[-117.658,34.34305],[-117.65844,34.34341],[-117.65887,34.34332],[-117.65909,34.3435],[-117.66007,34.34367]]]}},{"type":"Feature","properties":{"id":8,"area_km2":7.493,"T":0.042,"F":0.009,"S":0.244,"p_24":0.078,"threshold_mm_hr":75.037,"thr_min":70.498,"thr_max":111.685,"thr_spread":41.187,"stability":"never","frac_high":0.0,"baer_threshold":81.468,"baer_agreement":"confirms_not_high"},"geometry":{"type":"MultiPolygon","coordinates":[[[[-117.60745,34.31337],[-117.60756,34.31328],[-117.60756,34.31337],[-117.60745,34.31337]]],[[[-117.60756,34.31337],[-117.60767,34.31346],[-117.60756,34.31346],[-117.60756,34.31337]]],[[[-117.60777,34.31355],[-117.60767,34.31346],[-117.60777,34.31346],[-117.60777,34.31355]]],[[[-117.60778,34.31364],[-117.60788,34.31355],[-117.60788,34.31364],[-117.60778,34.31364]]],[[[-117.60788,34.31364],[-117.60799,34.31373],[-117.60788,34.31373],[-117.60788,34.31364]]],[[[-117.60941,34.31381],[-117.60995,34.31327],[-117.61038,34.31318],[-117.61049,34.313],[-117.61114,34.31272],[-117.61179,34.31272],[-117.61222,34.31254],[-117.61244,34.31227],[-117.61309,34.31208],[-117.61438,34.31081],[-117.61482,34.31081],[-117.61514,34.31054],[-117.61514,34.31018],[-117.61492,34.30991],[-117.61492,34.3091],[-117.61557,34.30909],[-117.61578,34.30891],[-117.61687,34.30873],[-117.61697,34.30836],[-117.61773,34.30782],[-117.61795,34.30737],[-117.61838,34.30719],[-117.61859,34.30664],[-117.61913,34.30619],[-117.61935,34.30619],[-117.61978,34.30519],[-117.62086,34.30438],[-117.62086,34.3042],[-117.6214,34.30374],[-117.62161,34.30374],[-117.62161,34.30356],[-117.62194,34.30356],[-117.62237,34.3032],[-117.62237,34.30284],[-117.62269,34.30256],[-117.62541,34.30255],[-117.62562,34.30237],[-117.6266,34.30218],[-117.62725,34.30218],[-117.62802,34.30245],[-117.62878,34.30244],[-117.62997,34.30271],[-117.63139,34.30261],[-117.63193,34.30288],[-117.63356,34.30296],[-117.63411,34.30332],[-117.63585,34.30331],[-117.63606,34.30313],[-117.63672,34.30357],[-117.63683,34.30384],[-117.63726,34.30393],[-117.63738,34.3042],[-117.63781,34.30447],[-117.63933,34.30455],[-117.63944,34.30473],[-117.64032,34.30509],[-117.64075,34.30545],[-117.64098,34.30608],[-117.64163,34.30643],[-117.64196,34.30715],[-117.64251,34.3076],[-117.64317,34.30886],[-117.64361,34.30922],[-117.64352,34.31147],[-117.64373,34.31165],[-117.64385,34.31228],[-117.64429,34.31309],[-117.6443,34.31391],[-117.64408,34.31445],[-117.64322,34.31508],[-117.643,34.31554],[-117.64246,34.31581],[-117.64247,34.31698],[-117.64292,34.31833],[-117.64282,34.31932],[-117.64249,34.31987],[-117.64261,34.32095],[-117.64229,34.32122],[-117.64208,34.32212],[-117.64165,34.32285],[-117.64046,34.32403],[-117.64014,34.32475],[-117.6396,34.32511],[-117.63949,34.32547],[-117.63895,34.32575],[-117.63853,34.32701],[-117.63799,34.32738],[-117.63777,34.32783],[-117.63734,34.32801],[-117.63702,34.32873],[-117.63648,34.32919],[-117.63594,34.33018],[-117.63572,34.33027],[-117.63573,34.3309],[-117.6354,34.331],[-117.63508,34.33163],[-117.63443,34.33208],[-117.63423,34.33335],[-117.63379,34.33371],[-117.63325,34.33326],[-117.63292,34.33326],[-117.63237,34.33273],[-117.63096,34.33264],[-117.62921,34.33121],[-117.62812,34.33121],[-117.62757,34.33077],[-117.62583,34.33059],[-117.62551,34.33033],[-117.6255,34.32997],[-117.62507,34.3297],[-117.62485,34.32925],[-117.62311,34.32908],[-117.62267,34.32863],[-117.6219,34.32845],[-117.62114,34.32755],[-117.6207,34.32746],[-117.61994,34.32774],[-117.61929,34.32774],[-117.61907,34.32792],[-117.61831,34.32784],[-117.61788,34.32811],[-117.61625,34.32803],[-117.61516,34.32821],[-117.61494,34.32803],[-117.61353,34.32804],[-117.6131,34.32786],[-117.61277,34.32759],[-117.61277,34.32741],[-117.61211,34.32724],[-117.612,34.32688],[-117.61254,34.32561],[-117.61252,34.32372],[-117.61219,34.32354],[-117.61208,34.32318],[-117.6123,34.32309],[-117.61262,34.32255],[-117.61262,34.32227],[-117.61294,34.32182],[-117.61294,34.32128],[-117.61337,34.32074],[-117.61337,34.32047],[-117.61412,34.31974],[-117.61412,34.31902],[-117.61368,34.31821],[-117.61313,34.31785],[-117.61313,34.31767],[-117.61345,34.3174],[-117.61345,34.31641],[-117.61246,34.31569],[-117.6117,34.31552],[-117.61137,34.31525],[-117.61083,34.31525],[-117.6105,34.31489],[-117.60941,34.31481],[-117.6093,34.31463],[-117.60843,34.31427],[-117.60799,34.31373],[-117.60941,34.31381]]]]}},{"type":"Feature","properties":{"id":9,"area_km2":7.154,"T":0.636,"F":0.462,"S":0.259,"p_24":0.706,"threshold_mm_hr":19.327,"thr_min":18.75,"thr_max":21.364,"thr_spread":2.614,"stability":"always","frac_high":1.0,"baer_threshold":22.36,"baer_agreement":"contradicts_high"},"geometry":{"type":"MultiPolygon","coordinates":[[[[-117.79502,34.30012],[-117.79262,34.29888],[-117.79175,34.29888],[-117.79121,34.29916],[-117.79055,34.2988],[-117.78892,34.29881],[-117.78795,34.29909],[-117.78752,34.29945],[-117.78719,34.29945],[-117.7862,34.29865],[-117.7862,34.29847],[-117.78554,34.29775],[-117.785,34.29757],[-117.7838,34.29758],[-117.78347,34.29695],[-117.78325,34.29677],[-117.78293,34.29678],[-117.78238,34.29624],[-117.7814,34.29624],[-117.78129,34.29606],[-117.7802,34.29571],[-117.77966,34.29571],[-117.77944,34.2959],[-117.77748,34.29582],[-117.77695,34.29627],[-117.77499,34.29637],[-117.77477,34.29638],[-117.77455,34.29611],[-117.77303,34.29576],[-117.77292,34.29603],[-117.77249,34.2963],[-117.77249,34.29648],[-117.77162,34.29658],[-117.77076,34.29703],[-117.76978,34.29677],[-117.76826,34.29687],[-117.76793,34.2966],[-117.76749,34.29651],[-117.76673,34.29661],[-117.76651,34.29634],[-117.76575,34.29607],[-117.7652,34.29553],[-117.76422,34.29527],[-117.76368,34.29527],[-117.76303,34.29501],[-117.76302,34.29483],[-117.76215,34.29429],[-117.76117,34.29439],[-117.76008,34.2934],[-117.75877,34.29305],[-117.75876,34.29242],[-117.75854,34.29206],[-117.75811,34.29179],[-117.75821,34.2908],[-117.75842,34.29071],[-117.75864,34.29016],[-117.75851,34.28809],[-117.75741,34.28729],[-117.75708,34.28657],[-117.75643,34.28603],[-117.7562,34.28531],[-117.75598,34.28513],[-117.75587,34.28459],[-117.75597,34.28387],[-117.75619,34.2836],[-117.75607,34.28242],[-117.75552,34.28198],[-117.75476,34.28189],[-117.75345,34.28082],[-117.75355,34.27982],[-117.75376,34.27973],[-117.75442,34.27991],[-117.75485,34.27955],[-117.75539,34.27936],[-117.7556,34.27909],[-117.75625,34.27909],[-117.75658,34.27926],[-117.75702,34.27926],[-117.75724,34.27944],[-117.75854,34.27952],[-117.75897,34.27925],[-117.75951,34.27916],[-117.75984,34.27879],[-117.76168,34.27851],[-117.76255,34.27851],[-117.76288,34.27887],[-117.7644,34.27895],[-117.76636,34.27929],[-117.76658,34.27947],[-117.76712,34.27956],[-117.76723,34.27974],[-117.76832,34.27973],[-117.76832,34.27955],[-117.76864,34.27928],[-117.76886,34.27928],[-117.76972,34.27855],[-117.77037,34.27828],[-117.77058,34.27773],[-117.7708,34.27764],[-117.77112,34.27701],[-117.77144,34.27683],[-117.77155,34.27647],[-117.77338,34.27492],[-117.77359,34.27447],[-117.77435,34.27383],[-117.77457,34.27383],[-117.77521,34.2732],[-117.77565,34.2731],[-117.77597,34.27283],[-117.77607,34.27238],[-117.77694,34.27183],[-117.77716,34.27183],[-117.77759,34.27228],[-117.77792,34.27228],[-117.77836,34.27264],[-117.77857,34.27263],[-117.77967,34.27371],[-117.78021,34.27371],[-117.78076,34.27397],[-117.78163,34.27415],[-117.78206,34.27405],[-117.78337,34.2745],[-117.78381,34.27449],[-117.78403,34.27476],[-117.78479,34.27476],[-117.78522,34.27494],[-117.78534,34.2762],[-117.78556,34.27647],[-117.78557,34.27737],[-117.7859,34.27764],[-117.78601,34.27827],[-117.787,34.27889],[-117.78732,34.27889],[-117.78766,34.27952],[-117.78766,34.27997],[-117.78831,34.28024],[-117.78887,34.28123],[-117.78941,34.28158],[-117.78941,34.28176],[-117.78985,34.28212],[-117.79007,34.28212],[-117.7904,34.28248],[-117.79105,34.28274],[-117.79194,34.2849],[-117.79392,34.28687],[-117.79316,34.2876],[-117.79274,34.28851],[-117.79274,34.28887],[-117.79296,34.28923],[-117.79298,34.29094],[-117.7932,34.29112],[-117.79342,34.29193],[-117.79386,34.29247],[-117.79397,34.29292],[-117.79485,34.29363],[-117.79485,34.29408],[-117.7953,34.29516],[-117.7953,34.29579],[-117.79553,34.29633],[-117.79556,34.30012],[-117.79502,34.30012]]],[[[-117.79556,34.30012],[-117.79567,34.30021],[-117.79556,34.30021],[-117.79556,34.30012]]]]}},{"type":"Feature","properties":{"id":10,"area_km2":6.88,"T":0.206,"F":0.236,"S":0.247,"p_24":0.242,"threshold_mm_hr":34.997,"thr_min":33.245,"thr_max":42.851,"thr_spread":9.606,"stability":"never","frac_high":0.0,"baer_threshold":39.842,"baer_agreement":"confirms_not_high"},"geometry":{"type":"Polygon","coordinates":[[[-117.71705,34.39602],[-117.7177,34.39592],[-117.71868,34.39511],[-117.71888,34.39321],[-117.7191,34.39321],[-117.7192,34.39303],[-117.72094,34.3932],[-117.72138,34.39347],[-117.72182,34.39337],[-117.72236,34.39355],[-117.72247,34.39373],[-117.72345,34.39373],[-117.72356,34.39354],[-117.72432,34.39327],[-117.72541,34.39344],[-117.72584,34.39326],[-117.72638,34.39326],[-117.72671,34.39362],[-117.72726,34.3937],[-117.72781,34.39406],[-117.72824,34.39406],[-117.72846,34.39433],[-117.729,34.39414],[-117.72955,34.39423],[-117.72955,34.39396],[-117.73009,34.3936],[-117.73019,34.39269],[-117.7304,34.3926],[-117.7304,34.39233],[-117.73181,34.39124],[-117.73202,34.39088],[-117.73246,34.39079],[-117.73332,34.39006],[-117.73332,34.38988],[-117.73364,34.3897],[-117.73396,34.38915],[-117.73383,34.38681],[-117.73361,34.38654],[-117.73361,34.38582],[-117.73382,34.38546],[-117.73402,34.38347],[-117.734,34.38104],[-117.73259,34.38123],[-117.73183,34.38114],[-117.73161,34.38132],[-117.73107,34.38133],[-117.73041,34.38115],[-117.7303,34.38097],[-117.72845,34.38062],[-117.72801,34.38026],[-117.72736,34.38008],[-117.72725,34.37963],[-117.72692,34.37937],[-117.72529,34.37938],[-117.72474,34.37857],[-117.72473,34.37758],[-117.72418,34.37713],[-117.72396,34.37713],[-117.72385,34.37695],[-117.7232,34.37695],[-117.72221,34.37624],[-117.72047,34.37634],[-117.71993,34.37598],[-117.71873,34.37599],[-117.71851,34.37545],[-117.71785,34.37491],[-117.71785,34.37473],[-117.7173,34.37455],[-117.71741,34.37428],[-117.71708,34.37374],[-117.71643,34.37375],[-117.71599,34.37348],[-117.71545,34.37384],[-117.71501,34.37384],[-117.7148,34.37421],[-117.71447,34.37421],[-117.71404,34.37457],[-117.71404,34.37493],[-117.71329,34.37539],[-117.71329,34.37521],[-117.71296,34.37512],[-117.71296,34.37485],[-117.7123,34.37431],[-117.71229,34.37368],[-117.71186,34.37323],[-117.71185,34.37296],[-117.71163,34.37287],[-117.71163,34.37242],[-117.7113,34.37224],[-117.7113,34.37206],[-117.71043,34.37207],[-117.71,34.37234],[-117.70967,34.37234],[-117.70935,34.37262],[-117.7087,34.37262],[-117.70826,34.37289],[-117.70739,34.37299],[-117.70652,34.372],[-117.70608,34.37191],[-117.70531,34.37129],[-117.70433,34.3712],[-117.70422,34.37084],[-117.70313,34.37013],[-117.70248,34.37013],[-117.70226,34.36995],[-117.70117,34.36996],[-117.70117,34.36978],[-117.70029,34.36915],[-117.6991,34.36916],[-117.69888,34.36907],[-117.69877,34.36862],[-117.69822,34.36826],[-117.69669,34.36809],[-117.69648,34.36782],[-117.69582,34.36764],[-117.69549,34.36728],[-117.69517,34.36729],[-117.69484,34.36693],[-117.69364,34.36693],[-117.6932,34.36667],[-117.69277,34.36667],[-117.69244,34.36703],[-117.69168,34.36703],[-117.69158,34.3674],[-117.69136,34.36749],[-117.69138,34.36992],[-117.69116,34.3701],[-117.69117,34.37101],[-117.69161,34.37145],[-117.69161,34.3719],[-117.69097,34.37308],[-117.69087,34.37398],[-117.69087,34.37452],[-117.69175,34.37515],[-117.69176,34.3765],[-117.69133,34.37678],[-117.69133,34.37714],[-117.69101,34.37732],[-117.69101,34.37768],[-117.69036,34.37795],[-117.69014,34.37823],[-117.68993,34.37895],[-117.68995,34.38057],[-117.68919,34.38103],[-117.68908,34.38166],[-117.6906,34.38138],[-117.69072,34.38174],[-117.69115,34.38183],[-117.69126,34.38201],[-117.69268,34.382],[-117.693,34.38218],[-117.69301,34.38254],[-117.69431,34.38262],[-117.69464,34.38262],[-117.69507,34.38217],[-117.6954,34.38216],[-117.69572,34.3818],[-117.69659,34.38171],[-117.6967,34.38189],[-117.69724,34.38188],[-117.69768,34.38215],[-117.69812,34.38215],[-117.69856,34.3826],[-117.69921,34.38286],[-117.70062,34.38295],[-117.7015,34.3833],[-117.70226,34.38393],[-117.70292,34.3842],[-117.70304,34.38537],[-117.70392,34.38617],[-117.70403,34.38662],[-117.70479,34.38698],[-117.70578,34.38779],[-117.70643,34.38796],[-117.70644,34.3885],[-117.70698,34.38886],[-117.70732,34.38976],[-117.70851,34.38975],[-117.70972,34.39083],[-117.71048,34.39083],[-117.71059,34.39128],[-117.71081,34.39127],[-117.71136,34.39181],[-117.71158,34.39181],[-117.71213,34.39244],[-117.71245,34.39244],[-117.71333,34.39315],[-117.7142,34.39342],[-117.71443,34.39423],[-117.71486,34.3945],[-117.71508,34.39486],[-117.7153,34.39486],[-117.71563,34.39512],[-117.71596,34.39512],[-117.71705,34.39602]]]}},{"type":"Feature","properties":{"id":11,"area_km2":6.869,"T":0.239,"F":0.193,"S":0.247,"p_24":0.226,"threshold_mm_hr":36.309,"thr_min":34.309,"thr_max":45.34,"thr_spread":11.03,"stability":"never","frac_high":0.0,"baer_threshold":42.952,"baer_agreement":"confirms_not_high"},"geometry":{"type":"Polygon","coordinates":[[[-117.64745,34.31416],[-117.64853,34.3137],[-117.65016,34.31378],[-117.6507,34.31261],[-117.65113,34.31234],[-117.65113,34.31216],[-117.65178,34.31161],[-117.65199,34.31116],[-117.65275,34.31061],[-117.65307,34.30989],[-117.65372,34.30935],[-117.65458,34.30907],[-117.65501,34.30871],[-117.65545,34.30862],[-117.65545,34.30844],[-117.65675,34.30843],[-117.65751,34.30815],[-117.65849,34.30815],[-117.6587,34.30788],[-117.65925,34.30778],[-117.66,34.30715],[-117.66076,34.30678],[-117.66228,34.30696],[-117.66402,34.3065],[-117.66532,34.30649],[-117.66608,34.30612],[-117.66629,34.30585],[-117.66803,34.30584],[-117.66902,34.30674],[-117.66924,34.30674],[-117.67088,34.30799],[-117.67142,34.30745],[-117.67163,34.30745],[-117.67185,34.30717],[-117.67217,34.30717],[-117.67336,34.3059],[-117.6751,34.30589],[-117.67521,34.30571],[-117.67629,34.30562],[-117.67618,34.30481],[-117.67563,34.30418],[-117.67562,34.30364],[-117.67584,34.30355],[-117.67584,34.30327],[-117.67649,34.30282],[-117.6768,34.30156],[-117.67702,34.30137],[-117.67778,34.30119],[-117.67853,34.30046],[-117.67884,34.29767],[-117.67905,34.2973],[-117.67981,34.29676],[-117.6798,34.29559],[-117.67903,34.29514],[-117.67827,34.29505],[-117.67816,34.29487],[-117.67773,34.29488],[-117.67729,34.29461],[-117.67588,34.29444],[-117.67555,34.29417],[-117.675,34.29408],[-117.67457,34.29372],[-117.67326,34.29337],[-117.67185,34.29329],[-117.67087,34.29365],[-117.66946,34.29348],[-117.66639,34.29079],[-117.66454,34.29026],[-117.66421,34.28999],[-117.66421,34.28981],[-117.66345,34.28927],[-117.66301,34.28855],[-117.66236,34.28865],[-117.66127,34.28829],[-117.66094,34.28802],[-117.65985,34.28794],[-117.65941,34.28758],[-117.65789,34.28741],[-117.65669,34.28688],[-117.65474,34.2868],[-117.65387,34.28707],[-117.65344,34.2877],[-117.65094,34.2879],[-117.65018,34.28835],[-117.64953,34.28836],[-117.64899,34.28854],[-117.6479,34.28846],[-117.64639,34.289],[-117.64617,34.28919],[-117.64607,34.28973],[-117.64619,34.29198],[-117.64587,34.29216],[-117.64565,34.29271],[-117.64544,34.2928],[-117.64544,34.29307],[-117.64512,34.29334],[-117.64513,34.29487],[-117.64459,34.29524],[-117.64373,34.29704],[-117.64265,34.29795],[-117.642,34.29814],[-117.64179,34.29841],[-117.64135,34.29859],[-117.64059,34.29859],[-117.63951,34.29905],[-117.63908,34.2995],[-117.63864,34.29969],[-117.63865,34.29987],[-117.63778,34.30068],[-117.63735,34.30069],[-117.63724,34.30087],[-117.63702,34.30087],[-117.63659,34.30123],[-117.6367,34.3015],[-117.63649,34.30177],[-117.63649,34.30222],[-117.63606,34.30277],[-117.63606,34.30322],[-117.63628,34.30322],[-117.63672,34.30357],[-117.63672,34.30375],[-117.63726,34.30393],[-117.63738,34.3042],[-117.63781,34.30447],[-117.63933,34.30455],[-117.63944,34.30473],[-117.64032,34.30509],[-117.64075,34.30545],[-117.64098,34.30608],[-117.64163,34.30643],[-117.64196,34.30715],[-117.64251,34.3076],[-117.64317,34.30886],[-117.64361,34.30922],[-117.64352,34.31147],[-117.64373,34.31165],[-117.64385,34.31228],[-117.64429,34.31309],[-117.64419,34.31373],[-117.64473,34.31381],[-117.64495,34.31399],[-117.64745,34.31416]]]}},{"type":"Feature","properties":{"id":12,"area_km2":6.671,"T":0.861,"F":0.763,"S":0.29,"p_24":0.941,"threshold_mm_hr":13.614,"thr_min":13.589,"thr_max":14.121,"thr_spread":0.532,"stability":"always","frac_high":1.0,"baer_threshold":13.887,"baer_agreement":"confirms_high"},"geometry":{"type":"Polygon","coordinates":[[[-117.67573,34.24871],[-117.67627,34.24853],[-117.67735,34.24853],[-117.67768,34.24825],[-117.67974,34.24833],[-117.6805,34.24815],[-117.68061,34.24797],[-117.68093,34.24796],[-117.6819,34.24715],[-117.68223,34.24651],[-117.68309,34.24597],[-117.68309,34.2457],[-117.68395,34.24488],[-117.68449,34.24479],[-117.68568,34.24424],[-117.68655,34.24415],[-117.68698,34.24387],[-117.6885,34.24377],[-117.68872,34.24359],[-117.68915,34.24359],[-117.6898,34.24313],[-117.69001,34.24268],[-117.69055,34.24232],[-117.69066,34.24205],[-117.69088,34.24205],[-117.69152,34.2415],[-117.69174,34.24114],[-117.69282,34.24104],[-117.69358,34.24041],[-117.69412,34.24041],[-117.69531,34.23986],[-117.69607,34.23985],[-117.6965,34.23967],[-117.69693,34.23922],[-117.69737,34.23912],[-117.6978,34.23867],[-117.69779,34.23795],[-117.69801,34.23759],[-117.69876,34.23722],[-117.69886,34.23587],[-117.69864,34.23542],[-117.69863,34.23434],[-117.69928,34.2337],[-117.69938,34.23325],[-117.70057,34.2327],[-117.70057,34.23252],[-117.70024,34.23225],[-117.70033,34.23018],[-117.69968,34.22991],[-117.69968,34.23009],[-117.69947,34.23009],[-117.69903,34.23046],[-117.69871,34.2301],[-117.69859,34.22947],[-117.69815,34.22893],[-117.69815,34.22812],[-117.6976,34.22776],[-117.69749,34.22731],[-117.69694,34.22722],[-117.69672,34.22695],[-117.69585,34.2266],[-117.69585,34.22633],[-117.69541,34.22588],[-117.69563,34.22525],[-117.69519,34.22489],[-117.69519,34.22471],[-117.69486,34.22462],[-117.69486,34.22444],[-117.69453,34.22426],[-117.69453,34.22363],[-117.6942,34.22327],[-117.69419,34.22219],[-117.69386,34.22165],[-117.69331,34.2212],[-117.69331,34.22057],[-117.69309,34.2203],[-117.69308,34.21976],[-117.69264,34.21877],[-117.69045,34.21698],[-117.68991,34.21689],[-117.68958,34.21662],[-117.68753,34.21745],[-117.68655,34.21754],[-117.68612,34.21781],[-117.68558,34.21782],[-117.68407,34.21981],[-117.68342,34.2199],[-117.68288,34.22036],[-117.68234,34.22036],[-117.68202,34.22072],[-117.68126,34.221],[-117.68094,34.22127],[-117.68094,34.22154],[-117.68062,34.2219],[-117.67888,34.22245],[-117.67834,34.22291],[-117.67509,34.22302],[-117.67466,34.22338],[-117.67368,34.22365],[-117.6738,34.22483],[-117.67272,34.22555],[-117.67251,34.22601],[-117.67218,34.2261],[-117.67197,34.22673],[-117.671,34.22755],[-117.67056,34.22773],[-117.67035,34.22809],[-117.67035,34.22854],[-117.6696,34.22918],[-117.66928,34.23044],[-117.66994,34.23098],[-117.66984,34.23224],[-117.67028,34.23233],[-117.67126,34.23314],[-117.67127,34.2344],[-117.67095,34.23467],[-117.67095,34.23503],[-117.67073,34.23521],[-117.67042,34.2363],[-117.66987,34.23657],[-117.66966,34.23729],[-117.66815,34.23866],[-117.66805,34.2392],[-117.66773,34.23947],[-117.6673,34.24037],[-117.66938,34.24208],[-117.6696,34.24262],[-117.67025,34.24324],[-117.67048,34.24414],[-117.67124,34.24468],[-117.67157,34.24522],[-117.67365,34.24674],[-117.67365,34.24701],[-117.67409,34.24773],[-117.67507,34.24845],[-117.67508,34.24872],[-117.67573,34.24871]]]}},{"type":"Feature","properties":{"id":13,"area_km2":6.548,"T":0.473,"F":0.478,"S":0.248,"p_24":0.622,"threshold_mm_hr":21.106,"thr_min":20.86,"thr_max":23.143,"thr_spread":2.283,"stability":"sometimes","frac_high":0.5,"baer_threshold":22.9,"baer_agreement":"unstable_anchor_not_high"},"geometry":{"type":"Polygon","coordinates":[[[-117.68377,34.38304],[-117.68398,34.38286],[-117.68431,34.38286],[-117.68442,34.38268],[-117.68507,34.38285],[-117.68648,34.38276],[-117.68659,34.38257],[-117.68746,34.3823],[-117.68767,34.38203],[-117.68811,34.38203],[-117.68822,34.38184],[-117.68908,34.38166],[-117.68919,34.38103],[-117.68995,34.38057],[-117.68993,34.37895],[-117.69014,34.37823],[-117.69036,34.37795],[-117.69101,34.37768],[-117.69101,34.37732],[-117.69133,34.37714],[-117.69133,34.37678],[-117.69176,34.3765],[-117.69175,34.37515],[-117.69087,34.37452],[-117.69087,34.37398],[-117.69097,34.37308],[-117.69161,34.3719],[-117.69161,34.37145],[-117.69117,34.37101],[-117.69116,34.3701],[-117.69138,34.36992],[-117.69136,34.36749],[-117.69158,34.3674],[-117.69157,34.36667],[-117.69211,34.36577],[-117.69233,34.36577],[-117.69232,34.36541],[-117.69178,34.36505],[-117.69155,34.3646],[-117.69035,34.36362],[-117.69024,34.36317],[-117.6898,34.36281],[-117.68958,34.36281],[-117.68958,34.36236],[-117.68903,34.36191],[-117.68903,34.36173],[-117.68848,34.36128],[-117.68783,34.36101],[-117.68783,34.36074],[-117.68728,34.36021],[-117.68651,34.35994],[-117.6864,34.35913],[-117.68563,34.3585],[-117.68509,34.35841],[-117.68399,34.35752],[-117.68399,34.35725],[-117.68333,34.35671],[-117.6829,34.35671],[-117.68247,34.35726],[-117.68203,34.35735],[-117.68127,34.35672],[-117.68127,34.35636],[-117.68083,34.356],[-117.68071,34.35537],[-117.67995,34.35475],[-117.67973,34.35475],[-117.67853,34.35376],[-117.67765,34.35359],[-117.6759,34.35197],[-117.67481,34.35171],[-117.67471,34.35234],[-117.67449,34.35243],[-117.67449,34.3527],[-117.67417,34.35288],[-117.67396,34.35352],[-117.6732,34.35424],[-117.67299,34.35542],[-117.67256,34.35578],[-117.67236,34.35785],[-117.67258,34.35794],[-117.6728,34.35857],[-117.6727,34.35911],[-117.67237,34.35939],[-117.67227,34.35975],[-117.67217,34.36146],[-117.67152,34.36192],[-117.67152,34.3621],[-117.67131,34.3621],[-117.67088,34.36246],[-117.67066,34.36291],[-117.67045,34.36309],[-117.67012,34.3631],[-117.67001,34.36328],[-117.66958,34.36328],[-117.66947,34.3631],[-117.66838,34.36311],[-117.66794,34.36284],[-117.66718,34.36284],[-117.66686,34.36311],[-117.66588,34.36339],[-117.66566,34.36366],[-117.66501,34.36376],[-117.66447,34.36421],[-117.66447,34.36439],[-117.66361,34.36503],[-117.66329,34.36566],[-117.66242,34.36602],[-117.66221,34.3663],[-117.66155,34.36639],[-117.66145,34.3672],[-117.66102,34.36756],[-117.66026,34.36757],[-117.66038,34.3691],[-117.66071,34.36928],[-117.66071,34.36973],[-117.66104,34.37009],[-117.66104,34.37072],[-117.66029,34.37127],[-117.66007,34.37172],[-117.66008,34.37226],[-117.66051,34.37253],[-117.66063,34.3728],[-117.66087,34.37604],[-117.66054,34.37613],[-117.66022,34.3765],[-117.66,34.3765],[-117.65914,34.37731],[-117.6587,34.37741],[-117.6586,34.37786],[-117.65838,34.37795],[-117.65838,34.37822],[-117.65817,34.37831],[-117.65806,34.37867],[-117.65904,34.3793],[-117.661,34.37929],[-117.66133,34.37956],[-117.66144,34.37992],[-117.66243,34.38072],[-117.66265,34.38072],[-117.66319,34.38054],[-117.66362,34.38],[-117.66481,34.37981],[-117.66492,34.37963],[-117.66514,34.37963],[-117.66514,34.37936],[-117.66568,34.37899],[-117.66568,34.37872],[-117.666,34.37854],[-117.6661,34.37764],[-117.66708,34.37745],[-117.66838,34.37754],[-117.66882,34.37708],[-117.67012,34.37716],[-117.67176,34.37851],[-117.67177,34.37878],[-117.67285,34.37877],[-117.67318,34.37913],[-117.67394,34.37913],[-117.67427,34.3794],[-117.67471,34.3793],[-117.67471,34.37948],[-117.67515,34.37975],[-117.67526,34.3802],[-117.6758,34.38038],[-117.67668,34.38119],[-117.67712,34.38127],[-117.67712,34.38146],[-117.67756,34.38181],[-117.67821,34.38199],[-117.67821,34.38235],[-117.67865,34.38235],[-117.67887,34.38253],[-117.67974,34.38252],[-117.68136,34.38197],[-117.68169,34.38197],[-117.68191,34.38215],[-117.68256,34.38206],[-117.68278,34.38278],[-117.68322,34.38304],[-117.68377,34.38304]]]}},{"type":"Feature","properties":{"id":15,"area_km2":6.095,"T":0.376,"F":0.39,"S":0.264,"p_24":0.494,"threshold_mm_hr":24.167,"thr_min":23.309,"thr_max":27.028,"thr_spread":3.719,"stability":"never","frac_high":0.0,"baer_threshold":27.301,"baer_agreement":"confirms_not_high"},"geometry":{"type":"Polygon","coordinates":[[[-117.66638,34.43995],[-117.66703,34.43941],[-117.66724,34.43868],[-117.66756,34.43832],[-117.66756,34.43787],[-117.66788,34.4376],[-117.66797,34.43534],[-117.66775,34.43453],[-117.66796,34.43345],[-117.66795,34.43192],[-117.66848,34.43092],[-117.66847,34.42939],[-117.6689,34.42912],[-117.66889,34.42704],[-117.66921,34.42614],[-117.66909,34.42569],[-117.66931,34.42488],[-117.6693,34.4237],[-117.66951,34.42361],[-117.66949,34.42009],[-117.6697,34.41982],[-117.6697,34.41946],[-117.66991,34.41928],[-117.66991,34.41865],[-117.67012,34.41829],[-117.67088,34.41774],[-117.67141,34.41639],[-117.67206,34.41566],[-117.67206,34.41539],[-117.67228,34.41521],[-117.67358,34.41511],[-117.67368,34.41412],[-117.67433,34.41385],[-117.67465,34.41312],[-117.6753,34.41249],[-117.67562,34.41185],[-117.67659,34.41104],[-117.67736,34.41094],[-117.67746,34.41076],[-117.67833,34.41049],[-117.67855,34.41012],[-117.67909,34.40976],[-117.68017,34.40976],[-117.68169,34.40848],[-117.6819,34.40803],[-117.68244,34.40767],[-117.68255,34.40731],[-117.68309,34.40685],[-117.68308,34.40631],[-117.6833,34.40613],[-117.6833,34.40577],[-117.68308,34.40559],[-117.68307,34.4046],[-117.68339,34.40424],[-117.68394,34.40414],[-117.68437,34.40378],[-117.68469,34.40297],[-117.68512,34.4026],[-117.68556,34.40242],[-117.68621,34.40242],[-117.68642,34.40224],[-117.6898,34.40231],[-117.69023,34.40203],[-117.69077,34.40203],[-117.69055,34.40113],[-117.69033,34.40104],[-117.69011,34.40041],[-117.68978,34.40005],[-117.68956,34.40005],[-117.68923,34.39978],[-117.68955,34.39816],[-117.68878,34.3978],[-117.68888,34.39672],[-117.6891,34.39654],[-117.68887,34.39483],[-117.68679,34.39312],[-117.68646,34.39313],[-117.68635,34.39286],[-117.68644,34.3906],[-117.68611,34.39042],[-117.6862,34.38826],[-117.68478,34.387],[-117.68477,34.38673],[-117.68499,34.38664],[-117.68498,34.38574],[-117.68455,34.38547],[-117.68455,34.38529],[-117.68519,34.38484],[-117.68518,34.38285],[-117.68442,34.38268],[-117.68431,34.38286],[-117.68398,34.38286],[-117.68377,34.38304],[-117.68322,34.38304],[-117.68278,34.38278],[-117.68256,34.38206],[-117.68191,34.38215],[-117.68169,34.38197],[-117.67974,34.38252],[-117.67887,34.38253],[-117.67865,34.38235],[-117.67821,34.38235],[-117.67821,34.38199],[-117.67756,34.38181],[-117.67712,34.38146],[-117.67712,34.38127],[-117.67668,34.38119],[-117.6758,34.38038],[-117.67526,34.3802],[-117.67526,34.37993],[-117.67471,34.37948],[-117.67471,34.3793],[-117.67427,34.3794],[-117.67394,34.37913],[-117.67318,34.37913],[-117.67285,34.37877],[-117.67177,34.37878],[-117.67176,34.37851],[-117.67012,34.37716],[-117.66903,34.37708],[-117.66882,34.37708],[-117.66838,34.37754],[-117.66708,34.37745],[-117.6661,34.37764],[-117.666,34.37854],[-117.66568,34.37872],[-117.66568,34.37899],[-117.66514,34.37936],[-117.66514,34.37963],[-117.66492,34.37963],[-117.66481,34.37981],[-117.66384,34.3799],[-117.66319,34.38054],[-117.66243,34.38072],[-117.66265,34.38099],[-117.66287,34.38189],[-117.6632,34.38216],[-117.66396,34.38207],[-117.66419,34.38306],[-117.66386,34.38324],[-117.66386,34.38351],[-117.66408,34.38369],[-117.6642,34.3845],[-117.66475,34.38495],[-117.66475,34.38549],[-117.66497,34.38594],[-117.66574,34.38666],[-117.66574,34.38684],[-117.66552,34.38693],[-117.66553,34.3881],[-117.66489,34.3891],[-117.6649,34.39036],[-117.66577,34.39099],[-117.66577,34.39117],[-117.66621,34.39143],[-117.66632,34.3918],[-117.66676,34.39197],[-117.66731,34.39251],[-117.66774,34.3926],[-117.66807,34.39287],[-117.66851,34.39287],[-117.66927,34.39331],[-117.67003,34.3934],[-117.67047,34.39376],[-117.67037,34.39448],[-117.67015,34.39475],[-117.67027,34.39547],[-117.67049,34.39556],[-117.67049,34.39583],[-117.67104,34.39619],[-117.67104,34.39637],[-117.67147,34.39664],[-117.67137,34.39727],[-117.67115,34.39736],[-117.67116,34.39817],[-117.67138,34.39835],[-117.67127,34.39871],[-117.67193,34.39871],[-117.67204,34.39952],[-117.67226,34.39961],[-117.67227,34.40033],[-117.67194,34.40105],[-117.67206,34.40168],[-117.67065,34.40187],[-117.67,34.40242],[-117.66978,34.40287],[-117.6699,34.40386],[-117.67023,34.40422],[-117.67045,34.40494],[-117.67036,34.40665],[-117.67058,34.40674],[-117.67047,34.40737],[-117.66982,34.40783],[-117.66939,34.40864],[-117.66941,34.41054],[-117.66963,34.41062],[-117.66964,34.41162],[-117.67018,34.41215],[-117.67009,34.41405],[-117.66955,34.41495],[-117.66945,34.41586],[-117.66881,34.41703],[-117.66848,34.41721],[-117.66838,34.41803],[-117.66795,34.41839],[-117.66774,34.41902],[-117.66774,34.4192],[-117.66861,34.41983],[-117.66861,34.42001],[-117.6684,34.42064],[-117.66797,34.42119],[-117.66808,34.42173],[-117.66776,34.42209],[-117.66776,34.42245],[-117.66744,34.42299],[-117.66766,34.42317],[-117.66767,34.42452],[-117.66735,34.42498],[-117.66736,34.42705],[-117.66758,34.42714],[-117.66759,34.42759],[-117.66726,34.42804],[-117.66727,34.42912],[-117.66695,34.42976],[-117.66695,34.4303],[-117.66717,34.43057],[-117.6673,34.43273],[-117.66709,34.43318],[-117.6671,34.43544],[-117.66689,34.43616],[-117.6669,34.43697],[-117.66658,34.43743],[-117.66658,34.43797],[-117.66636,34.43815],[-117.66626,34.43869],[-117.66616,34.43986],[-117.66638,34.43995]]]}},{"type":"Feature","properties":{"id":16,"area_km2":5.918,"T":0.144,"F":0.099,"S":0.26,"p_24":0.144,"threshold_mm_hr":47.236,"thr_min":46.547,"thr_max":56.597,"thr_spread":10.05,"stability":"never","frac_high":0.0,"baer_threshold":53.003,"baer_agreement":"confirms_not_high"},"geometry":{"type":"Polygon","coordinates":[[[-117.78566,34.27502],[-117.78684,34.27411],[-117.7875,34.27402],[-117.7876,34.27384],[-117.78858,34.27356],[-117.78912,34.2732],[-117.78944,34.2732],[-117.78966,34.27292],[-117.79009,34.27274],[-117.79009,34.27256],[-117.79084,34.27201],[-117.79084,34.27183],[-117.79127,34.27147],[-117.79247,34.27119],[-117.79322,34.27047],[-117.79387,34.27019],[-117.79387,34.26992],[-117.79419,34.26974],[-117.79419,34.26947],[-117.7944,34.26929],[-117.7956,34.2691],[-117.79603,34.26864],[-117.79635,34.26864],[-117.79678,34.26801],[-117.79721,34.26791],[-117.79775,34.26728],[-117.79937,34.26655],[-117.8011,34.26518],[-117.80261,34.26454],[-117.80239,34.26391],[-117.80238,34.26319],[-117.80271,34.26292],[-117.8027,34.2622],[-117.80334,34.2612],[-117.80236,34.26058],[-117.80225,34.26022],[-117.80192,34.25995],[-117.80148,34.25977],[-117.80137,34.25914],[-117.80115,34.25905],[-117.80104,34.2586],[-117.80082,34.25842],[-117.80082,34.25815],[-117.80114,34.2577],[-117.80112,34.25626],[-117.8008,34.25608],[-117.80024,34.255],[-117.79959,34.25455],[-117.79914,34.25374],[-117.79882,34.25357],[-117.79881,34.25248],[-117.79859,34.2523],[-117.79848,34.25185],[-117.79856,34.24969],[-117.79878,34.24942],[-117.79909,34.24788],[-117.79952,34.24725],[-117.79951,34.24662],[-117.79973,34.24644],[-117.7996,34.2449],[-117.79894,34.24346],[-117.79904,34.24238],[-117.7986,34.2422],[-117.79838,34.24148],[-117.79816,34.24112],[-117.79772,34.24095],[-117.79772,34.24068],[-117.7975,34.24068],[-117.79684,34.24005],[-117.79619,34.24006],[-117.79586,34.23979],[-117.795,34.23979],[-117.79434,34.23953],[-117.79336,34.23962],[-117.7926,34.23936],[-117.79195,34.23963],[-117.79195,34.23981],[-117.79033,34.24009],[-117.79023,34.24154],[-117.79002,34.24163],[-117.79002,34.24181],[-117.78948,34.24226],[-117.78883,34.24227],[-117.78851,34.24254],[-117.78829,34.24254],[-117.78807,34.2429],[-117.78689,34.2439],[-117.78691,34.2458],[-117.78669,34.24598],[-117.78669,34.24634],[-117.78626,34.24643],[-117.78583,34.2468],[-117.78583,34.24698],[-117.78529,34.24743],[-117.78508,34.24743],[-117.78465,34.24789],[-117.7841,34.24789],[-117.78356,34.24825],[-117.78356,34.24843],[-117.78313,34.24853],[-117.78259,34.24898],[-117.78238,34.24952],[-117.78205,34.24953],[-117.78162,34.24989],[-117.78108,34.25007],[-117.78098,34.25079],[-117.78055,34.25116],[-117.77957,34.25134],[-117.77936,34.25162],[-117.77892,34.25162],[-117.77753,34.25316],[-117.77808,34.25469],[-117.7783,34.25487],[-117.77831,34.25523],[-117.77852,34.25532],[-117.77875,34.25586],[-117.77886,34.25667],[-117.77919,34.25703],[-117.7793,34.25757],[-117.77952,34.25766],[-117.77964,34.25829],[-117.78008,34.25865],[-117.78019,34.2591],[-117.78052,34.25927],[-117.78053,34.26054],[-117.78075,34.26072],[-117.78075,34.26162],[-117.78152,34.26224],[-117.78152,34.26251],[-117.78196,34.26287],[-117.78218,34.26332],[-117.78219,34.26386],[-117.78111,34.26495],[-117.78091,34.26685],[-117.7807,34.26721],[-117.78048,34.2673],[-117.78005,34.26803],[-117.77854,34.26921],[-117.77801,34.2702],[-117.7778,34.27129],[-117.77748,34.27138],[-117.77705,34.27183],[-117.77759,34.27228],[-117.77792,34.27228],[-117.77836,34.27264],[-117.77857,34.27263],[-117.77967,34.27371],[-117.78021,34.27371],[-117.78076,34.27397],[-117.78163,34.27415],[-117.78206,34.27405],[-117.78337,34.2745],[-117.78381,34.27449],[-117.78403,34.27476],[-117.78479,34.27476],[-117.78522,34.27503],[-117.78566,34.27502]]]}},{"type":"Feature","properties":{"id":18,"area_km2":5.653,"T":0.03,"F":0.03,"S":0.339,"p_24":0.118,"threshold_mm_hr":53.9,"thr_min":53.661,"thr_max":57.879,"thr_spread":4.217,"stability":"never","frac_high":0.0,"baer_threshold":55.331,"baer_agreement":"confirms_not_high"},"geometry":{"type":"Polygon","coordinates":[[[-117.72381,34.22048],[-117.7237,34.21967],[-117.72282,34.21896],[-117.72281,34.21805],[-117.72303,34.21778],[-117.72302,34.21706],[-117.72324,34.21688],[-117.72344,34.21489],[-117.72376,34.21471],[-117.72387,34.21426],[-117.72408,34.21417],[-117.72408,34.2139],[-117.72441,34.21363],[-117.7244,34.21345],[-117.72462,34.21344],[-117.72494,34.21317],[-117.72494,34.2129],[-117.72527,34.21263],[-117.72526,34.21146],[-117.72427,34.21101],[-117.72384,34.21056],[-117.72382,34.2084],[-117.72425,34.20795],[-117.72424,34.20731],[-117.72511,34.20722],[-117.72533,34.20695],[-117.72619,34.20676],[-117.7263,34.20631],[-117.72673,34.20604],[-117.72683,34.20549],[-117.72705,34.20549],[-117.72737,34.20513],[-117.72813,34.20513],[-117.72878,34.20485],[-117.7291,34.20395],[-117.72996,34.20367],[-117.73029,34.2034],[-117.73029,34.20322],[-117.73169,34.20267],[-117.73212,34.20195],[-117.73212,34.20168],[-117.73287,34.20113],[-117.73342,34.20104],[-117.73427,34.20004],[-117.73482,34.20004],[-117.73503,34.19985],[-117.73655,34.20003],[-117.73688,34.19984],[-117.73872,34.19974],[-117.73894,34.19929],[-117.73926,34.19902],[-117.73969,34.19892],[-117.74012,34.1982],[-117.74011,34.1973],[-117.73989,34.19703],[-117.74,34.19649],[-117.73967,34.19631],[-117.73956,34.19586],[-117.73826,34.19596],[-117.73793,34.19569],[-117.73467,34.19571],[-117.73434,34.19553],[-117.73359,34.19571],[-117.73163,34.19564],[-117.73163,34.19591],[-117.73131,34.19618],[-117.73121,34.19654],[-117.73034,34.19691],[-117.73013,34.19718],[-117.72828,34.19737],[-117.72807,34.19755],[-117.72666,34.19783],[-117.72612,34.19828],[-117.7259,34.19829],[-117.72569,34.19865],[-117.72493,34.19883],[-117.7245,34.19938],[-117.72363,34.19938],[-117.72298,34.19984],[-117.72136,34.20003],[-117.72093,34.20039],[-117.72017,34.20048],[-117.71995,34.20067],[-117.71974,34.20067],[-117.71941,34.2004],[-117.71865,34.20031],[-117.71713,34.20041],[-117.7168,34.20023],[-117.71593,34.20024],[-117.7155,34.19997],[-117.71441,34.20016],[-117.71278,34.20008],[-117.71256,34.19972],[-117.71083,34.19982],[-117.71028,34.19964],[-117.70942,34.19992],[-117.70822,34.19983],[-117.70812,34.2001],[-117.70693,34.20029],[-117.70682,34.20056],[-117.70574,34.20129],[-117.70466,34.20148],[-117.70444,34.20166],[-117.70379,34.20148],[-117.70379,34.20166],[-117.70303,34.20221],[-117.70315,34.20275],[-117.70282,34.20302],[-117.70272,34.20401],[-117.7024,34.20428],[-117.70207,34.20429],[-117.70197,34.20447],[-117.70142,34.20447],[-117.70088,34.20483],[-117.70046,34.20628],[-117.69981,34.20673],[-117.69982,34.20691],[-117.69852,34.2071],[-117.69743,34.20675],[-117.69602,34.20667],[-117.69602,34.20703],[-117.69537,34.20775],[-117.69495,34.20929],[-117.69528,34.20947],[-117.69539,34.20992],[-117.69572,34.21009],[-117.69572,34.21027],[-117.69615,34.21045],[-117.69638,34.21099],[-117.69714,34.21135],[-117.69714,34.21153],[-117.69823,34.21242],[-117.69824,34.21261],[-117.69944,34.21332],[-117.69944,34.21368],[-117.69966,34.21422],[-117.69988,34.21431],[-117.69988,34.21458],[-117.70075,34.2153],[-117.70097,34.2153],[-117.70185,34.21601],[-117.70217,34.2161],[-117.70217,34.21628],[-117.70272,34.21664],[-117.70283,34.21718],[-117.70316,34.21745],[-117.70349,34.21808],[-117.70382,34.21835],[-117.70404,34.21834],[-117.70436,34.2187],[-117.7048,34.21888],[-117.70589,34.21878],[-117.70654,34.21905],[-117.70697,34.21905],[-117.70741,34.21932],[-117.70817,34.21922],[-117.70882,34.21976],[-117.70926,34.21976],[-117.70969,34.21948],[-117.71088,34.21939],[-117.71175,34.21902],[-117.71273,34.21892],[-117.71273,34.21911],[-117.71295,34.21919],[-117.71306,34.21982],[-117.71458,34.21982],[-117.71545,34.21999],[-117.71567,34.22026],[-117.71664,34.22007],[-117.71708,34.21989],[-117.71729,34.21962],[-117.71827,34.21961],[-117.71892,34.22015],[-117.72023,34.22032],[-117.72034,34.2205],[-117.7212,34.22014],[-117.72229,34.22013],[-117.72273,34.22049],[-117.72381,34.22048]]]}},{"type":"Feature","properties":{"id":20,"area_km2":5.505,"T":0.007,"F":0.006,"S":0.259,"p_24":0.076,"threshold_mm_hr":77.264,"thr_min":76.865,"thr_max":101.121,"thr_spread":24.256,"stability":"never","frac_high":0.0,"baer_threshold":78.288,"baer_agreement":"confirms_not_high"},"geometry":{"type":"Polygon","coordinates":[[[-117.79589,34.3003],[-117.79621,34.30003],[-117.79621,34.29985],[-117.79729,34.29903],[-117.79838,34.29902],[-117.80107,34.29666],[-117.8014,34.29657],[-117.8015,34.2962],[-117.80172,34.29611],[-117.80172,34.29593],[-117.80193,34.29584],[-117.80204,34.29548],[-117.80236,34.2953],[-117.80279,34.29457],[-117.80365,34.29385],[-117.80387,34.29384],[-117.80409,34.29357],[-117.80452,34.29339],[-117.80462,34.29294],[-117.80484,34.29285],[-117.80569,34.29113],[-117.80579,34.28995],[-117.806,34.28968],[-117.80621,34.28869],[-117.80643,34.28851],[-117.80653,34.2876],[-117.80685,34.28742],[-117.80707,34.28706],[-117.80706,34.28652],[-117.80857,34.28534],[-117.80899,34.28425],[-117.80932,34.28407],[-117.80964,34.28353],[-117.80941,34.28253],[-117.80995,34.28208],[-117.80995,34.2819],[-117.81146,34.28072],[-117.81178,34.28017],[-117.81177,34.27945],[-117.8121,34.27918],[-117.8122,34.27837],[-117.81241,34.27801],[-117.81219,34.27756],[-117.81218,34.27674],[-117.81185,34.27657],[-117.81163,34.27594],[-117.81141,34.27585],[-117.81108,34.27531],[-117.81086,34.27531],[-117.81064,34.27504],[-117.80999,34.27478],[-117.80997,34.27315],[-117.81008,34.27261],[-117.81029,34.27261],[-117.81062,34.27225],[-117.81105,34.27215],[-117.81127,34.27188],[-117.8117,34.27179],[-117.81234,34.27115],[-117.81223,34.27079],[-117.81202,34.27079],[-117.81179,34.26962],[-117.81211,34.26935],[-117.81242,34.26754],[-117.81187,34.26737],[-117.81101,34.26746],[-117.80883,34.26712],[-117.8073,34.26577],[-117.80654,34.26569],[-117.80523,34.26498],[-117.80414,34.2648],[-117.80381,34.26463],[-117.80251,34.26454],[-117.8024,34.26472],[-117.8011,34.26518],[-117.79937,34.26655],[-117.79775,34.26728],[-117.79721,34.26791],[-117.79678,34.26801],[-117.79635,34.26864],[-117.79603,34.26864],[-117.7956,34.2691],[-117.7944,34.26929],[-117.79419,34.26947],[-117.79419,34.26974],[-117.79387,34.26992],[-117.79387,34.27019],[-117.79322,34.27047],[-117.79247,34.27119],[-117.79127,34.27147],[-117.79084,34.27183],[-117.79084,34.27201],[-117.79009,34.27256],[-117.79009,34.27274],[-117.78966,34.27292],[-117.78944,34.2732],[-117.78912,34.2732],[-117.78858,34.27356],[-117.7876,34.27384],[-117.7875,34.27402],[-117.78684,34.27411],[-117.78598,34.27484],[-117.78533,34.27503],[-117.78557,34.27737],[-117.7859,34.27764],[-117.78601,34.27827],[-117.787,34.27889],[-117.78732,34.27889],[-117.78766,34.27952],[-117.78766,34.27997],[-117.78831,34.28024],[-117.78887,34.28123],[-117.78941,34.28158],[-117.78941,34.28176],[-117.78985,34.28212],[-117.79007,34.28212],[-117.7904,34.28248],[-117.79105,34.28274],[-117.79194,34.2849],[-117.79392,34.28687],[-117.79316,34.2876],[-117.79274,34.28851],[-117.79308,34.2904],[-117.79298,34.29094],[-117.7932,34.29112],[-117.79342,34.29193],[-117.79386,34.29247],[-117.79397,34.29292],[-117.79485,34.29363],[-117.79553,34.29633],[-117.79556,34.30012],[-117.79589,34.3003]]]}},{"type":"Feature","properties":{"id":22,"area_km2":5.378,"T":0.007,"F":0.0,"S":0.254,"p_24":0.073,"threshold_mm_hr":80.525,"thr_min":79.923,"thr_max":111.481,"thr_spread":31.557,"stability":"never","frac_high":0.0,"baer_threshold":81.483,"baer_agreement":"confirms_not_high"},"geometry":{"type":"MultiPolygon","coordinates":[[[[-117.77759,34.38988],[-117.77694,34.3897],[-117.77628,34.38898],[-117.77573,34.38899],[-117.77475,34.38863],[-117.77398,34.38801],[-117.7729,34.38783],[-117.77257,34.38756],[-117.77159,34.38739],[-117.7706,34.38649],[-117.76973,34.3865],[-117.76874,34.38551],[-117.76809,34.38552],[-117.76754,34.38525],[-117.76558,34.38535],[-117.76405,34.38401],[-117.76329,34.38374],[-117.76306,34.38338],[-117.76263,34.38321],[-117.76252,34.38276],[-117.76175,34.38195],[-117.76175,34.38177],[-117.76076,34.3815],[-117.76065,34.38133],[-117.7587,34.38143],[-117.75837,34.38179],[-117.75794,34.38179],[-117.75772,34.38206],[-117.75685,34.38207],[-117.75653,34.38243],[-117.75403,34.38254],[-117.7536,34.38299],[-117.75229,34.38309],[-117.75219,34.38327],[-117.75175,34.38327],[-117.75142,34.38273],[-117.75032,34.38184],[-117.74956,34.38175],[-117.74901,34.38122],[-117.74858,34.38104],[-117.74879,34.38032],[-117.74911,34.37977],[-117.74954,34.3795],[-117.74997,34.3786],[-117.74985,34.37706],[-117.75071,34.37643],[-117.75093,34.37643],[-117.75091,34.37399],[-117.75166,34.37344],[-117.75243,34.37353],[-117.75242,34.37326],[-117.75264,34.37317],[-117.75264,34.37281],[-117.75285,34.37272],[-117.75285,34.37254],[-117.75436,34.37126],[-117.75512,34.37117],[-117.75545,34.3709],[-117.75588,34.3708],[-117.75718,34.36962],[-117.7575,34.36962],[-117.75945,34.36799],[-117.75955,34.36753],[-117.7602,34.36699],[-117.76019,34.36654],[-117.76084,34.36608],[-117.76084,34.36572],[-117.76116,34.36554],[-117.76115,34.36365],[-117.76147,34.36328],[-117.76147,34.36292],[-117.76211,34.36247],[-117.76211,34.36202],[-117.76233,34.36184],[-117.76254,34.36102],[-117.76275,34.36102],[-117.76319,34.36066],[-117.7635,34.35984],[-117.76469,34.35866],[-117.76622,34.35929],[-117.76752,34.35946],[-117.76763,34.35964],[-117.76818,34.35982],[-117.7684,34.36017],[-117.76873,34.36044],[-117.76895,34.36044],[-117.76928,34.3608],[-117.77167,34.36079],[-117.77265,34.36123],[-117.77244,34.36159],[-117.77245,34.36331],[-117.77356,34.3651],[-117.77356,34.36546],[-117.77378,34.36564],[-117.774,34.36636],[-117.7751,34.36726],[-117.7751,34.36789],[-117.77544,34.36852],[-117.77544,34.36924],[-117.77566,34.36933],[-117.77621,34.37032],[-117.77665,34.37058],[-117.77688,34.3713],[-117.7771,34.37148],[-117.77764,34.37148],[-117.7783,34.37202],[-117.77852,34.37256],[-117.78027,34.3739],[-117.78083,34.37507],[-117.78106,34.37624],[-117.7803,34.37678],[-117.7803,34.37696],[-117.77976,34.37742],[-117.77977,34.37823],[-117.77945,34.37859],[-117.77935,34.37985],[-117.77892,34.38022],[-117.77892,34.38049],[-117.77849,34.38094],[-117.77849,34.38148],[-117.77817,34.38167],[-117.77796,34.38221],[-117.77774,34.3823],[-117.77774,34.38275],[-117.7772,34.38321],[-117.77721,34.38357],[-117.77688,34.38384],[-117.77645,34.38384],[-117.77623,34.3842],[-117.77591,34.38439],[-117.77592,34.38502],[-117.77549,34.38574],[-117.77549,34.3861],[-117.77495,34.38647],[-117.77495,34.38683],[-117.77572,34.38745],[-117.77583,34.3879],[-117.77649,34.38835],[-117.77671,34.38898],[-117.77759,34.38988]]],[[[-117.77759,34.38988],[-117.7777,34.38997],[-117.77759,34.38997],[-117.77759,34.38988]]],[[[-117.77781,34.39005],[-117.7777,34.38997],[-117.77781,34.38996],[-117.77781,34.39005]]],[[[-117.77781,34.39005],[-117.77792,34.39014],[-117.77781,34.39015],[-117.77781,34.39005]]],[[[-117.77803,34.39023],[-117.77792,34.39014],[-117.77803,34.39014],[-117.77803,34.39023]]],[[[-117.77803,34.39023],[-117.77814,34.39032],[-117.77803,34.39032],[-117.77803,34.39023]]],[[[-117.77825,34.39041],[-117.77814,34.39032],[-117.77825,34.39032],[-117.77825,34.39041]]]]}},{"type":"Feature","properties":{"id":23,"area_km2":5.17,"T":0.047,"F":0.062,"S":0.255,"p_24":0.1,"threshold_mm_hr":60.768,"thr_min":57.921,"thr_max":79.292,"thr_spread":21.372,"stability":"never","frac_high":0.0,"baer_threshold":65.049,"baer_agreement":"confirms_not_high"},"geometry":{"type":"Polygon","coordinates":[[[-117.74683,34.41649],[-117.74693,34.41631],[-117.74737,34.41631],[-117.74769,34.41603],[-117.74845,34.41594],[-117.74899,34.41549],[-117.74899,34.4153],[-117.74986,34.41467],[-117.75083,34.41457],[-117.75105,34.41421],[-117.75148,34.41421],[-117.75159,34.41358],[-117.7518,34.41357],[-117.75234,34.41303],[-117.75311,34.41303],[-117.75343,34.4123],[-117.75397,34.41194],[-117.75375,34.41158],[-117.75374,34.41113],[-117.75309,34.41086],[-117.75286,34.41032],[-117.7521,34.41015],[-117.75199,34.40979],[-117.75177,34.4097],[-117.75187,34.40925],[-117.75155,34.40898],[-117.75154,34.4088],[-117.75056,34.40835],[-117.75066,34.40772],[-117.75023,34.40763],[-117.75023,34.40745],[-117.7499,34.40736],[-117.74956,34.40619],[-117.74913,34.40593],[-117.74901,34.40566],[-117.74858,34.40557],[-117.74825,34.4053],[-117.74781,34.4053],[-117.7477,34.40485],[-117.74694,34.40477],[-117.74715,34.40422],[-117.74692,34.40314],[-117.74725,34.40287],[-117.74724,34.40206],[-117.74778,34.40179],[-117.74789,34.40124],[-117.74865,34.40133],[-117.74919,34.40097],[-117.7494,34.40024],[-117.75016,34.3997],[-117.75026,34.39934],[-117.75124,34.39861],[-117.75134,34.39771],[-117.75176,34.39689],[-117.75187,34.39617],[-117.75284,34.39544],[-117.75284,34.39517],[-117.75327,34.3949],[-117.75327,34.39472],[-117.75294,34.39463],[-117.75305,34.39427],[-117.75283,34.39409],[-117.75282,34.39319],[-117.7526,34.3931],[-117.75227,34.39247],[-117.75194,34.39238],[-117.75172,34.39175],[-117.7515,34.39157],[-117.75149,34.39103],[-117.75095,34.39067],[-117.75095,34.39049],[-117.75062,34.39022],[-117.75018,34.39014],[-117.75018,34.38996],[-117.74996,34.38987],[-117.74984,34.38861],[-117.75081,34.38797],[-117.75091,34.38635],[-117.75198,34.38454],[-117.75197,34.38381],[-117.75153,34.38337],[-117.75164,34.383],[-117.75142,34.38292],[-117.75142,34.38273],[-117.75032,34.38184],[-117.74956,34.38175],[-117.74869,34.38104],[-117.74847,34.38113],[-117.74815,34.38167],[-117.74673,34.38168],[-117.74586,34.38097],[-117.74433,34.38079],[-117.74357,34.38098],[-117.74325,34.38134],[-117.7426,34.38162],[-117.74162,34.38162],[-117.74097,34.3819],[-117.7401,34.3819],[-117.73923,34.38182],[-117.73901,34.38164],[-117.73814,34.38155],[-117.73792,34.38137],[-117.73716,34.38147],[-117.73705,34.38165],[-117.73684,34.38165],[-117.73651,34.38129],[-117.73563,34.38103],[-117.73552,34.38085],[-117.73422,34.38077],[-117.734,34.38095],[-117.73402,34.38347],[-117.73382,34.38546],[-117.73361,34.38582],[-117.73361,34.38654],[-117.73383,34.38681],[-117.73396,34.38915],[-117.73364,34.3897],[-117.73332,34.38988],[-117.73332,34.39006],[-117.73246,34.39079],[-117.73202,34.39088],[-117.73181,34.39124],[-117.7304,34.39233],[-117.7304,34.3926],[-117.73019,34.39269],[-117.73009,34.3936],[-117.72955,34.39396],[-117.72955,34.39423],[-117.729,34.39414],[-117.72857,34.39433],[-117.72868,34.39505],[-117.7289,34.39523],[-117.72977,34.39531],[-117.72989,34.39558],[-117.73054,34.39531],[-117.73163,34.39647],[-117.73153,34.39683],[-117.73131,34.39692],[-117.73131,34.3972],[-117.73186,34.39737],[-117.7323,34.39809],[-117.73285,34.39809],[-117.7335,34.39881],[-117.73394,34.39889],[-117.73406,34.39997],[-117.7345,34.40033],[-117.7345,34.40069],[-117.73472,34.40078],[-117.73472,34.40096],[-117.73505,34.40105],[-117.73516,34.40132],[-117.7356,34.40159],[-117.73616,34.40339],[-117.7367,34.40375],[-117.73714,34.40383],[-117.73769,34.40446],[-117.73791,34.40527],[-117.73824,34.40554],[-117.73814,34.40617],[-117.73868,34.40626],[-117.73912,34.40671],[-117.73978,34.40679],[-117.73989,34.40697],[-117.74065,34.40697],[-117.74098,34.40724],[-117.74098,34.40742],[-117.74065,34.4076],[-117.74055,34.40796],[-117.74121,34.40859],[-117.74132,34.40895],[-117.74252,34.40903],[-117.74252,34.40957],[-117.74285,34.41002],[-117.74275,34.41128],[-117.74363,34.41164],[-117.74407,34.412],[-117.74407,34.41299],[-117.74429,34.41317],[-117.7443,34.4138],[-117.74474,34.41434],[-117.74474,34.41479],[-117.74507,34.41506],[-117.7453,34.41596],[-117.74628,34.41622],[-117.7465,34.41649],[-117.74683,34.41649]]]}},{"type":"Feature","properties":{"id":24,"area_km2":5.132,"T":0.779,"F":0.637,"S":0.258,"p_24":0.874,"threshold_mm_hr":15.659,"thr_min":15.464,"thr_max":16.672,"thr_spread":1.208,"stability":"always","frac_high":1.0,"baer_threshold":16.589,"baer_agreement":"confirms_high"},"geometry":{"type":"Polygon","coordinates":[[[-117.6585,34.26739],[-117.65882,34.26711],[-117.65904,34.26711],[-117.65947,34.26675],[-117.65947,34.26657],[-117.66012,34.26639],[-117.66044,34.26548],[-117.66087,34.26521],[-117.66097,34.26467],[-117.6613,34.26439],[-117.66173,34.2643],[-117.66173,34.26403],[-117.66216,34.26367],[-117.6652,34.26374],[-117.66542,34.26356],[-117.66574,34.26356],[-117.66607,34.26329],[-117.66607,34.26311],[-117.6665,34.26274],[-117.66704,34.26265],[-117.6679,34.26174],[-117.66834,34.26156],[-117.66899,34.26156],[-117.67017,34.26047],[-117.67082,34.26019],[-117.67071,34.25983],[-117.67114,34.25947],[-117.67125,34.25911],[-117.67059,34.25866],[-117.67026,34.25731],[-117.66971,34.25686],[-117.6697,34.25596],[-117.67003,34.25569],[-117.67013,34.25524],[-117.67035,34.25515],[-117.67012,34.25371],[-117.67055,34.25298],[-117.67196,34.25297],[-117.67196,34.2527],[-117.67261,34.25225],[-117.67271,34.25189],[-117.67347,34.2517],[-117.67401,34.25134],[-117.67411,34.25044],[-117.67476,34.24989],[-117.67519,34.24908],[-117.67507,34.24845],[-117.67409,34.24773],[-117.67365,34.24701],[-117.67365,34.24674],[-117.67277,34.24603],[-117.67256,34.24603],[-117.67234,34.24567],[-117.67212,34.24567],[-117.67124,34.24486],[-117.67124,34.24468],[-117.67048,34.24414],[-117.67025,34.24324],[-117.6696,34.24262],[-117.66938,34.24208],[-117.6673,34.24037],[-117.66773,34.23947],[-117.66805,34.2392],[-117.66815,34.23866],[-117.66966,34.23729],[-117.66988,34.23666],[-117.66955,34.23639],[-117.66879,34.23622],[-117.66824,34.23568],[-117.66748,34.2355],[-117.66671,34.23488],[-117.66605,34.23389],[-117.6654,34.2338],[-117.66529,34.23362],[-117.66475,34.23362],[-117.66443,34.23399],[-117.66258,34.234],[-117.66247,34.23346],[-117.66159,34.23265],[-117.66116,34.23292],[-117.66105,34.23328],[-117.66073,34.23356],[-117.66019,34.23365],[-117.65976,34.23401],[-117.65976,34.23419],[-117.65889,34.23483],[-117.6589,34.23501],[-117.65803,34.23564],[-117.65814,34.23618],[-117.65663,34.23736],[-117.6562,34.23809],[-117.65588,34.23836],[-117.65566,34.23836],[-117.65567,34.23908],[-117.65589,34.23917],[-117.65589,34.23935],[-117.65567,34.23944],[-117.65525,34.24035],[-117.65526,34.24188],[-117.65493,34.24206],[-117.65461,34.24261],[-117.65461,34.24306],[-117.65483,34.24315],[-117.65506,34.24387],[-117.65538,34.24414],[-117.65539,34.24495],[-117.65409,34.24595],[-117.65323,34.24604],[-117.65247,34.24695],[-117.65237,34.24758],[-117.65215,34.24758],[-117.6514,34.24821],[-117.6514,34.2484],[-117.65107,34.24867],[-117.65075,34.24867],[-117.64978,34.24958],[-117.64902,34.24985],[-117.64924,34.25012],[-117.64914,34.25093],[-117.65001,34.25165],[-117.65013,34.25273],[-117.65122,34.25354],[-117.65133,34.25381],[-117.65179,34.25759],[-117.65354,34.25894],[-117.65354,34.25912],[-117.65409,34.25956],[-117.65431,34.25956],[-117.65562,34.26064],[-117.65563,34.26136],[-117.65584,34.26154],[-117.65585,34.2619],[-117.65629,34.26244],[-117.65629,34.26271],[-117.65651,34.26289],[-117.65651,34.26316],[-117.65684,34.26352],[-117.65695,34.26406],[-117.6575,34.26496],[-117.65762,34.26631],[-117.65795,34.26667],[-117.65817,34.26739],[-117.6585,34.26739]]]}},{"type":"Feature","properties":{"id":25,"area_km2":4.811,"T":0.392,"F":0.282,"S":0.25,"p_24":0.382,"threshold_mm_hr":27.654,"thr_min":26.863,"thr_max":31.875,"thr_spread":5.012,"stability":"never","frac_high":0.0,"baer_threshold":30.445,"baer_agreement":"confirms_not_high"},"geometry":{"type":"Polygon","coordinates":[[[-117.7608,34.36139],[-117.76275,34.36102],[-117.76319,34.36066],[-117.7634,34.36003],[-117.76394,34.35948],[-117.76393,34.3593],[-117.76469,34.35875],[-117.76469,34.35839],[-117.76447,34.35812],[-117.76446,34.3574],[-117.76468,34.35713],[-117.76478,34.35632],[-117.76542,34.3555],[-117.7653,34.35361],[-117.76497,34.35316],[-117.76474,34.35226],[-117.76419,34.35145],[-117.76397,34.35145],[-117.76331,34.35092],[-117.76244,34.35074],[-117.76211,34.35038],[-117.76157,34.3503],[-117.7608,34.34958],[-117.76037,34.34958],[-117.76014,34.34904],[-117.75938,34.3486],[-117.75938,34.34824],[-117.7597,34.34796],[-117.75948,34.34788],[-117.75948,34.34769],[-117.75894,34.34761],[-117.75861,34.34734],[-117.75861,34.34716],[-117.75828,34.34698],[-117.75827,34.34653],[-117.75805,34.34644],[-117.75761,34.34572],[-117.75729,34.34554],[-117.75695,34.34491],[-117.75663,34.34474],[-117.7564,34.34429],[-117.75564,34.34384],[-117.75553,34.34339],[-117.7552,34.34312],[-117.7552,34.34285],[-117.75454,34.3424],[-117.75442,34.34114],[-117.75387,34.34015],[-117.75386,34.33961],[-117.75321,34.33953],[-117.75288,34.33926],[-117.75223,34.33926],[-117.75179,34.33899],[-117.75136,34.33909],[-117.75016,34.33882],[-117.74864,34.33883],[-117.74831,34.33893],[-117.7481,34.3392],[-117.74766,34.33929],[-117.74669,34.34002],[-117.74593,34.3402],[-117.74572,34.34038],[-117.74561,34.3412],[-117.74507,34.34156],[-117.74497,34.34192],[-117.7441,34.34256],[-117.73867,34.34286],[-117.73758,34.3426],[-117.73595,34.34252],[-117.73552,34.34297],[-117.73508,34.34306],[-117.73509,34.34324],[-117.73465,34.34361],[-117.73346,34.34416],[-117.73314,34.34416],[-117.73292,34.34443],[-117.7326,34.34452],[-117.73118,34.34453],[-117.73053,34.34435],[-117.72998,34.344],[-117.72911,34.344],[-117.72879,34.34436],[-117.72835,34.34437],[-117.72748,34.34365],[-117.7276,34.34464],[-117.72793,34.345],[-117.72814,34.345],[-117.72847,34.34536],[-117.72891,34.34545],[-117.72913,34.34572],[-117.73011,34.34598],[-117.73055,34.34643],[-117.73142,34.34651],[-117.73175,34.34678],[-117.73262,34.34705],[-117.73284,34.34741],[-117.73349,34.34767],[-117.73383,34.34884],[-117.73405,34.3492],[-117.73471,34.34965],[-117.73483,34.35181],[-117.73528,34.35253],[-117.73549,34.35262],[-117.73572,34.35415],[-117.73605,34.35442],[-117.73605,34.3546],[-117.73704,34.35523],[-117.73726,34.35568],[-117.73825,34.35648],[-117.73857,34.35648],[-117.73879,34.35675],[-117.73944,34.35675],[-117.73977,34.3571],[-117.74032,34.3571],[-117.74054,34.35728],[-117.74119,34.35737],[-117.74152,34.35763],[-117.74348,34.35771],[-117.74391,34.35798],[-117.74511,34.35806],[-117.74566,34.35833],[-117.74783,34.35823],[-117.7486,34.35867],[-117.75044,34.35866],[-117.75197,34.3591],[-117.75251,34.3591],[-117.75262,34.35928],[-117.75339,34.35946],[-117.75567,34.35953],[-117.75622,34.3598],[-117.75687,34.3598],[-117.75753,34.36051],[-117.7584,34.3606],[-117.75884,34.36105],[-117.75906,34.36104],[-117.75949,34.3614],[-117.7608,34.36139]]]}},{"type":"Feature","properties":{"id":26,"area_km2":4.655,"T":0.063,"F":0.242,"S":0.288,"p_24":0.215,"threshold_mm_hr":37.309,"thr_min":37.183,"thr_max":39.002,"thr_spread":1.82,"stability":"never","frac_high":0.0,"baer_threshold":37.909,"baer_agreement":"confirms_not_high"},"geometry":{"type":"MultiPolygon","coordinates":[[[[-117.65846,34.38769],[-117.65857,34.3876],[-117.65857,34.38769],[-117.65846,34.38769]]],[[[-117.65846,34.38769],[-117.6577,34.38841],[-117.65771,34.38941],[-117.65793,34.38959],[-117.65815,34.3904],[-117.6587,34.39093],[-117.65904,34.3922],[-117.65959,34.39318],[-117.65959,34.39354],[-117.66003,34.39426],[-117.66157,34.39552],[-117.66168,34.39588],[-117.662,34.39606],[-117.66234,34.3966],[-117.66354,34.39749],[-117.66376,34.39749],[-117.66464,34.39884],[-117.66475,34.39929],[-117.66541,34.39992],[-117.66531,34.40091],[-117.66487,34.40109],[-117.66499,34.40154],[-117.66531,34.40172],[-117.66532,34.40298],[-117.66478,34.40335],[-117.66479,34.4038],[-117.66555,34.40433],[-117.66556,34.40488],[-117.66512,34.40524],[-117.66514,34.40677],[-117.66492,34.40686],[-117.66449,34.40759],[-117.66439,34.40894],[-117.66418,34.40966],[-117.66396,34.40984],[-117.66409,34.41219],[-117.66387,34.41246],[-117.66388,34.41372],[-117.66334,34.41418],[-117.66335,34.41481],[-117.66281,34.41517],[-117.6627,34.41562],[-117.66216,34.41617],[-117.66186,34.41869],[-117.66175,34.41905],[-117.66143,34.41933],[-117.66143,34.42005],[-117.66101,34.42122],[-117.66102,34.42276],[-117.66124,34.42284],[-117.66135,34.42402],[-117.66082,34.4251],[-117.66082,34.42582],[-117.66061,34.42637],[-117.65953,34.42718],[-117.65932,34.42818],[-117.65878,34.42854],[-117.65878,34.42881],[-117.65846,34.42899],[-117.65846,34.42917],[-117.65748,34.4299],[-117.65738,34.4308],[-117.65716,34.43098],[-117.65717,34.43125],[-117.65673,34.43153],[-117.65652,34.43216],[-117.65522,34.43316],[-117.65523,34.43361],[-117.65414,34.43443],[-117.65415,34.43479],[-117.65263,34.43597],[-117.65263,34.43507],[-117.65305,34.43434],[-117.65316,34.43353],[-117.6537,34.43272],[-117.65456,34.43208],[-117.65467,34.43172],[-117.65553,34.43108],[-117.65553,34.43045],[-117.65574,34.43018],[-117.65563,34.42973],[-117.65617,34.42873],[-117.65627,34.42792],[-117.65649,34.42774],[-117.65646,34.42413],[-117.65656,34.42323],[-117.65678,34.42296],[-117.65677,34.4217],[-117.65709,34.42142],[-117.6572,34.42097],[-117.65665,34.42025],[-117.65653,34.41944],[-117.6562,34.41926],[-117.65609,34.41899],[-117.65597,34.41773],[-117.65554,34.41746],[-117.65531,34.41702],[-117.65488,34.41684],[-117.65454,34.41603],[-117.65433,34.41603],[-117.654,34.41576],[-117.654,34.41558],[-117.65312,34.41495],[-117.65312,34.41468],[-117.65257,34.41423],[-117.65257,34.41405],[-117.65192,34.4137],[-117.65169,34.41325],[-117.65082,34.41289],[-117.65103,34.41208],[-117.65168,34.41171],[-117.65168,34.41126],[-117.65146,34.41108],[-117.65113,34.41127],[-117.64983,34.41118],[-117.64961,34.411],[-117.64961,34.41055],[-117.64939,34.41037],[-117.64927,34.40992],[-117.64895,34.40965],[-117.64873,34.40966],[-117.64829,34.40921],[-117.64894,34.40857],[-117.64893,34.40767],[-117.64849,34.40686],[-117.64816,34.40668],[-117.64805,34.40605],[-117.64772,34.40551],[-117.6475,34.40542],[-117.64728,34.40479],[-117.64706,34.4047],[-117.64695,34.40434],[-117.64629,34.40399],[-117.64607,34.403],[-117.64552,34.40264],[-117.6453,34.40183],[-117.64528,34.39984],[-117.64549,34.39948],[-117.64549,34.39858],[-117.6457,34.39831],[-117.64579,34.39578],[-117.64612,34.39551],[-117.64612,34.39533],[-117.64687,34.39479],[-117.64708,34.39397],[-117.64784,34.39361],[-117.64784,34.39343],[-117.64827,34.39315],[-117.64838,34.39279],[-117.64935,34.39198],[-117.65011,34.39197],[-117.65044,34.39215],[-117.65197,34.39214],[-117.65273,34.39196],[-117.65327,34.39159],[-117.65414,34.39141],[-117.65489,34.39068],[-117.65511,34.39068],[-117.65576,34.39014],[-117.65586,34.38978],[-117.65662,34.38923],[-117.65662,34.38896],[-117.65705,34.38851],[-117.65716,34.38806],[-117.65748,34.38787],[-117.65802,34.38787],[-117.65824,34.38769],[-117.65846,34.38769]]]]}},{"type":"Feature","properties":{"id":27,"area_km2":4.416,"T":0.803,"F":0.591,"S":0.259,"p_24":0.859,"threshold_mm_hr":16.018,"thr_min":15.759,"thr_max":17.224,"thr_spread":1.465,"stability":"always","frac_high":1.0,"baer_threshold":17.342,"baer_agreement":"confirms_high"},"geometry":{"type":"Polygon","coordinates":[[[-117.71776,34.28716],[-117.71841,34.28689],[-117.71862,34.28662],[-117.71884,34.28662],[-117.71905,34.28616],[-117.7197,34.2858],[-117.721,34.28579],[-117.72144,34.28561],[-117.72263,34.28569],[-117.72285,34.28551],[-117.72393,34.28532],[-117.72469,34.28541],[-117.72588,34.28441],[-117.72632,34.28432],[-117.72664,34.28405],[-117.72772,34.28395],[-117.72837,34.2834],[-117.72837,34.28322],[-117.7288,34.28295],[-117.72879,34.28133],[-117.729,34.28115],[-117.729,34.28088],[-117.72987,34.28033],[-117.72986,34.27961],[-117.73094,34.27879],[-117.73094,34.27861],[-117.73126,34.27834],[-117.73148,34.27834],[-117.73158,34.27797],[-117.7318,34.27788],[-117.7318,34.27743],[-117.73298,34.27634],[-117.73298,34.27616],[-117.73384,34.27544],[-117.73449,34.27525],[-117.73514,34.27471],[-117.73514,34.27453],[-117.73536,34.27443],[-117.73589,34.27362],[-117.73632,34.27253],[-117.73707,34.2719],[-117.73729,34.2719],[-117.73783,34.27144],[-117.73804,34.27099],[-117.73836,34.27072],[-117.73858,34.27072],[-117.73988,34.26954],[-117.74063,34.26944],[-117.74128,34.26899],[-117.74128,34.26881],[-117.74171,34.26844],[-117.74181,34.26763],[-117.74246,34.26718],[-117.74246,34.267],[-117.74268,34.26699],[-117.74311,34.26663],[-117.74343,34.266],[-117.74408,34.26572],[-117.74429,34.265],[-117.74558,34.264],[-117.7458,34.26337],[-117.74633,34.26282],[-117.7459,34.26283],[-117.74546,34.26247],[-117.74546,34.2622],[-117.74502,34.26166],[-117.74426,34.26166],[-117.74393,34.2614],[-117.74339,34.2614],[-117.74306,34.26158],[-117.741,34.2615],[-117.74046,34.26169],[-117.73959,34.26169],[-117.73883,34.26152],[-117.7372,34.26171],[-117.73688,34.26198],[-117.73601,34.26199],[-117.73535,34.26172],[-117.73524,34.26154],[-117.73481,34.26154],[-117.73448,34.26136],[-117.7335,34.26137],[-117.73285,34.26146],[-117.73231,34.26201],[-117.73112,34.26183],[-117.7308,34.2622],[-117.72993,34.2622],[-117.72949,34.26229],[-117.72939,34.26248],[-117.72841,34.2623],[-117.72819,34.26212],[-117.7271,34.26222],[-117.72645,34.26204],[-117.72439,34.26241],[-117.72363,34.26242],[-117.72363,34.26287],[-117.72331,34.2635],[-117.72245,34.26378],[-117.72223,34.26405],[-117.7218,34.26414],[-117.72137,34.26451],[-117.72115,34.26505],[-117.72061,34.26541],[-117.72018,34.26614],[-117.72008,34.26686],[-117.7203,34.26704],[-117.72032,34.26893],[-117.72,34.26984],[-117.71935,34.27056],[-117.71904,34.27174],[-117.71882,34.2721],[-117.71785,34.27282],[-117.71785,34.27309],[-117.71699,34.27373],[-117.71688,34.27409],[-117.71613,34.27464],[-117.71602,34.27509],[-117.71527,34.27564],[-117.71538,34.27654],[-117.71506,34.27708],[-117.71507,34.27753],[-117.7154,34.27843],[-117.71573,34.2787],[-117.71573,34.27942],[-117.71606,34.27978],[-117.7164,34.28059],[-117.7164,34.28122],[-117.71608,34.28185],[-117.71565,34.28213],[-117.71544,34.28285],[-117.71479,34.28375],[-117.7148,34.2843],[-117.71459,34.28475],[-117.71471,34.28628],[-117.71504,34.28691],[-117.71602,34.2869],[-117.71667,34.28717],[-117.71776,34.28716]]]}},{"type":"Feature","properties":{"id":28,"area_km2":4.352,"T":0.014,"F":0.025,"S":0.265,"p_24":0.085,"threshold_mm_hr":69.821,"thr_min":67.589,"thr_max":87.21,"thr_spread":19.621,"stability":"never","frac_high":0.0,"baer_threshold":71.715,"baer_agreement":"confirms_not_high"},"geometry":{"type":"MultiPolygon","coordinates":[[[[-117.68529,34.38348],[-117.68518,34.38339],[-117.68529,34.38339],[-117.68529,34.38348]]],[[[-117.6854,34.38348],[-117.68693,34.38483],[-117.68748,34.38491],[-117.68857,34.38581],[-117.6889,34.38581],[-117.68901,34.38608],[-117.69054,34.38616],[-117.69196,34.38741],[-117.69338,34.38768],[-117.69381,34.3874],[-117.69435,34.38731],[-117.69479,34.38776],[-117.69501,34.38776],[-117.69512,34.38812],[-117.69588,34.38811],[-117.69589,34.38865],[-117.69632,34.38892],[-117.69633,34.3891],[-117.69665,34.38937],[-117.69698,34.38946],[-117.69698,34.38964],[-117.69764,34.39018],[-117.69798,34.39144],[-117.69885,34.39179],[-117.69918,34.39215],[-117.69961,34.39215],[-117.70005,34.39251],[-117.70017,34.39323],[-117.69995,34.39359],[-117.70061,34.39413],[-117.70039,34.39431],[-117.7004,34.39476],[-117.70051,34.39503],[-117.70116,34.39539],[-117.70149,34.39593],[-117.70161,34.39674],[-117.70227,34.39728],[-117.70314,34.39763],[-117.70325,34.39817],[-117.7038,34.39853],[-117.7038,34.39889],[-117.70424,34.39907],[-117.70446,34.39934],[-117.70425,34.39979],[-117.70392,34.39997],[-117.70393,34.40069],[-117.7035,34.40097],[-117.70317,34.40097],[-117.70274,34.40187],[-117.70286,34.40277],[-117.7033,34.40331],[-117.70319,34.40385],[-117.70341,34.40394],[-117.70343,34.40575],[-117.70322,34.40656],[-117.70149,34.40783],[-117.70116,34.40837],[-117.70139,34.40936],[-117.70161,34.40954],[-117.70162,34.41036],[-117.70194,34.41053],[-117.70216,34.41098],[-117.70282,34.41143],[-117.70293,34.41197],[-117.70326,34.41233],[-117.70306,34.4135],[-117.70262,34.41396],[-117.70219,34.41387],[-117.70208,34.41414],[-117.70154,34.41459],[-117.70132,34.4146],[-117.70122,34.41487],[-117.70024,34.41559],[-117.69992,34.41614],[-117.69873,34.41705],[-117.69873,34.41723],[-117.6983,34.4175],[-117.69797,34.4175],[-117.69754,34.41786],[-117.69755,34.41886],[-117.69712,34.41958],[-117.69712,34.41985],[-117.69637,34.42049],[-117.69604,34.42049],[-117.69507,34.4213],[-117.69485,34.42176],[-117.69193,34.42403],[-117.69184,34.4252],[-117.69151,34.42511],[-117.69052,34.42431],[-117.6902,34.42431],[-117.68987,34.42404],[-117.68921,34.42404],[-117.68856,34.4236],[-117.68714,34.4236],[-117.68681,34.42315],[-117.68681,34.42243],[-117.68636,34.42135],[-117.68636,34.42099],[-117.68658,34.42081],[-117.68657,34.42054],[-117.6869,34.42036],[-117.687,34.41964],[-117.68732,34.419],[-117.68732,34.41846],[-117.68699,34.41801],[-117.68742,34.41792],[-117.68786,34.41756],[-117.68785,34.41711],[-117.68741,34.41693],[-117.68676,34.41639],[-117.68665,34.41612],[-117.68664,34.41558],[-117.68697,34.4154],[-117.68696,34.41432],[-117.69096,34.41087],[-117.69117,34.41087],[-117.69171,34.41041],[-117.6928,34.41023],[-117.69323,34.40986],[-117.69345,34.40986],[-117.69345,34.40923],[-117.69322,34.40878],[-117.69322,34.40806],[-117.69289,34.40788],[-117.69278,34.40725],[-117.69277,34.40698],[-117.69331,34.40652],[-117.69331,34.40553],[-117.69243,34.405],[-117.69242,34.40419],[-117.69275,34.404],[-117.69263,34.40256],[-117.69241,34.40247],[-117.69241,34.4022],[-117.69197,34.40193],[-117.69077,34.40203],[-117.69055,34.40113],[-117.69033,34.40104],[-117.69011,34.40041],[-117.68978,34.40005],[-117.68956,34.40005],[-117.68923,34.39978],[-117.68955,34.39816],[-117.68878,34.3978],[-117.68888,34.39672],[-117.6891,34.39654],[-117.68887,34.39483],[-117.68679,34.39312],[-117.68646,34.39313],[-117.68635,34.39286],[-117.68644,34.3906],[-117.68611,34.39042],[-117.6862,34.38826],[-117.68478,34.387],[-117.68477,34.38673],[-117.68499,34.38664],[-117.68498,34.38574],[-117.68455,34.38547],[-117.68455,34.38529],[-117.68519,34.38484],[-117.68519,34.38403],[-117.6854,34.38348]]]]}},{"type":"Feature","properties":{"id":29,"area_km2":4.185,"T":0.492,"F":0.621,"S":0.339,"p_24":0.818,"threshold_mm_hr":16.984,"thr_min":16.959,"thr_max":17.339,"thr_spread":0.38,"stability":"always","frac_high":1.0,"baer_threshold":17.123,"baer_agreement":"confirms_high"},"geometry":{"type":"Polygon","coordinates":[[[-117.75561,34.21903],[-117.75615,34.21866],[-117.75658,34.21866],[-117.7568,34.21848],[-117.75712,34.21857],[-117.75734,34.21839],[-117.75778,34.21856],[-117.75864,34.21856],[-117.75918,34.21792],[-117.76005,34.21774],[-117.76102,34.21692],[-117.76221,34.21709],[-117.76319,34.217],[-117.76372,34.21609],[-117.76459,34.216],[-117.76481,34.21554],[-117.76524,34.21536],[-117.76567,34.21482],[-117.76653,34.21463],[-117.76653,34.21445],[-117.76697,34.21436],[-117.76718,34.214],[-117.76772,34.21381],[-117.76772,34.21345],[-117.76793,34.21327],[-117.76858,34.21318],[-117.76858,34.21282],[-117.76901,34.21263],[-117.76944,34.212],[-117.7703,34.21145],[-117.7703,34.21118],[-117.77052,34.211],[-117.77095,34.211],[-117.77117,34.21064],[-117.7716,34.21054],[-117.7717,34.21],[-117.77203,34.20991],[-117.77213,34.20928],[-117.77278,34.20909],[-117.77321,34.20873],[-117.77331,34.20819],[-117.7731,34.20801],[-117.77179,34.20775],[-117.77124,34.20721],[-117.77103,34.20721],[-117.77048,34.20676],[-117.76983,34.20677],[-117.7695,34.20659],[-117.76928,34.20659],[-117.76918,34.20677],[-117.76853,34.20677],[-117.76809,34.20651],[-117.76755,34.20651],[-117.76722,34.20633],[-117.767,34.20642],[-117.76645,34.20579],[-117.76569,34.20571],[-117.76558,34.20553],[-117.76537,34.20553],[-117.76526,34.20526],[-117.76547,34.20517],[-117.76547,34.2049],[-117.76525,34.20472],[-117.76503,34.20391],[-117.76481,34.20391],[-117.76459,34.20364],[-117.76426,34.20364],[-117.76404,34.20337],[-117.76317,34.20302],[-117.76241,34.20293],[-117.76219,34.20221],[-117.76197,34.20222],[-117.76153,34.20177],[-117.76132,34.20177],[-117.76099,34.2015],[-117.76077,34.20096],[-117.76055,34.20087],[-117.76065,34.1997],[-117.76043,34.19961],[-117.76021,34.19916],[-117.75977,34.1988],[-117.75934,34.1988],[-117.75846,34.19845],[-117.75824,34.19818],[-117.75781,34.19809],[-117.75759,34.19782],[-117.75726,34.19783],[-117.75694,34.19738],[-117.75661,34.19738],[-117.75639,34.1972],[-117.75618,34.19738],[-117.75574,34.19738],[-117.75542,34.19757],[-117.75466,34.19748],[-117.75444,34.19775],[-117.75412,34.19785],[-117.7539,34.19776],[-117.75379,34.19731],[-117.75303,34.1974],[-117.75292,34.19758],[-117.75227,34.19786],[-117.75108,34.19777],[-117.75032,34.19751],[-117.74967,34.19796],[-117.74967,34.19814],[-117.74924,34.19824],[-117.74891,34.19851],[-117.74881,34.19914],[-117.74827,34.19914],[-117.74751,34.19951],[-117.74751,34.19969],[-117.74708,34.19996],[-117.74698,34.20032],[-117.74654,34.2006],[-117.74677,34.20141],[-117.74612,34.2015],[-117.74591,34.20204],[-117.74602,34.20285],[-117.7456,34.20394],[-117.74604,34.20439],[-117.74615,34.20502],[-117.74572,34.2052],[-117.74529,34.20574],[-117.7454,34.20674],[-117.74497,34.20692],[-117.745,34.20971],[-117.74457,34.21008],[-117.74446,34.21044],[-117.74403,34.21071],[-117.74403,34.21134],[-117.74371,34.21162],[-117.74404,34.21198],[-117.74405,34.21279],[-117.74459,34.21314],[-117.74482,34.21468],[-117.7444,34.21549],[-117.74396,34.21558],[-117.74375,34.21585],[-117.74408,34.21612],[-117.74429,34.21612],[-117.74473,34.21657],[-117.74527,34.21666],[-117.7456,34.21702],[-117.74604,34.21719],[-117.74756,34.21727],[-117.74854,34.21754],[-117.74886,34.21736],[-117.7493,34.21735],[-117.74952,34.21753],[-117.75125,34.21743],[-117.75234,34.21797],[-117.75365,34.21796],[-117.75452,34.21867],[-117.75496,34.21876],[-117.75517,34.21903],[-117.75561,34.21903]]]}},{"type":"Feature","properties":{"id":30,"area_km2":4.132,"T":0.126,"F":0.101,"S":0.339,"p_24":0.184,"threshold_mm_hr":40.684,"thr_min":40.414,"thr_max":43.291,"thr_spread":2.877,"stability":"never","frac_high":0.0,"baer_threshold":43.124,"baer_agreement":"confirms_not_high"},"geometry":{"type":"Polygon","coordinates":[[[-117.73164,34.22197],[-117.73305,34.22178],[-117.73338,34.22151],[-117.73392,34.2216],[-117.73446,34.22123],[-117.73489,34.22114],[-117.73521,34.22042],[-117.73597,34.22032],[-117.73597,34.22005],[-117.7364,34.21933],[-117.73661,34.21923],[-117.73672,34.21887],[-117.73791,34.21842],[-117.73834,34.2176],[-117.73953,34.21768],[-117.74029,34.21741],[-117.74072,34.21741],[-117.74137,34.21713],[-117.7418,34.21668],[-117.74234,34.21649],[-117.74266,34.21604],[-117.7431,34.21586],[-117.74364,34.21586],[-117.74396,34.21558],[-117.7444,34.21549],[-117.74482,34.21468],[-117.74482,34.21404],[-117.74459,34.21314],[-117.74405,34.21279],[-117.74404,34.21198],[-117.74371,34.21162],[-117.74403,34.21134],[-117.74403,34.21071],[-117.74446,34.21044],[-117.74457,34.21008],[-117.745,34.20971],[-117.74497,34.20692],[-117.7454,34.20674],[-117.74529,34.20574],[-117.74539,34.20547],[-117.74615,34.20502],[-117.74604,34.20439],[-117.7456,34.20394],[-117.74602,34.20285],[-117.74591,34.20204],[-117.74612,34.2015],[-117.74677,34.20141],[-117.74654,34.2006],[-117.74698,34.20032],[-117.74708,34.19996],[-117.74751,34.19969],[-117.74751,34.19951],[-117.74794,34.19924],[-117.74881,34.19914],[-117.74891,34.19851],[-117.74924,34.19824],[-117.74967,34.19814],[-117.74967,34.19778],[-117.7501,34.19742],[-117.75032,34.19742],[-117.75031,34.19706],[-117.75009,34.19688],[-117.74966,34.1967],[-117.74879,34.19671],[-117.74814,34.19707],[-117.74738,34.19698],[-117.74717,34.19717],[-117.74695,34.19708],[-117.74673,34.19726],[-117.7463,34.19726],[-117.74542,34.19673],[-117.74509,34.19601],[-117.74422,34.19592],[-117.7439,34.19565],[-117.74335,34.19566],[-117.74292,34.19593],[-117.74292,34.19611],[-117.74228,34.19684],[-117.74163,34.19702],[-117.74098,34.19765],[-117.74012,34.19802],[-117.73969,34.19892],[-117.73926,34.19902],[-117.73872,34.19956],[-117.73872,34.19974],[-117.73688,34.19984],[-117.73655,34.20003],[-117.73579,34.20003],[-117.73558,34.19985],[-117.73427,34.20004],[-117.73342,34.20104],[-117.73287,34.20113],[-117.73212,34.20168],[-117.73212,34.20195],[-117.73169,34.20267],[-117.73083,34.20295],[-117.73072,34.20313],[-117.73029,34.20322],[-117.73029,34.2034],[-117.72996,34.20367],[-117.7291,34.20395],[-117.72878,34.20485],[-117.72813,34.20513],[-117.72737,34.20513],[-117.72705,34.20549],[-117.72683,34.20549],[-117.72673,34.20604],[-117.7263,34.20631],[-117.72619,34.20676],[-117.72576,34.20676],[-117.72533,34.20695],[-117.72511,34.20722],[-117.72424,34.20731],[-117.72425,34.20795],[-117.72382,34.2084],[-117.72384,34.21056],[-117.72427,34.21101],[-117.72526,34.21146],[-117.72527,34.21263],[-117.72494,34.2129],[-117.72494,34.21317],[-117.72462,34.21344],[-117.7244,34.21345],[-117.72441,34.21363],[-117.72408,34.2139],[-117.72408,34.21417],[-117.72387,34.21426],[-117.72376,34.21471],[-117.72344,34.21489],[-117.72324,34.21688],[-117.72302,34.21706],[-117.72303,34.21778],[-117.72281,34.21805],[-117.72282,34.21896],[-117.7237,34.21967],[-117.72381,34.22048],[-117.72414,34.22057],[-117.7248,34.22111],[-117.72599,34.2211],[-117.72675,34.22137],[-117.72914,34.22117],[-117.73001,34.22135],[-117.73066,34.22171],[-117.73131,34.2217],[-117.73164,34.22197]]]}},{"type":"Feature","properties":{"id":31,"area_km2":3.741,"T":0.684,"F":0.515,"S":0.245,"p_24":0.76,"threshold_mm_hr":18.21,"thr_min":17.825,"thr_max":20.137,"thr_spread":2.311,"stability":"always","frac_high":1.0,"baer_threshold":19.948,"baer_agreement":"confirms_high"},"geometry":{"type":"Polygon","coordinates":[[[-117.71675,34.30954],[-117.71718,34.30935],[-117.7186,34.30925],[-117.71903,34.30898],[-117.72001,34.30897],[-117.72055,34.30924],[-117.72251,34.30923],[-117.72272,34.30896],[-117.72294,34.30896],[-117.72305,34.30878],[-117.72261,34.30851],[-117.72261,34.30824],[-117.72326,34.3076],[-117.72369,34.30742],[-117.72433,34.30633],[-117.7242,34.30336],[-117.72343,34.303],[-117.72267,34.30301],[-117.72245,34.30283],[-117.72169,34.30265],[-117.72158,34.30247],[-117.72082,34.30221],[-117.72049,34.30176],[-117.7194,34.30131],[-117.71929,34.30095],[-117.71896,34.30077],[-117.71895,34.30014],[-117.71862,34.29978],[-117.71851,34.29888],[-117.71829,34.29852],[-117.71763,34.29826],[-117.71654,34.29727],[-117.71621,34.29718],[-117.71609,34.29619],[-117.71588,34.2961],[-117.71576,34.29556],[-117.71543,34.2952],[-117.71554,34.29466],[-117.7151,34.29394],[-117.71444,34.29332],[-117.71433,34.29278],[-117.71411,34.29269],[-117.71411,34.29233],[-117.71389,34.29206],[-117.71388,34.2917],[-117.71453,34.29115],[-117.71453,34.29097],[-117.71409,34.2907],[-117.71409,34.28989],[-117.71376,34.28971],[-117.71386,34.28935],[-117.71365,34.28926],[-117.71353,34.28854],[-117.71288,34.28827],[-117.71222,34.28774],[-117.71005,34.28784],[-117.7095,34.28748],[-117.70885,34.28749],[-117.7082,34.28812],[-117.70744,34.28822],[-117.70712,34.28858],[-117.7069,34.28858],[-117.70658,34.28885],[-117.70375,34.28887],[-117.70343,34.28923],[-117.70289,34.28932],[-117.70246,34.28969],[-117.70202,34.28969],[-117.7017,34.28987],[-117.70007,34.28979],[-117.69985,34.28997],[-117.69823,34.29043],[-117.6966,34.29035],[-117.69616,34.29072],[-117.69551,34.2909],[-117.69595,34.29126],[-117.69595,34.29144],[-117.69661,34.29189],[-117.69694,34.2927],[-117.69738,34.29278],[-117.69717,34.2945],[-117.69718,34.29558],[-117.6974,34.29576],[-117.69742,34.29756],[-117.69764,34.29846],[-117.69841,34.29927],[-117.69852,34.30026],[-117.69995,34.30125],[-117.70071,34.30142],[-117.70082,34.30178],[-117.70115,34.30205],[-117.70137,34.30205],[-117.70202,34.30277],[-117.70257,34.30285],[-117.70268,34.30312],[-117.70333,34.30366],[-117.70431,34.30366],[-117.70486,34.3041],[-117.70508,34.3041],[-117.70552,34.30473],[-117.70564,34.30608],[-117.7076,34.30706],[-117.70836,34.30715],[-117.70847,34.30733],[-117.70902,34.30751],[-117.70979,34.30831],[-117.71044,34.30858],[-117.7112,34.30858],[-117.71175,34.30893],[-117.71262,34.30884],[-117.71294,34.30866],[-117.71359,34.30865],[-117.71425,34.30883],[-117.71436,34.30901],[-117.71533,34.30909],[-117.71588,34.30945],[-117.71675,34.30954]]]}},{"type":"Feature","properties":{"id":32,"area_km2":3.54,"T":0.842,"F":0.634,"S":0.244,"p_24":0.883,"threshold_mm_hr":15.429,"thr_min":15.181,"thr_max":16.882,"thr_spread":1.702,"stability":"always","frac_high":1.0,"baer_threshold":16.885,"baer_agreement":"confirms_high"},"geometry":{"type":"Polygon","coordinates":[[[-117.75386,34.33961],[-117.75472,34.33817],[-117.75471,34.33762],[-117.75504,34.33726],[-117.75503,34.33645],[-117.75535,34.33582],[-117.75535,34.33537],[-117.75556,34.33527],[-117.75544,34.33329],[-117.75586,34.33212],[-117.75608,34.33193],[-117.75596,34.3313],[-117.75552,34.33049],[-117.75551,34.32977],[-117.75573,34.3295],[-117.75572,34.32896],[-117.75594,34.32869],[-117.75615,34.32761],[-117.75613,34.32544],[-117.75623,34.32517],[-117.75656,34.32499],[-117.75655,34.32454],[-117.75633,34.32346],[-117.756,34.32319],[-117.756,34.32301],[-117.75545,34.32265],[-117.75523,34.3222],[-117.75392,34.32212],[-117.75305,34.32167],[-117.75251,34.32168],[-117.75196,34.32114],[-117.75109,34.32114],[-117.75,34.3207],[-117.74913,34.3207],[-117.74825,34.31999],[-117.74565,34.32027],[-117.74554,34.32046],[-117.74478,34.32055],[-117.74391,34.32019],[-117.74336,34.32029],[-117.74227,34.32002],[-117.7413,34.32012],[-117.74064,34.31985],[-117.73912,34.31977],[-117.73879,34.31959],[-117.73673,34.31952],[-117.73662,34.31934],[-117.73357,34.31954],[-117.73314,34.31981],[-117.73086,34.31973],[-117.73064,34.31991],[-117.72999,34.32001],[-117.72901,34.32001],[-117.72879,34.31983],[-117.7288,34.32002],[-117.72923,34.32028],[-117.72902,34.32101],[-117.72946,34.32172],[-117.73056,34.32235],[-117.73078,34.32307],[-117.73144,34.32361],[-117.73155,34.32451],[-117.73265,34.32549],[-117.73276,34.32585],[-117.73309,34.32612],[-117.7332,34.32666],[-117.73397,34.32702],[-117.73451,34.32756],[-117.73528,34.32782],[-117.73605,34.32863],[-117.73605,34.32971],[-117.73584,34.33052],[-117.73606,34.33061],[-117.73608,34.33215],[-117.73629,34.33224],[-117.73619,34.33296],[-117.73696,34.33322],[-117.73739,34.33367],[-117.73892,34.33375],[-117.73935,34.33393],[-117.73957,34.3342],[-117.74012,34.33429],[-117.74045,34.33455],[-117.7411,34.33473],[-117.74393,34.33471],[-117.74469,34.33525],[-117.74513,34.33525],[-117.74535,34.33543],[-117.74654,34.33542],[-117.7472,34.33569],[-117.74742,34.33614],[-117.74906,34.33739],[-117.74906,34.33766],[-117.7495,34.33811],[-117.74983,34.33883],[-117.75136,34.33909],[-117.75179,34.33899],[-117.75223,34.33926],[-117.75288,34.33926],[-117.75321,34.33953],[-117.75386,34.33961]]]}},{"type":"Feature","properties":{"id":34,"area_km2":3.372,"T":0.005,"F":0.0,"S":0.285,"p_24":0.082,"threshold_mm_hr":72.096,"thr_min":71.944,"thr_max":79.237,"thr_spread":7.293,"stability":"never","frac_high":0.0,"baer_threshold":72.424,"baer_agreement":"confirms_not_high"},"geometry":{"type":"Polygon","coordinates":[[[-117.67855,34.43754],[-117.67941,34.43672],[-117.67941,34.43636],[-117.67974,34.43609],[-117.67973,34.43528],[-117.67951,34.4351],[-117.67916,34.43231],[-117.67937,34.43194],[-117.68025,34.43194],[-117.68046,34.43131],[-117.68078,34.43103],[-117.68122,34.43094],[-117.68143,34.43067],[-117.68164,34.4295],[-117.68218,34.4285],[-117.68195,34.42733],[-117.6826,34.42679],[-117.68313,34.42543],[-117.68335,34.42525],[-117.68443,34.42515],[-117.68519,34.42443],[-117.6853,34.42397],[-117.68594,34.42343],[-117.68638,34.42343],[-117.68681,34.42315],[-117.68681,34.42243],[-117.68659,34.42216],[-117.68636,34.42099],[-117.68658,34.42081],[-117.68657,34.42054],[-117.6869,34.42036],[-117.687,34.41964],[-117.68732,34.419],[-117.68732,34.41846],[-117.68699,34.41801],[-117.68742,34.41792],[-117.68786,34.41756],[-117.68785,34.41711],[-117.68741,34.41693],[-117.68676,34.41639],[-117.68665,34.41612],[-117.68664,34.41558],[-117.68697,34.4154],[-117.68696,34.41432],[-117.69096,34.41087],[-117.69117,34.41087],[-117.69171,34.41041],[-117.6928,34.41023],[-117.69323,34.40986],[-117.69345,34.40986],[-117.69322,34.40806],[-117.69289,34.40788],[-117.69278,34.40725],[-117.69277,34.40698],[-117.69331,34.40652],[-117.69331,34.40553],[-117.69243,34.405],[-117.69242,34.40419],[-117.69275,34.404],[-117.69274,34.40301],[-117.69241,34.4022],[-117.69197,34.40193],[-117.69023,34.40203],[-117.6898,34.40231],[-117.68642,34.40224],[-117.68621,34.40242],[-117.68556,34.40242],[-117.68512,34.4026],[-117.68469,34.40297],[-117.68437,34.40378],[-117.68394,34.40414],[-117.68339,34.40424],[-117.68307,34.4046],[-117.68308,34.40559],[-117.6833,34.40577],[-117.6833,34.40613],[-117.68308,34.40631],[-117.68309,34.40685],[-117.68276,34.40704],[-117.68244,34.40767],[-117.6819,34.40803],[-117.68169,34.40848],[-117.6805,34.40957],[-117.68028,34.40957],[-117.68017,34.40976],[-117.67909,34.40976],[-117.67855,34.41012],[-117.67833,34.41049],[-117.67746,34.41076],[-117.67736,34.41094],[-117.67659,34.41104],[-117.67562,34.41185],[-117.6753,34.41249],[-117.67465,34.41312],[-117.67433,34.41385],[-117.67368,34.41412],[-117.67358,34.41556],[-117.67337,34.41565],[-117.67326,34.4162],[-117.67283,34.41683],[-117.67251,34.41701],[-117.67229,34.41746],[-117.67317,34.41827],[-117.67317,34.41881],[-117.67339,34.41899],[-117.6734,34.42007],[-117.67297,34.42017],[-117.67254,34.42062],[-117.6721,34.42062],[-117.67199,34.42089],[-117.67167,34.42098],[-117.67167,34.42116],[-117.67145,34.42126],[-117.67146,34.42189],[-117.67168,34.42243],[-117.67212,34.42288],[-117.67288,34.42305],[-117.6731,34.42332],[-117.67354,34.4235],[-117.67354,34.42368],[-117.67398,34.42404],[-117.67398,34.42467],[-117.67552,34.42592],[-117.67552,34.4261],[-117.67596,34.42637],[-117.67596,34.42655],[-117.67651,34.427],[-117.67651,34.42727],[-117.67673,34.42745],[-117.67664,34.42961],[-117.67686,34.43015],[-117.67698,34.43178],[-117.67754,34.43322],[-117.67797,34.43376],[-117.67798,34.43457],[-117.6782,34.43475],[-117.6782,34.43529],[-117.67886,34.43573],[-117.67887,34.43655],[-117.67865,34.43664],[-117.67844,34.43709],[-117.67855,34.43754]]]}},{"type":"Feature","properties":{"id":36,"area_km2":3.283,"T":0.841,"F":0.586,"S":0.244,"p_24":0.861,"threshold_mm_hr":15.979,"thr_min":15.758,"thr_max":17.594,"thr_spread":1.835,"stability":"always","frac_high":1.0,"baer_threshold":18.025,"baer_agreement":"confirms_high"},"geometry":{"type":"Polygon","coordinates":[[[-117.6992,34.36862],[-117.70018,34.36816],[-117.7005,34.36762],[-117.7006,34.36662],[-117.70179,34.36562],[-117.70255,34.36544],[-117.70287,34.36508],[-117.7033,34.36489],[-117.70341,34.36435],[-117.70384,34.3639],[-117.70394,34.36354],[-117.70513,34.36272],[-117.70513,34.36254],[-117.70589,34.3619],[-117.70589,34.36172],[-117.70664,34.36118],[-117.70664,34.361],[-117.70729,34.3609],[-117.70848,34.36027],[-117.70935,34.36008],[-117.70988,34.35872],[-117.71042,34.35836],[-117.71053,34.35809],[-117.71118,34.358],[-117.7114,34.35772],[-117.71183,34.35763],[-117.71204,34.35691],[-117.71258,34.35618],[-117.71302,34.35618],[-117.7141,34.35572],[-117.71551,34.35553],[-117.71616,34.35526],[-117.71638,34.35499],[-117.71681,34.3549],[-117.71734,34.35282],[-117.71755,34.35273],[-117.71701,34.35228],[-117.717,34.35174],[-117.71722,34.35156],[-117.71699,34.35057],[-117.71579,34.34976],[-117.71351,34.34978],[-117.71263,34.3496],[-117.71198,34.34924],[-117.71133,34.34916],[-117.71067,34.34889],[-117.71067,34.34835],[-117.71121,34.34789],[-117.71045,34.3479],[-117.71001,34.34817],[-117.70947,34.34827],[-117.70751,34.34828],[-117.70729,34.3481],[-117.70697,34.3481],[-117.70675,34.34774],[-117.70598,34.3472],[-117.70597,34.34639],[-117.70576,34.3463],[-117.70575,34.34513],[-117.70531,34.34468],[-117.70487,34.34468],[-117.70433,34.34496],[-117.70368,34.34496],[-117.70325,34.34542],[-117.70303,34.34542],[-117.70238,34.34596],[-117.70228,34.34659],[-117.70185,34.34723],[-117.70142,34.3475],[-117.70099,34.34858],[-117.69991,34.34949],[-117.69937,34.3495],[-117.69915,34.34986],[-117.69894,34.34986],[-117.69883,34.35004],[-117.69796,34.35014],[-117.69796,34.35041],[-117.69775,34.3505],[-117.69775,34.35095],[-117.69753,34.35104],[-117.69743,34.35194],[-117.69668,34.35285],[-117.69668,34.35375],[-117.69647,34.35438],[-117.69615,34.35465],[-117.69615,34.35538],[-117.69594,34.35556],[-117.69573,34.35628],[-117.69465,34.3571],[-117.69422,34.35782],[-117.69422,34.35809],[-117.69379,34.35846],[-117.69346,34.35846],[-117.69314,34.35873],[-117.69238,34.35891],[-117.69033,34.36064],[-117.69012,34.36172],[-117.6899,34.36208],[-117.68958,34.36227],[-117.68958,34.36281],[-117.6898,34.36281],[-117.69024,34.36317],[-117.69035,34.36362],[-117.6909,34.36397],[-117.6909,34.36415],[-117.69155,34.3646],[-117.69178,34.36505],[-117.69232,34.36541],[-117.69233,34.36577],[-117.69211,34.36577],[-117.69157,34.36667],[-117.69168,34.36703],[-117.69244,34.36703],[-117.69277,34.36667],[-117.6932,34.36667],[-117.69364,34.36693],[-117.69484,34.36693],[-117.69517,34.36729],[-117.69549,34.36728],[-117.69582,34.36764],[-117.69648,34.36782],[-117.69669,34.36809],[-117.69789,34.36817],[-117.69855,34.36844],[-117.69866,34.36862],[-117.6992,34.36862]]]}},{"type":"Feature","properties":{"id":37,"area_km2":3.215,"T":0.831,"F":0.625,"S":0.252,"p_24":0.879,"threshold_mm_hr":15.516,"thr_min":15.324,"thr_max":16.69,"thr_spread":1.366,"stability":"always","frac_high":1.0,"baer_threshold":16.464,"baer_agreement":"confirms_high"},"geometry":{"type":"Polygon","coordinates":[[[-117.69823,34.29043],[-117.69985,34.28997],[-117.70007,34.28979],[-117.7017,34.28987],[-117.70202,34.28969],[-117.70246,34.28969],[-117.70289,34.28932],[-117.70343,34.28923],[-117.70375,34.28887],[-117.70658,34.28885],[-117.7069,34.28858],[-117.70712,34.28858],[-117.70744,34.28822],[-117.7082,34.28812],[-117.70885,34.28749],[-117.7095,34.28748],[-117.71005,34.28784],[-117.71222,34.28774],[-117.71288,34.28827],[-117.71342,34.28836],[-117.71374,34.28818],[-117.71396,34.28764],[-117.71504,34.28691],[-117.71471,34.28628],[-117.71459,34.28538],[-117.71479,34.28375],[-117.71544,34.28285],[-117.71565,34.28213],[-117.71608,34.28185],[-117.7164,34.28122],[-117.7164,34.28059],[-117.71606,34.27978],[-117.71573,34.27942],[-117.71573,34.2787],[-117.7154,34.27843],[-117.71507,34.27753],[-117.71506,34.27708],[-117.71538,34.27654],[-117.71527,34.27582],[-117.71308,34.27402],[-117.71286,34.27367],[-117.71286,34.27303],[-117.71165,34.27214],[-117.71154,34.27169],[-117.71121,34.27151],[-117.71121,34.27115],[-117.71088,34.2707],[-117.71087,34.26908],[-117.7089,34.26756],[-117.70879,34.26683],[-117.70846,34.26666],[-117.70823,34.26558],[-117.70801,34.26549],[-117.70801,34.26477],[-117.70682,34.26567],[-117.70682,34.26594],[-117.70607,34.26649],[-117.70607,34.26676],[-117.70564,34.26703],[-117.70553,34.26785],[-117.70532,34.26803],[-117.70467,34.26803],[-117.7038,34.26876],[-117.70359,34.26921],[-117.70305,34.26957],[-117.70295,34.27002],[-117.70273,34.27021],[-117.70273,34.27057],[-117.70187,34.27129],[-117.70133,34.2722],[-117.70134,34.27247],[-117.70112,34.27256],[-117.7008,34.27319],[-117.70037,34.27356],[-117.69983,34.27374],[-117.69983,34.27392],[-117.6995,34.27419],[-117.69929,34.27419],[-117.69918,34.27447],[-117.69875,34.27474],[-117.69876,34.27591],[-117.69898,34.276],[-117.69899,34.2778],[-117.69889,34.27844],[-117.69846,34.27916],[-117.69824,34.27925],[-117.69859,34.28195],[-117.69838,34.28232],[-117.69828,34.28349],[-117.69763,34.28394],[-117.69763,34.28439],[-117.6972,34.28485],[-117.69721,34.28539],[-117.69689,34.28611],[-117.6969,34.28801],[-117.69658,34.28846],[-117.69648,34.28927],[-117.6966,34.29035],[-117.69823,34.29043]]]}},{"type":"Feature","properties":{"id":38,"area_km2":3.194,"T":0.216,"F":0.3,"S":0.279,"p_24":0.328,"threshold_mm_hr":29.914,"thr_min":29.257,"thr_max":32.331,"thr_spread":3.074,"stability":"never","frac_high":0.0,"baer_threshold":32.372,"baer_agreement":"confirms_not_high"},"geometry":{"type":"Polygon","coordinates":[[[-117.65569,34.43757],[-117.65623,34.43712],[-117.65623,34.43694],[-117.65677,34.43658],[-117.65677,34.43576],[-117.65871,34.43422],[-117.65871,34.43395],[-117.65947,34.43332],[-117.65947,34.43314],[-117.66109,34.43177],[-117.66142,34.43177],[-117.6626,34.43068],[-117.66282,34.43068],[-117.66347,34.43014],[-117.66347,34.42996],[-117.66574,34.42814],[-117.66628,34.42733],[-117.66627,34.42661],[-117.66692,34.4257],[-117.66692,34.42543],[-117.66735,34.42516],[-117.66745,34.4247],[-117.66767,34.42452],[-117.66766,34.42317],[-117.66744,34.42299],[-117.66776,34.42245],[-117.66776,34.42209],[-117.66808,34.42173],[-117.66797,34.42119],[-117.6684,34.42064],[-117.66861,34.42001],[-117.66861,34.41983],[-117.66774,34.4192],[-117.66774,34.41902],[-117.66795,34.41839],[-117.66838,34.41803],[-117.66848,34.41721],[-117.66881,34.41703],[-117.66924,34.41631],[-117.66955,34.41495],[-117.67009,34.41405],[-117.67018,34.41215],[-117.66964,34.41162],[-117.66963,34.41062],[-117.66941,34.41054],[-117.66939,34.40864],[-117.66982,34.40783],[-117.67047,34.40737],[-117.67058,34.40674],[-117.67036,34.40665],[-117.67045,34.40494],[-117.67023,34.40422],[-117.6699,34.40386],[-117.66978,34.40287],[-117.67,34.40242],[-117.67065,34.40187],[-117.67206,34.40168],[-117.67194,34.40105],[-117.67227,34.40033],[-117.67226,34.39961],[-117.67204,34.39952],[-117.67193,34.39871],[-117.67127,34.39871],[-117.67138,34.39835],[-117.67116,34.39817],[-117.67115,34.39736],[-117.67137,34.39727],[-117.67147,34.39664],[-117.67104,34.39637],[-117.67104,34.39619],[-117.67049,34.39583],[-117.67049,34.39556],[-117.67027,34.39547],[-117.67015,34.39475],[-117.67037,34.39448],[-117.67047,34.39376],[-117.67003,34.3934],[-117.66927,34.39331],[-117.66894,34.39304],[-117.66807,34.39287],[-117.66774,34.3926],[-117.66731,34.39251],[-117.66676,34.39197],[-117.66632,34.3918],[-117.66621,34.39143],[-117.66577,34.39117],[-117.66577,34.39099],[-117.6649,34.39036],[-117.66489,34.3891],[-117.66553,34.3881],[-117.66552,34.38693],[-117.66574,34.38684],[-117.66574,34.38666],[-117.66486,34.38576],[-117.66475,34.38495],[-117.6642,34.3845],[-117.66419,34.38405],[-117.66375,34.38306],[-117.66332,34.38288],[-117.66288,34.38289],[-117.66277,34.38316],[-117.66212,34.3837],[-117.6618,34.3837],[-117.6605,34.38479],[-117.65997,34.38588],[-117.66008,34.38642],[-117.65781,34.38823],[-117.65771,34.38941],[-117.65793,34.38959],[-117.65815,34.3904],[-117.6587,34.39093],[-117.65904,34.3922],[-117.66003,34.39426],[-117.66157,34.39552],[-117.66168,34.39588],[-117.662,34.39606],[-117.66234,34.3966],[-117.66354,34.39749],[-117.66376,34.39749],[-117.66464,34.39884],[-117.66475,34.39929],[-117.66541,34.39992],[-117.66531,34.40091],[-117.66487,34.40109],[-117.66499,34.40154],[-117.66531,34.40172],[-117.66532,34.40298],[-117.66478,34.40335],[-117.66479,34.4038],[-117.66555,34.40433],[-117.66556,34.40488],[-117.66512,34.40524],[-117.66514,34.40677],[-117.66492,34.40686],[-117.66449,34.40759],[-117.66439,34.40894],[-117.66418,34.40966],[-117.66396,34.40984],[-117.66409,34.41219],[-117.66387,34.41246],[-117.66388,34.41372],[-117.66334,34.41418],[-117.66335,34.41481],[-117.66281,34.41517],[-117.6627,34.41562],[-117.66216,34.41617],[-117.66186,34.41869],[-117.66175,34.41905],[-117.66143,34.41933],[-117.66143,34.42005],[-117.66101,34.42122],[-117.66102,34.42276],[-117.66124,34.42284],[-117.66135,34.42402],[-117.66082,34.4251],[-117.66082,34.42582],[-117.6605,34.42637],[-117.66061,34.42664],[-117.6604,34.42673],[-117.66018,34.42745],[-117.65997,34.42754],[-117.65987,34.42862],[-117.65965,34.42872],[-117.65965,34.42899],[-117.65944,34.42908],[-117.65922,34.42962],[-117.65879,34.42989],[-117.65881,34.43215],[-117.65859,34.43233],[-117.65859,34.4326],[-117.65643,34.43441],[-117.65643,34.43468],[-117.656,34.43496],[-117.656,34.43523],[-117.65568,34.4355],[-117.65569,34.43757]]]}},{"type":"Feature","properties":{"id":40,"area_km2":3.014,"T":0.008,"F":0.0,"S":0.253,"p_24":0.073,"threshold_mm_hr":80.368,"thr_min":79.672,"thr_max":111.891,"thr_spread":32.219,"stability":"never","frac_high":0.0,"baer_threshold":81.916,"baer_agreement":"confirms_not_high"},"geometry":{"type":"Polygon","coordinates":[[[-117.77256,34.39902],[-117.77299,34.39847],[-117.77332,34.39847],[-117.77397,34.39811],[-117.77407,34.39684],[-117.7745,34.39657],[-117.77449,34.39585],[-117.77471,34.39558],[-117.7747,34.39521],[-117.77503,34.39494],[-117.77503,34.39467],[-117.77589,34.39404],[-117.77599,34.39304],[-117.7775,34.39186],[-117.77771,34.39114],[-117.77793,34.39105],[-117.77738,34.3906],[-117.77737,34.38988],[-117.77694,34.3897],[-117.77628,34.38898],[-117.77573,34.38899],[-117.77475,34.38863],[-117.77377,34.38792],[-117.7729,34.38783],[-117.77257,34.38756],[-117.77159,34.38739],[-117.7706,34.38649],[-117.76973,34.3865],[-117.76874,34.38551],[-117.76809,34.38552],[-117.76754,34.38525],[-117.76558,34.38535],[-117.76405,34.38401],[-117.76329,34.38374],[-117.76306,34.38338],[-117.76263,34.38321],[-117.76252,34.38276],[-117.76175,34.38195],[-117.76175,34.38177],[-117.76076,34.3815],[-117.76065,34.38133],[-117.7587,34.38143],[-117.75837,34.38179],[-117.75794,34.38179],[-117.75772,34.38206],[-117.75685,34.38207],[-117.75653,34.38243],[-117.75403,34.38254],[-117.7536,34.38299],[-117.75153,34.38328],[-117.75175,34.38345],[-117.75176,34.38372],[-117.75197,34.38381],[-117.75198,34.38454],[-117.75166,34.3849],[-117.75155,34.38544],[-117.75101,34.38598],[-117.75081,34.38797],[-117.74984,34.38861],[-117.74996,34.38987],[-117.75018,34.38996],[-117.75018,34.39014],[-117.75062,34.39022],[-117.75095,34.39049],[-117.75095,34.39067],[-117.75149,34.39103],[-117.7515,34.39157],[-117.75172,34.39175],[-117.75172,34.39202],[-117.75282,34.39319],[-117.75283,34.39409],[-117.75305,34.39427],[-117.75294,34.39463],[-117.75316,34.39463],[-117.75349,34.3949],[-117.75425,34.39498],[-117.75436,34.39516],[-117.75501,34.39516],[-117.75501,34.39489],[-117.75544,34.39479],[-117.75588,34.39479],[-117.7561,34.39506],[-117.75664,34.39506],[-117.75697,34.39524],[-117.75741,34.39523],[-117.75751,34.39505],[-117.75871,34.39495],[-117.76045,34.39503],[-117.76067,34.39521],[-117.76154,34.3953],[-117.76165,34.39557],[-117.76231,34.39565],[-117.76329,34.39673],[-117.7646,34.39663],[-117.76493,34.39672],[-117.76504,34.39699],[-117.76558,34.39708],[-117.76591,34.39734],[-117.76667,34.39734],[-117.767,34.39752],[-117.76744,34.39752],[-117.76754,34.39733],[-117.7682,34.39778],[-117.7682,34.39796],[-117.76929,34.39795],[-117.76961,34.39777],[-117.77005,34.39777],[-117.77005,34.39759],[-117.77027,34.39759],[-117.77027,34.39786],[-117.77049,34.39795],[-117.77147,34.39794],[-117.77168,34.39812],[-117.77169,34.39848],[-117.77256,34.39902]]]}},{"type":"Feature","properties":{"id":41,"area_km2":3.009,"T":0.003,"F":0.007,"S":0.258,"p_24":0.075,"threshold_mm_hr":77.873,"thr_min":77.331,"thr_max":102.619,"thr_spread":25.289,"stability":"never","frac_high":0.0,"baer_threshold":78.464,"baer_agreement":"confirms_not_high"},"geometry":{"type":"Polygon","coordinates":[[[-117.64628,34.28919],[-117.64671,34.28882],[-117.6479,34.28846],[-117.64899,34.28854],[-117.64953,34.28836],[-117.65018,34.28835],[-117.65094,34.2879],[-117.65344,34.2877],[-117.65387,34.28707],[-117.65463,34.28689],[-117.65495,34.28607],[-117.65516,34.28598],[-117.65516,34.28553],[-117.65538,34.28544],[-117.65536,34.28255],[-117.65622,34.28201],[-117.65644,34.28201],[-117.65698,34.28155],[-117.65914,34.28064],[-117.65957,34.2801],[-117.65957,34.27983],[-117.65881,34.27956],[-117.65815,34.27902],[-117.65793,34.2783],[-117.65771,34.2783],[-117.65727,34.27776],[-117.65726,34.27623],[-117.65704,34.27605],[-117.65693,34.27542],[-117.6566,34.27542],[-117.65584,34.27489],[-117.65562,34.27489],[-117.65518,34.27426],[-117.65518,34.27363],[-117.65496,34.27327],[-117.65517,34.27272],[-117.65462,34.27156],[-117.65429,34.27138],[-117.65418,34.27111],[-117.65396,34.27111],[-117.65385,34.27075],[-117.65221,34.26949],[-117.65221,34.26931],[-117.65167,34.26896],[-117.65166,34.26878],[-117.65112,34.26833],[-117.6509,34.26833],[-117.64948,34.26707],[-117.64893,34.26708],[-117.64795,34.26636],[-117.64643,34.26628],[-117.6461,34.26574],[-117.64556,34.26565],[-117.64523,34.26538],[-117.64523,34.2652],[-117.64414,34.26449],[-117.64402,34.26413],[-117.64359,34.26386],[-117.64326,34.26386],[-117.64293,34.2635],[-117.64239,34.26332],[-117.64163,34.26333],[-117.6413,34.26297],[-117.64097,34.26297],[-117.64076,34.26279],[-117.63989,34.2628],[-117.63934,34.26262],[-117.63858,34.26199],[-117.63858,34.26172],[-117.63803,34.26136],[-117.63792,34.26109],[-117.63781,34.26172],[-117.63738,34.26227],[-117.63728,34.26308],[-117.63696,34.26371],[-117.63709,34.26642],[-117.63742,34.26669],[-117.63742,34.26741],[-117.63764,34.26759],[-117.63754,34.26831],[-117.63787,34.26867],[-117.63787,34.26903],[-117.63809,34.26921],[-117.6382,34.26966],[-117.63864,34.26993],[-117.63864,34.27011],[-117.63897,34.27029],[-117.63908,34.27074],[-117.6394,34.27091],[-117.63963,34.272],[-117.64007,34.27235],[-117.64028,34.27235],[-117.6404,34.27271],[-117.64061,34.2728],[-117.64084,34.27397],[-117.64106,34.27424],[-117.64106,34.27487],[-117.64205,34.27559],[-117.6426,34.2764],[-117.64281,34.2764],[-117.64336,34.27685],[-117.6438,34.27693],[-117.6438,34.27711],[-117.64402,34.2772],[-117.64402,34.27756],[-117.64456,34.27792],[-117.6449,34.27864],[-117.64533,34.27873],[-117.64555,34.27918],[-117.64599,34.27945],[-117.64654,34.28071],[-117.64666,34.28143],[-117.64687,34.28152],[-117.64689,34.28368],[-117.64678,34.28386],[-117.64657,34.28386],[-117.64635,34.28441],[-117.64559,34.28477],[-117.64549,34.28585],[-117.64562,34.28874],[-117.64628,34.28919]]]}},{"type":"Feature","properties":{"id":42,"area_km2":2.943,"T":0.035,"F":0.058,"S":0.339,"p_24":0.131,"threshold_mm_hr":50.055,"thr_min":49.713,"thr_max":53.367,"thr_spread":3.654,"stability":"never","frac_high":0.0,"baer_threshold":51.0,"baer_agreement":"confirms_not_high"},"geometry":{"type":"Polygon","coordinates":[[[-117.77872,34.22998],[-117.77861,34.22935],[-117.77883,34.22916],[-117.77839,34.22908],[-117.77828,34.2289],[-117.77816,34.22791],[-117.77892,34.22763],[-117.77892,34.22736],[-117.77946,34.22718],[-117.77978,34.22681],[-117.78043,34.22672],[-117.78085,34.22536],[-117.78085,34.22482],[-117.78106,34.22464],[-117.78117,34.22419],[-117.78116,34.22338],[-117.7817,34.22247],[-117.78169,34.2222],[-117.78223,34.22184],[-117.78299,34.22174],[-117.78299,34.22138],[-117.78331,34.2212],[-117.7832,34.22066],[-117.78352,34.22012],[-117.78362,34.21885],[-117.78318,34.21813],[-117.78294,34.2166],[-117.78251,34.21643],[-117.78218,34.21562],[-117.78228,34.21471],[-117.78249,34.21462],[-117.78249,34.21435],[-117.78281,34.21408],[-117.7828,34.213],[-117.78301,34.21227],[-117.78289,34.21029],[-117.78331,34.20957],[-117.7833,34.20821],[-117.78308,34.20776],[-117.78145,34.20814],[-117.78015,34.20796],[-117.77842,34.20879],[-117.77766,34.20834],[-117.7769,34.20834],[-117.77635,34.20817],[-117.77625,34.20835],[-117.77581,34.20844],[-117.77516,34.20818],[-117.77451,34.20818],[-117.77418,34.20782],[-117.77364,34.20782],[-117.77331,34.2081],[-117.77321,34.20873],[-117.77278,34.20909],[-117.77213,34.20928],[-117.77203,34.20991],[-117.7717,34.21],[-117.7716,34.21054],[-117.77117,34.21064],[-117.77095,34.211],[-117.77052,34.211],[-117.7703,34.21118],[-117.7703,34.21145],[-117.76987,34.21164],[-117.76944,34.212],[-117.76923,34.21245],[-117.76858,34.21282],[-117.76858,34.21318],[-117.76793,34.21327],[-117.76772,34.21345],[-117.76761,34.2139],[-117.76718,34.214],[-117.76718,34.21418],[-117.76653,34.21445],[-117.76653,34.21463],[-117.76567,34.21482],[-117.76545,34.21518],[-117.76481,34.21554],[-117.76459,34.216],[-117.76372,34.21609],[-117.7633,34.21691],[-117.76254,34.21718],[-117.76298,34.21781],[-117.76321,34.21871],[-117.76419,34.21952],[-117.76441,34.21988],[-117.76486,34.22123],[-117.76616,34.22158],[-117.76649,34.22203],[-117.76714,34.22211],[-117.76747,34.22247],[-117.76802,34.22265],[-117.76824,34.2231],[-117.76836,34.22418],[-117.76902,34.22535],[-117.77011,34.22534],[-117.77065,34.22552],[-117.77098,34.22588],[-117.77174,34.22614],[-117.77185,34.22641],[-117.77218,34.2265],[-117.7724,34.22677],[-117.77272,34.22677],[-117.77283,34.22695],[-117.77338,34.22712],[-117.77546,34.22883],[-117.77578,34.22882],[-117.77655,34.22918],[-117.77709,34.22918],[-117.77763,34.22944],[-117.77785,34.22935],[-117.77807,34.22962],[-117.7785,34.22962],[-117.77872,34.22998]]]}},{"type":"Feature","properties":{"id":43,"area_km2":2.833,"T":0.933,"F":0.693,"S":0.259,"p_24":0.927,"threshold_mm_hr":14.128,"thr_min":14.099,"thr_max":14.842,"thr_spread":0.743,"stability":"always","frac_high":1.0,"baer_threshold":14.612,"baer_agreement":"confirms_high"},"geometry":{"type":"MultiPolygon","coordinates":[[[[-117.75995,34.25517],[-117.75984,34.25508],[-117.75995,34.25508],[-117.75995,34.25517]]],[[[-117.75995,34.25526],[-117.76006,34.25516],[-117.76006,34.25525],[-117.75995,34.25526]]],[[[-117.76006,34.25525],[-117.76158,34.25543],[-117.76169,34.25524],[-117.76212,34.25524],[-117.76277,34.25497],[-117.76288,34.25479],[-117.76331,34.25469],[-117.76353,34.25442],[-117.76548,34.25432],[-117.76646,34.25404],[-117.76775,34.25322],[-117.76851,34.25295],[-117.76992,34.25294],[-117.77079,34.25275],[-117.77101,34.25302],[-117.77144,34.25302],[-117.77198,34.25275],[-117.77253,34.25274],[-117.77263,34.25256],[-117.77328,34.25229],[-117.77393,34.25219],[-117.77447,34.25183],[-117.77534,34.25182],[-117.77578,34.252],[-117.77644,34.25299],[-117.77753,34.25316],[-117.77808,34.25469],[-117.7783,34.25487],[-117.77831,34.25523],[-117.77852,34.25532],[-117.77875,34.25586],[-117.77886,34.25667],[-117.77919,34.25703],[-117.7793,34.25757],[-117.77952,34.25766],[-117.77964,34.25829],[-117.78008,34.25865],[-117.78019,34.2591],[-117.78052,34.25927],[-117.78053,34.26054],[-117.78075,34.26072],[-117.78075,34.26162],[-117.78152,34.26224],[-117.78152,34.26251],[-117.78196,34.26287],[-117.78218,34.26332],[-117.78219,34.26386],[-117.78111,34.26495],[-117.78091,34.26685],[-117.7807,34.26721],[-117.78048,34.2673],[-117.78005,34.26803],[-117.77854,34.26921],[-117.77801,34.2702],[-117.7778,34.27129],[-117.77748,34.27138],[-117.77683,34.27201],[-117.77661,34.27202],[-117.77618,34.27238],[-117.77586,34.27238],[-117.77465,34.2714],[-117.77433,34.2714],[-117.77389,34.27104],[-117.77291,34.27087],[-117.77269,34.27069],[-117.77204,34.2706],[-117.7716,34.27033],[-117.77084,34.27016],[-117.77073,34.26989],[-117.76974,34.26917],[-117.76931,34.26909],[-117.76865,34.26837],[-117.76811,34.26828],[-117.7681,34.26747],[-117.76712,34.26675],[-117.76656,34.26586],[-117.76645,34.26532],[-117.76612,34.26514],[-117.76612,34.26487],[-117.76579,34.26451],[-117.76534,34.2628],[-117.76512,34.26262],[-117.76414,34.26253],[-117.76316,34.26173],[-117.76305,34.26137],[-117.7613,34.26003],[-117.7613,34.25976],[-117.76042,34.25913],[-117.7604,34.25724],[-117.76007,34.2567],[-117.75985,34.25661],[-117.76006,34.25525]]]]}},{"type":"Feature","properties":{"id":44,"area_km2":2.735,"T":0.153,"F":0.111,"S":0.337,"p_24":0.199,"threshold_mm_hr":38.931,"thr_min":38.354,"thr_max":41.792,"thr_spread":3.437,"stability":"never","frac_high":0.0,"baer_threshold":41.878,"baer_agreement":"confirms_not_high"},"geometry":{"type":"Polygon","coordinates":[[[-117.68612,34.21781],[-117.68623,34.21763],[-117.68753,34.21745],[-117.68937,34.21671],[-117.68936,34.21617],[-117.68968,34.21563],[-117.68968,34.21518],[-117.69,34.21482],[-117.68999,34.21382],[-117.69064,34.21346],[-117.69119,34.21337],[-117.6914,34.21255],[-117.69204,34.21201],[-117.69226,34.21201],[-117.69258,34.21156],[-117.69323,34.21128],[-117.69323,34.21092],[-117.69355,34.21056],[-117.69377,34.21056],[-117.69474,34.20983],[-117.69539,34.20974],[-117.69495,34.20911],[-117.69516,34.20883],[-117.69537,34.20775],[-117.69602,34.20703],[-117.69612,34.20639],[-117.69568,34.20604],[-117.69545,34.2036],[-117.69523,34.20342],[-117.69523,34.20315],[-117.69587,34.20252],[-117.69641,34.20161],[-117.6964,34.20098],[-117.69596,34.20044],[-117.69574,34.19927],[-117.6953,34.19882],[-117.6953,34.19837],[-117.69443,34.19838],[-117.69421,34.19865],[-117.69378,34.19865],[-117.69291,34.19848],[-117.69247,34.19821],[-117.69193,34.19821],[-117.69171,34.19803],[-117.69074,34.19813],[-117.69063,34.19831],[-117.68987,34.19858],[-117.68933,34.19922],[-117.68879,34.19931],[-117.68868,34.19949],[-117.68608,34.19951],[-117.68554,34.19978],[-117.68456,34.19988],[-117.68348,34.20078],[-117.68273,34.20088],[-117.68034,34.20089],[-117.68012,34.20071],[-117.67979,34.20071],[-117.67968,34.20053],[-117.67936,34.20054],[-117.67925,34.20036],[-117.67806,34.20045],[-117.67762,34.20064],[-117.67741,34.201],[-117.67611,34.20155],[-117.67514,34.20227],[-117.67514,34.20281],[-117.67569,34.20272],[-117.6758,34.2029],[-117.67677,34.2029],[-117.67689,34.20425],[-117.67733,34.20434],[-117.67723,34.20605],[-117.67734,34.2065],[-117.67756,34.20668],[-117.67746,34.20731],[-117.67757,34.20767],[-117.67812,34.20821],[-117.67823,34.20893],[-117.67845,34.2092],[-117.67846,34.21073],[-117.6789,34.21118],[-117.67891,34.21199],[-117.67967,34.21262],[-117.68022,34.2128],[-117.68044,34.21343],[-117.68088,34.21379],[-117.6811,34.2146],[-117.68164,34.21477],[-117.68186,34.21522],[-117.68241,34.2154],[-117.68285,34.21576],[-117.68285,34.21603],[-117.68307,34.21621],[-117.68307,34.21675],[-117.68351,34.21711],[-117.68373,34.21711],[-117.68416,34.21746],[-117.68514,34.21764],[-117.68525,34.21782],[-117.68612,34.21781]]]}},{"type":"Feature","properties":{"id":45,"area_km2":2.58,"T":0.748,"F":0.507,"S":0.244,"p_24":0.782,"threshold_mm_hr":17.762,"thr_min":17.299,"thr_max":19.882,"thr_spread":2.583,"stability":"always","frac_high":1.0,"baer_threshold":20.632,"baer_agreement":"confirms_high"},"geometry":{"type":"Polygon","coordinates":[[[-117.68308,34.32479],[-117.68383,34.32451],[-117.68514,34.32433],[-117.68589,34.32378],[-117.68632,34.32306],[-117.68719,34.32251],[-117.68729,34.32206],[-117.68697,34.32188],[-117.68685,34.32152],[-117.68631,34.32098],[-117.6863,34.32017],[-117.68651,34.31972],[-117.68661,34.31855],[-117.68726,34.31809],[-117.68726,34.31791],[-117.68769,34.31755],[-117.68768,34.31619],[-117.68908,34.3151],[-117.68908,34.31483],[-117.68941,34.31465],[-117.68962,34.3142],[-117.69016,34.31375],[-117.69059,34.31365],[-117.69102,34.3132],[-117.69157,34.31302],[-117.69178,34.31256],[-117.6921,34.31229],[-117.69232,34.31229],[-117.6922,34.3113],[-117.69296,34.31075],[-117.69317,34.30985],[-117.69371,34.30949],[-117.69338,34.3094],[-117.69338,34.30922],[-117.69273,34.30868],[-117.6924,34.30868],[-117.69185,34.30815],[-117.69142,34.30806],[-117.69131,34.30788],[-117.69043,34.30752],[-117.68869,34.30726],[-117.68848,34.30744],[-117.68717,34.30763],[-117.68696,34.3079],[-117.68663,34.3079],[-117.6862,34.30836],[-117.68577,34.30854],[-117.68403,34.30891],[-117.68382,34.30909],[-117.68349,34.30909],[-117.68338,34.30927],[-117.68295,34.30928],[-117.68284,34.30946],[-117.68143,34.30947],[-117.68089,34.30965],[-117.68035,34.31019],[-117.67926,34.31029],[-117.67796,34.31084],[-117.67731,34.31084],[-117.67634,34.31121],[-117.67515,34.31221],[-117.67526,34.31257],[-117.67504,34.31266],[-117.67504,34.31284],[-117.67483,34.31302],[-117.67439,34.31302],[-117.67407,34.31357],[-117.67375,34.31375],[-117.67364,34.31411],[-117.67288,34.31447],[-117.67116,34.31602],[-117.67029,34.31611],[-117.67007,34.31638],[-117.66953,34.31648],[-117.66932,34.31684],[-117.6691,34.31684],[-117.66867,34.31729],[-117.66845,34.31729],[-117.66824,34.31766],[-117.66802,34.31766],[-117.66769,34.31793],[-117.66552,34.3183],[-117.66629,34.31866],[-117.66672,34.31866],[-117.66869,34.32045],[-117.66891,34.32045],[-117.66946,34.3209],[-117.67011,34.32107],[-117.67077,34.32179],[-117.6724,34.32196],[-117.67393,34.32249],[-117.6748,34.32258],[-117.67523,34.32294],[-117.67578,34.32302],[-117.67589,34.3232],[-117.67632,34.3232],[-117.67687,34.32392],[-117.67774,34.3241],[-117.67796,34.32428],[-117.68003,34.32408],[-117.68035,34.32426],[-117.68079,34.32426],[-117.68101,34.32444],[-117.68144,34.32444],[-117.68166,34.32462],[-117.6821,34.32461],[-117.68231,34.32479],[-117.68308,34.32479]]]}},{"type":"Feature","properties":{"id":47,"area_km2":2.435,"T":0.0,"F":0.03,"S":0.339,"p_24":0.111,"threshold_mm_hr":56.37,"thr_min":56.278,"thr_max":60.256,"thr_spread":3.978,"stability":"never","frac_high":0.0,"baer_threshold":56.37,"baer_agreement":"confirms_not_high"},"geometry":{"type":"Polygon","coordinates":[[[-117.77853,34.20879],[-117.77864,34.2086],[-117.77918,34.20851],[-117.77929,34.20833],[-117.78015,34.20796],[-117.78145,34.20814],[-117.78243,34.20786],[-117.78297,34.20785],[-117.78308,34.20767],[-117.78406,34.20767],[-117.78459,34.2073],[-117.78481,34.20694],[-117.78513,34.20685],[-117.78513,34.20667],[-117.78545,34.2064],[-117.78643,34.2063],[-117.78697,34.20585],[-117.78762,34.20557],[-117.78761,34.20494],[-117.78804,34.20413],[-117.78792,34.20322],[-117.78825,34.20304],[-117.78856,34.20214],[-117.78878,34.20196],[-117.78866,34.20124],[-117.78844,34.20106],[-117.78844,34.20042],[-117.78789,34.19953],[-117.78821,34.19916],[-117.78843,34.19916],[-117.78853,34.19844],[-117.78972,34.19816],[-117.78972,34.19798],[-117.78993,34.19789],[-117.78993,34.19717],[-117.79014,34.19699],[-117.79025,34.19636],[-117.79046,34.19617],[-117.7909,34.19617],[-117.79176,34.19553],[-117.79186,34.19445],[-117.79218,34.19427],[-117.79239,34.19391],[-117.79239,34.19364],[-117.79075,34.19247],[-117.79053,34.19184],[-117.78944,34.1914],[-117.78911,34.1905],[-117.78834,34.18996],[-117.78834,34.18951],[-117.7879,34.18934],[-117.78725,34.18934],[-117.78681,34.18898],[-117.7867,34.18826],[-117.78637,34.18808],[-117.78528,34.188],[-117.78518,34.18836],[-117.78432,34.18891],[-117.78401,34.19053],[-117.78368,34.19072],[-117.78368,34.1909],[-117.78271,34.19099],[-117.78271,34.19126],[-117.78249,34.19135],[-117.78228,34.19181],[-117.78163,34.1919],[-117.78142,34.19226],[-117.78066,34.19227],[-117.78012,34.19254],[-117.77979,34.19254],[-117.77925,34.19291],[-117.77904,34.19327],[-117.77839,34.19336],[-117.77797,34.19481],[-117.77743,34.19517],[-117.77732,34.19545],[-117.77635,34.19554],[-117.77603,34.19618],[-117.77582,34.19744],[-117.7756,34.19753],[-117.77561,34.19771],[-117.77485,34.19808],[-117.77452,34.19808],[-117.7741,34.19898],[-117.77367,34.19908],[-117.77334,34.19953],[-117.77358,34.20133],[-117.77379,34.20133],[-117.77423,34.20169],[-117.77413,34.20223],[-117.77391,34.20232],[-117.77403,34.20295],[-117.77381,34.20331],[-117.77458,34.20376],[-117.77436,34.20412],[-117.77447,34.20448],[-117.77415,34.20466],[-117.77415,34.20503],[-117.77383,34.20539],[-117.77384,34.20593],[-117.77362,34.20611],[-117.77331,34.20747],[-117.77364,34.20782],[-117.77418,34.20782],[-117.77451,34.20818],[-117.77516,34.20818],[-117.77581,34.20844],[-117.77625,34.20835],[-117.77635,34.20817],[-117.7769,34.20834],[-117.77766,34.20834],[-117.77853,34.20879]]]}},{"type":"Feature","properties":{"id":48,"area_km2":2.387,"T":0.834,"F":0.624,"S":0.248,"p_24":0.878,"threshold_mm_hr":15.553,"thr_min":15.259,"thr_max":17.088,"thr_spread":1.829,"stability":"always","frac_high":1.0,"baer_threshold":17.334,"baer_agreement":"confirms_high"},"geometry":{"type":"Polygon","coordinates":[[[-117.75523,34.3222],[-117.75565,34.32112],[-117.75565,34.32048],[-117.75596,34.3194],[-117.75595,34.31814],[-117.75573,34.31787],[-117.75573,34.31706],[-117.75551,34.31688],[-117.75539,34.31625],[-117.75582,34.31579],[-117.75582,34.31534],[-117.75668,34.31489],[-117.75668,34.31425],[-117.75722,34.3138],[-117.75721,34.31272],[-117.75763,34.31172],[-117.7573,34.31055],[-117.75708,34.31037],[-117.7575,34.30902],[-117.75728,34.30848],[-117.75727,34.30731],[-117.75705,34.30713],[-117.75694,34.30668],[-117.75639,34.30623],[-117.75627,34.30542],[-117.75595,34.30524],[-117.75594,34.30479],[-117.75507,34.30416],[-117.75507,34.30398],[-117.75463,34.30363],[-117.75224,34.30364],[-117.75147,34.30292],[-117.75049,34.30275],[-117.74983,34.30221],[-117.74983,34.30194],[-117.74863,34.30096],[-117.74819,34.30096],[-117.74797,34.30078],[-117.74798,34.30123],[-117.74636,34.3025],[-117.74636,34.30268],[-117.74506,34.30368],[-117.74507,34.30387],[-117.74151,34.30677],[-117.7414,34.30731],[-117.74239,34.30803],[-117.74229,34.30929],[-117.74186,34.30957],[-117.74186,34.30984],[-117.74164,34.30993],[-117.74165,34.31119],[-117.74187,34.31128],[-117.74187,34.31164],[-117.74209,34.31191],[-117.74188,34.31272],[-117.742,34.31407],[-117.74332,34.31524],[-117.74354,34.31524],[-117.7443,34.31586],[-117.74453,34.31649],[-117.74573,34.31739],[-117.74573,34.31757],[-117.74606,34.31784],[-117.74628,34.31784],[-117.74661,34.3181],[-117.74661,34.31828],[-117.74715,34.31864],[-117.74737,34.31909],[-117.74759,34.31909],[-117.74759,34.31927],[-117.74803,34.31954],[-117.74825,34.32008],[-117.74858,34.32017],[-117.74913,34.3207],[-117.75,34.3207],[-117.75109,34.32114],[-117.75196,34.32114],[-117.75251,34.32168],[-117.75305,34.32167],[-117.75392,34.32212],[-117.75523,34.3222]]]}},{"type":"Feature","properties":{"id":49,"area_km2":2.337,"T":0.236,"F":0.219,"S":0.244,"p_24":0.242,"threshold_mm_hr":35.035,"thr_min":32.96,"thr_max":43.761,"thr_spread":10.801,"stability":"never","frac_high":0.0,"baer_threshold":41.265,"baer_agreement":"confirms_not_high"},"geometry":{"type":"Polygon","coordinates":[[[-117.66552,34.31839],[-117.66607,34.3183],[-117.66628,34.31812],[-117.66704,34.31811],[-117.66769,34.31793],[-117.66802,34.31766],[-117.66824,34.31766],[-117.66845,34.31729],[-117.66867,34.31729],[-117.6691,34.31684],[-117.66932,34.31684],[-117.66953,34.31648],[-117.67007,34.31638],[-117.67029,34.31611],[-117.67116,34.31602],[-117.67288,34.31447],[-117.67364,34.31411],[-117.67375,34.31375],[-117.67407,34.31357],[-117.67439,34.31302],[-117.67483,34.31302],[-117.67504,34.31284],[-117.67504,34.31266],[-117.67526,34.31257],[-117.67514,34.31158],[-117.67547,34.31103],[-117.67546,34.31058],[-117.67579,34.31031],[-117.67578,34.31004],[-117.67621,34.30959],[-117.67643,34.30904],[-117.67631,34.30787],[-117.67609,34.30769],[-117.67609,34.30742],[-117.67587,34.30733],[-117.67597,34.3058],[-117.67629,34.30562],[-117.67521,34.30571],[-117.6751,34.30589],[-117.67336,34.3059],[-117.67239,34.30681],[-117.67239,34.30699],[-117.67142,34.30745],[-117.67088,34.30799],[-117.66924,34.30674],[-117.66902,34.30674],[-117.66803,34.30584],[-117.66629,34.30585],[-117.66608,34.30612],[-117.66532,34.30649],[-117.66402,34.3065],[-117.66228,34.30696],[-117.66076,34.30678],[-117.66,34.30715],[-117.65925,34.30778],[-117.6587,34.30788],[-117.65849,34.30815],[-117.65751,34.30815],[-117.65675,34.30843],[-117.65545,34.30844],[-117.65545,34.30862],[-117.65372,34.30935],[-117.65307,34.30989],[-117.65275,34.31061],[-117.65199,34.31116],[-117.65178,34.31161],[-117.65145,34.31179],[-117.65145,34.31197],[-117.65113,34.31216],[-117.65113,34.31234],[-117.6507,34.31261],[-117.65048,34.31297],[-117.65016,34.31378],[-117.65148,34.31477],[-117.6517,34.31549],[-117.65268,34.31621],[-117.65268,34.31639],[-117.65334,34.31701],[-117.65421,34.31701],[-117.65443,34.31728],[-117.65476,34.31737],[-117.65562,34.31718],[-117.65639,34.31718],[-117.65693,34.31736],[-117.65813,34.31735],[-117.65899,34.31707],[-117.6603,34.31716],[-117.66073,34.31734],[-117.66117,34.31778],[-117.66182,34.31787],[-117.66194,34.31805],[-117.66215,34.31787],[-117.6628,34.31787],[-117.66368,34.31822],[-117.66552,34.31839]]]}},{"type":"Feature","properties":{"id":50,"area_km2":2.269,"T":0.0,"F":0.027,"S":0.339,"p_24":0.11,"threshold_mm_hr":56.778,"thr_min":56.718,"thr_max":60.737,"thr_spread":4.018,"stability":"never","frac_high":0.0,"baer_threshold":56.79,"baer_agreement":"confirms_not_high"},"geometry":{"type":"Polygon","coordinates":[[[-117.77251,34.2035],[-117.77338,34.20323],[-117.77392,34.20322],[-117.77391,34.20232],[-117.77413,34.20223],[-117.77423,34.20169],[-117.77379,34.20133],[-117.77358,34.20133],[-117.77334,34.19953],[-117.77367,34.19908],[-117.7741,34.19898],[-117.77442,34.19817],[-117.7755,34.1978],[-117.77582,34.19744],[-117.77603,34.19618],[-117.77635,34.19554],[-117.77732,34.19545],[-117.77743,34.19517],[-117.77797,34.19481],[-117.7785,34.19327],[-117.77904,34.19327],[-117.77925,34.19291],[-117.77979,34.19254],[-117.78012,34.19254],[-117.78066,34.19227],[-117.78142,34.19226],[-117.78163,34.1919],[-117.78228,34.19181],[-117.78228,34.19163],[-117.78271,34.19126],[-117.78271,34.19099],[-117.78368,34.1909],[-117.78368,34.19072],[-117.78401,34.19053],[-117.78421,34.18909],[-117.78518,34.18836],[-117.78528,34.18764],[-117.7855,34.18737],[-117.78549,34.18683],[-117.78516,34.18629],[-117.78473,34.18638],[-117.78397,34.18702],[-117.78343,34.18711],[-117.78311,34.18747],[-117.78213,34.18757],[-117.78148,34.18739],[-117.78126,34.18712],[-117.78083,34.18704],[-117.78072,34.18677],[-117.78039,34.18668],[-117.78039,34.1865],[-117.78006,34.18641],[-117.77995,34.18587],[-117.77843,34.18588],[-117.77799,34.18543],[-117.77766,34.18543],[-117.77679,34.18508],[-117.77537,34.18391],[-117.7745,34.18374],[-117.7733,34.18285],[-117.77287,34.18285],[-117.77276,34.18303],[-117.77179,34.1834],[-117.77059,34.18331],[-117.76909,34.18531],[-117.76833,34.1854],[-117.768,34.18513],[-117.76768,34.18514],[-117.76714,34.18568],[-117.76671,34.18577],[-117.76649,34.18604],[-117.76595,34.18614],[-117.76552,34.18659],[-117.7652,34.18668],[-117.76553,34.18776],[-117.76586,34.18794],[-117.76608,34.1883],[-117.7663,34.1883],[-117.76695,34.18884],[-117.76695,34.1892],[-117.76674,34.18938],[-117.76696,34.18992],[-117.76686,34.19055],[-117.76664,34.19064],[-117.76664,34.19082],[-117.76708,34.19127],[-117.7672,34.19217],[-117.76709,34.19253],[-117.76634,34.19272],[-117.76623,34.19299],[-117.76601,34.19299],[-117.76601,34.19317],[-117.7658,34.19326],[-117.7658,34.19353],[-117.76548,34.19372],[-117.76559,34.19399],[-117.76591,34.19398],[-117.76603,34.19461],[-117.7657,34.19489],[-117.76582,34.19579],[-117.76539,34.19606],[-117.76506,34.19606],[-117.76507,34.19715],[-117.76551,34.19759],[-117.76574,34.19831],[-117.76628,34.19876],[-117.76628,34.19903],[-117.76672,34.19921],[-117.76705,34.20002],[-117.76836,34.20001],[-117.76847,34.20019],[-117.76923,34.20028],[-117.76934,34.20091],[-117.76913,34.20136],[-117.76934,34.20136],[-117.76957,34.20181],[-117.77,34.20208],[-117.77001,34.2028],[-117.77023,34.20298],[-117.77099,34.20306],[-117.7711,34.20324],[-117.77251,34.2035]]]}},{"type":"Feature","properties":{"id":51,"area_km2":2.265,"T":0.002,"F":0.0,"S":0.259,"p_24":0.073,"threshold_mm_hr":79.699,"thr_min":79.502,"thr_max":104.903,"thr_spread":25.401,"stability":"never","frac_high":0.0,"baer_threshold":80.145,"baer_agreement":"confirms_not_high"},"geometry":{"type":"Polygon","coordinates":[[[-117.79752,34.33465],[-117.79828,34.33446],[-117.79827,34.33401],[-117.79783,34.33329],[-117.79761,34.3332],[-117.79739,34.33266],[-117.79673,34.33213],[-117.79651,34.33168],[-117.79597,34.33123],[-117.79553,34.33114],[-117.79465,34.33043],[-117.79465,34.3298],[-117.79442,34.32926],[-117.79409,34.32872],[-117.79333,34.32809],[-117.79288,34.32683],[-117.79266,34.32683],[-117.79233,34.32656],[-117.79233,34.32638],[-117.792,34.32612],[-117.79179,34.32612],[-117.79188,34.32485],[-117.79166,34.32404],[-117.79144,34.32405],[-117.78969,34.32261],[-117.78936,34.32189],[-117.78903,34.32172],[-117.78858,34.3201],[-117.78825,34.32001],[-117.78814,34.31956],[-117.78792,34.31956],[-117.78737,34.31911],[-117.78737,34.31893],[-117.78661,34.31894],[-117.78639,34.31912],[-117.7864,34.31939],[-117.78543,34.32021],[-117.78543,34.32039],[-117.78445,34.32084],[-117.78446,34.32157],[-117.78392,34.32175],[-117.78371,34.32211],[-117.78251,34.32203],[-117.7824,34.32221],[-117.78208,34.32221],[-117.78142,34.32186],[-117.78099,34.32186],[-117.78098,34.32168],[-117.78055,34.32132],[-117.78054,34.32105],[-117.78021,34.32078],[-117.78,34.32078],[-117.77934,34.32006],[-117.7789,34.32007],[-117.7788,34.32025],[-117.77825,34.32034],[-117.77804,34.32016],[-117.77727,34.32017],[-117.77662,34.3199],[-117.77651,34.31972],[-117.77542,34.31982],[-117.77521,34.32054],[-117.77403,34.32154],[-117.77338,34.32173],[-117.77305,34.32209],[-117.77251,34.32218],[-117.771,34.32345],[-117.771,34.32372],[-117.77166,34.32381],[-117.77177,34.32417],[-117.77199,34.32426],[-117.7721,34.32462],[-117.77265,34.32516],[-117.77341,34.32533],[-117.77341,34.32587],[-117.77374,34.32614],[-117.77418,34.32632],[-117.77472,34.32632],[-117.77483,34.3265],[-117.7757,34.32676],[-117.77636,34.3273],[-117.77636,34.32748],[-117.7768,34.32775],[-117.77691,34.3282],[-117.77823,34.32918],[-117.77823,34.32954],[-117.77856,34.32981],[-117.77856,34.32999],[-117.77944,34.33062],[-117.77977,34.33115],[-117.78042,34.33169],[-117.78064,34.33169],[-117.78064,34.33187],[-117.78119,34.33241],[-117.78163,34.33241],[-117.78163,34.33259],[-117.78271,34.33249],[-117.78326,34.33285],[-117.78381,34.33284],[-117.78468,34.3332],[-117.78729,34.33318],[-117.78827,34.33335],[-117.78849,34.33353],[-117.79099,34.33388],[-117.79132,34.33406],[-117.79284,34.33405],[-117.79306,34.33432],[-117.79415,34.33449],[-117.79632,34.33438],[-117.79752,34.33465]]]}},{"type":"Feature","properties":{"id":52,"area_km2":2.196,"T":0.087,"F":0.079,"S":0.259,"p_24":0.118,"threshold_mm_hr":53.839,"thr_min":50.496,"thr_max":68.813,"thr_spread":18.317,"stability":"never","frac_high":0.0,"baer_threshold":61.031,"baer_agreement":"confirms_not_high"},"geometry":{"type":"Polygon","coordinates":[[[-117.70446,34.39907],[-117.70457,34.39889],[-117.70522,34.39888],[-117.70565,34.3987],[-117.70641,34.39806],[-117.70641,34.39788],[-117.70727,34.39734],[-117.70804,34.39751],[-117.70901,34.39742],[-117.70912,34.3976],[-117.70999,34.39759],[-117.71021,34.39768],[-117.71033,34.3984],[-117.71087,34.39831],[-117.71131,34.39849],[-117.71185,34.39848],[-117.71413,34.3982],[-117.71446,34.39793],[-117.71456,34.39756],[-117.71521,34.39702],[-117.71543,34.39702],[-117.7164,34.3962],[-117.7164,34.39602],[-117.71694,34.39593],[-117.71596,34.39512],[-117.71563,34.39512],[-117.7153,34.39486],[-117.71508,34.39486],[-117.71486,34.3945],[-117.71443,34.39423],[-117.7142,34.39342],[-117.71333,34.39315],[-117.71245,34.39244],[-117.71213,34.39244],[-117.71158,34.39181],[-117.71136,34.39181],[-117.71081,34.39127],[-117.71059,34.39128],[-117.71048,34.39083],[-117.70972,34.39083],[-117.70851,34.38975],[-117.70732,34.38976],[-117.70698,34.38886],[-117.70644,34.3885],[-117.70643,34.38796],[-117.70578,34.38779],[-117.70479,34.38698],[-117.70403,34.38662],[-117.70392,34.38617],[-117.70304,34.38537],[-117.70292,34.3842],[-117.70226,34.38393],[-117.7015,34.3833],[-117.70062,34.38295],[-117.69921,34.38286],[-117.69856,34.3826],[-117.69812,34.38215],[-117.69768,34.38215],[-117.69724,34.38188],[-117.6967,34.38189],[-117.69659,34.38171],[-117.69572,34.3818],[-117.6954,34.38216],[-117.69507,34.38217],[-117.69464,34.38262],[-117.69301,34.38254],[-117.69289,34.38209],[-117.69126,34.38201],[-117.69115,34.38183],[-117.69072,34.38174],[-117.6906,34.38138],[-117.68963,34.38148],[-117.68941,34.38166],[-117.68876,34.38166],[-117.68865,34.38184],[-117.68767,34.38203],[-117.68746,34.3823],[-117.68659,34.38257],[-117.68648,34.38276],[-117.68518,34.38276],[-117.68518,34.38339],[-117.68693,34.38483],[-117.68748,34.38491],[-117.68857,34.38581],[-117.6889,34.38581],[-117.68901,34.38608],[-117.69054,34.38616],[-117.69196,34.38741],[-117.69338,34.38768],[-117.69381,34.3874],[-117.69435,34.38731],[-117.69479,34.38776],[-117.69501,34.38776],[-117.69512,34.38812],[-117.69588,34.38811],[-117.69589,34.38865],[-117.69632,34.38892],[-117.69633,34.3891],[-117.69665,34.38937],[-117.69698,34.38946],[-117.69698,34.38964],[-117.69764,34.39018],[-117.69798,34.39144],[-117.69885,34.39179],[-117.69918,34.39215],[-117.69961,34.39215],[-117.70005,34.39251],[-117.70017,34.39323],[-117.69995,34.39359],[-117.70061,34.39413],[-117.70039,34.39431],[-117.7004,34.39476],[-117.70051,34.39503],[-117.70116,34.39539],[-117.70149,34.39593],[-117.70161,34.39674],[-117.70227,34.39728],[-117.70303,34.39754],[-117.70325,34.39781],[-117.70325,34.39817],[-117.7038,34.39853],[-117.7038,34.39889],[-117.70402,34.39907],[-117.70446,34.39907]]]}},{"type":"Feature","properties":{"id":54,"area_km2":2.092,"T":0.002,"F":0.026,"S":0.293,"p_24":0.092,"threshold_mm_hr":65.0,"thr_min":64.682,"thr_max":76.009,"thr_spread":11.327,"stability":"never","frac_high":0.0,"baer_threshold":65.068,"baer_agreement":"confirms_not_high"},"geometry":{"type":"MultiPolygon","coordinates":[[[[-117.79016,34.23315],[-117.79026,34.23306],[-117.79026,34.23315],[-117.79016,34.23315]]],[[[-117.79016,34.23342],[-117.7906,34.23378],[-117.79114,34.23369],[-117.79125,34.23386],[-117.79115,34.23477],[-117.79137,34.23522],[-117.79159,34.23531],[-117.79181,34.23594],[-117.79214,34.23611],[-117.79193,34.2372],[-117.79226,34.23747],[-117.79291,34.23764],[-117.7927,34.23809],[-117.79282,34.23927],[-117.79195,34.23963],[-117.79195,34.23981],[-117.79033,34.24009],[-117.79023,34.24154],[-117.79002,34.24163],[-117.79002,34.24181],[-117.78948,34.24226],[-117.78883,34.24227],[-117.78851,34.24254],[-117.78829,34.24254],[-117.78807,34.2429],[-117.787,34.24372],[-117.78691,34.2458],[-117.78669,34.24598],[-117.78669,34.24634],[-117.78626,34.24643],[-117.78583,34.2468],[-117.78583,34.24698],[-117.78529,34.24743],[-117.78508,34.24743],[-117.78465,34.24789],[-117.7841,34.24789],[-117.78356,34.24825],[-117.78356,34.24843],[-117.78313,34.24853],[-117.78259,34.24898],[-117.78238,34.24952],[-117.78205,34.24953],[-117.78162,34.24989],[-117.78108,34.25007],[-117.78098,34.25079],[-117.78055,34.25116],[-117.77957,34.25134],[-117.77936,34.25162],[-117.77892,34.25162],[-117.77839,34.25207],[-117.77828,34.25244],[-117.77785,34.25271],[-117.77764,34.25316],[-117.77644,34.25299],[-117.776,34.25245],[-117.776,34.25218],[-117.77567,34.252],[-117.77566,34.25146],[-117.77599,34.2511],[-117.77587,34.25011],[-117.77608,34.24983],[-117.77597,34.24893],[-117.77575,34.24875],[-117.77574,34.24812],[-117.77552,34.24776],[-117.77443,34.24705],[-117.77398,34.24588],[-117.77355,34.24543],[-117.77365,34.24507],[-117.7743,34.2447],[-117.77462,34.24416],[-117.7745,34.24335],[-117.77483,34.2429],[-117.77503,34.24199],[-117.77536,34.24163],[-117.77535,34.24118],[-117.77492,34.24082],[-117.77447,34.23983],[-117.77446,34.23893],[-117.77467,34.23812],[-117.7751,34.23776],[-117.77662,34.23775],[-117.77738,34.23711],[-117.78064,34.237],[-117.78128,34.23672],[-117.78226,34.23681],[-117.78367,34.23653],[-117.7841,34.23635],[-117.78475,34.23562],[-117.78562,34.23534],[-117.78583,34.23507],[-117.78637,34.23489],[-117.78648,34.23444],[-117.7868,34.23425],[-117.78658,34.23353],[-117.78701,34.23335],[-117.78787,34.23253],[-117.78863,34.23262],[-117.78885,34.23289],[-117.78918,34.23289],[-117.7895,34.23315],[-117.79016,34.23315],[-117.79016,34.23342]]]]}},{"type":"Feature","properties":{"id":58,"area_km2":2.008,"T":0.793,"F":0.692,"S":0.244,"p_24":0.894,"threshold_mm_hr":15.129,"thr_min":15.109,"thr_max":16.204,"thr_spread":1.095,"stability":"always","frac_high":1.0,"baer_threshold":15.658,"baer_agreement":"confirms_high"},"geometry":{"type":"Polygon","coordinates":[[[-117.70739,34.37299],[-117.70826,34.37289],[-117.7087,34.37262],[-117.70935,34.37262],[-117.70967,34.37234],[-117.71,34.37234],[-117.71043,34.37207],[-117.7113,34.37206],[-117.71141,34.37233],[-117.71163,34.37224],[-117.7115,34.37035],[-117.71226,34.3698],[-117.71224,34.36764],[-117.71267,34.36728],[-117.71267,34.36691],[-117.71289,34.36682],[-117.71289,34.36655],[-117.71332,34.36583],[-117.71364,34.36565],[-117.71364,34.36529],[-117.71407,34.36492],[-117.71428,34.36411],[-117.71482,34.36357],[-117.71481,34.36293],[-117.71633,34.36175],[-117.71643,34.36139],[-117.71687,34.3613],[-117.7173,34.36085],[-117.71838,34.36075],[-117.71882,34.36039],[-117.71947,34.3602],[-117.71979,34.35993],[-117.72,34.35939],[-117.72044,34.35911],[-117.72043,34.35893],[-117.72087,34.35875],[-117.7213,34.3583],[-117.7226,34.35784],[-117.72336,34.35783],[-117.72347,34.35765],[-117.72379,34.35765],[-117.7239,34.35747],[-117.72488,34.3571],[-117.7252,34.35674],[-117.72683,34.35664],[-117.72672,34.3561],[-117.72617,34.35556],[-117.72519,34.35512],[-117.72475,34.35467],[-117.72344,34.35459],[-117.72311,34.35432],[-117.72191,34.35387],[-117.72159,34.35388],[-117.72137,34.3537],[-117.7205,34.3537],[-117.72028,34.35352],[-117.71963,34.35344],[-117.71853,34.35272],[-117.71744,34.35273],[-117.7167,34.35499],[-117.71638,34.35499],[-117.71616,34.35526],[-117.71551,34.35553],[-117.7141,34.35572],[-117.71302,34.35618],[-117.71258,34.35618],[-117.71204,34.35691],[-117.71183,34.35763],[-117.7114,34.35772],[-117.71118,34.358],[-117.71053,34.35809],[-117.71042,34.35836],[-117.70988,34.35872],[-117.70935,34.36008],[-117.70848,34.36027],[-117.70729,34.3609],[-117.70675,34.36091],[-117.70664,34.36118],[-117.70545,34.36218],[-117.70513,34.36272],[-117.70394,34.36354],[-117.70384,34.3639],[-117.70341,34.36435],[-117.7033,34.36489],[-117.70287,34.36508],[-117.70255,34.36544],[-117.70179,34.36562],[-117.7006,34.36662],[-117.7005,34.36762],[-117.70018,34.36816],[-117.69953,34.36852],[-117.69877,34.36862],[-117.69888,34.36907],[-117.70029,34.36915],[-117.70117,34.36978],[-117.70117,34.36996],[-117.70226,34.36995],[-117.70248,34.37013],[-117.70313,34.37013],[-117.70422,34.37084],[-117.70433,34.3712],[-117.70499,34.3712],[-117.70553,34.37137],[-117.70608,34.37191],[-117.70652,34.372],[-117.70684,34.37227],[-117.70685,34.37245],[-117.70728,34.37272],[-117.70739,34.37299]]]}},{"type":"Feature","properties":{"id":59,"area_km2":1.835,"T":0.61,"F":0.394,"S":0.251,"p_24":0.625,"threshold_mm_hr":21.048,"thr_min":20.128,"thr_max":24.194,"thr_spread":4.066,"stability":"sometimes","frac_high":0.333,"baer_threshold":26.051,"baer_agreement":"unstable_anchor_not_high"},"geometry":{"type":"Polygon","coordinates":[[[-117.73775,34.29976],[-117.7372,34.29949],[-117.73709,34.29877],[-117.73719,34.29805],[-117.73741,34.29796],[-117.7374,34.29751],[-117.73653,34.29679],[-117.73597,34.29553],[-117.73521,34.29536],[-117.73499,34.29518],[-117.73499,34.29491],[-117.73455,34.29455],[-117.73433,34.29365],[-117.73323,34.29284],[-117.73323,34.29266],[-117.73192,34.29159],[-117.73169,34.29006],[-117.72962,34.28917],[-117.72928,34.28782],[-117.72873,34.28728],[-117.72775,34.28692],[-117.7272,34.28648],[-117.72666,34.28648],[-117.72655,34.2863],[-117.72611,34.28621],[-117.72535,34.28559],[-117.72393,34.28532],[-117.72285,34.28551],[-117.72263,34.28569],[-117.72144,34.28561],[-117.721,34.28579],[-117.7197,34.2858],[-117.71905,34.28616],[-117.71884,34.28662],[-117.71862,34.28662],[-117.71841,34.28689],[-117.71776,34.28716],[-117.71667,34.28717],[-117.71602,34.2869],[-117.71493,34.28691],[-117.71396,34.28764],[-117.71374,34.28818],[-117.71331,34.28836],[-117.71364,34.28881],[-117.71365,34.28926],[-117.71386,34.28935],[-117.71376,34.28971],[-117.71409,34.28989],[-117.71409,34.2907],[-117.71453,34.29106],[-117.71497,34.29115],[-117.71541,34.29178],[-117.71541,34.29205],[-117.71563,34.29223],[-117.71617,34.29231],[-117.7177,34.29357],[-117.7177,34.29375],[-117.71901,34.29392],[-117.71956,34.29437],[-117.72032,34.29436],[-117.72097,34.29481],[-117.72108,34.29508],[-117.72239,34.29507],[-117.72293,34.29552],[-117.72489,34.2956],[-117.72511,34.29587],[-117.72609,34.29613],[-117.72664,34.29658],[-117.72675,34.29712],[-117.72697,34.29721],[-117.72708,34.29757],[-117.72741,34.29775],[-117.72752,34.29802],[-117.72871,34.29801],[-117.72948,34.29864],[-117.7309,34.29881],[-117.73252,34.29871],[-117.73318,34.29889],[-117.7347,34.29897],[-117.73514,34.29924],[-117.73514,34.29942],[-117.73547,34.29968],[-117.73579,34.29977],[-117.73688,34.29977],[-117.73699,34.29959],[-117.7372,34.29958],[-117.73731,34.29976],[-117.73775,34.29976]]]}},{"type":"Feature","properties":{"id":60,"area_km2":1.818,"T":0.94,"F":0.75,"S":0.259,"p_24":0.942,"threshold_mm_hr":13.579,"thr_min":13.558,"thr_max":14.2,"thr_spread":0.641,"stability":"always","frac_high":1.0,"baer_threshold":13.883,"baer_agreement":"confirms_high"},"geometry":{"type":"Polygon","coordinates":[[[-117.72939,34.26248],[-117.72949,34.26229],[-117.72993,34.2622],[-117.7308,34.2622],[-117.73112,34.26183],[-117.73231,34.26201],[-117.73285,34.26146],[-117.7335,34.26137],[-117.73448,34.26136],[-117.73481,34.26154],[-117.73524,34.26154],[-117.73535,34.26172],[-117.73601,34.26199],[-117.73688,34.26198],[-117.7372,34.26171],[-117.73883,34.26152],[-117.73959,34.26169],[-117.74176,34.2615],[-117.74241,34.26086],[-117.74327,34.26077],[-117.74414,34.26013],[-117.74576,34.25967],[-117.74641,34.25895],[-117.74684,34.25885],[-117.74662,34.25885],[-117.7464,34.2585],[-117.74542,34.25823],[-117.7451,34.25796],[-117.74509,34.25778],[-117.74367,34.25671],[-117.74345,34.25617],[-117.74312,34.25599],[-117.7429,34.25527],[-117.74246,34.255],[-117.7418,34.25401],[-117.74168,34.25293],[-117.74135,34.25248],[-117.74135,34.25203],[-117.74005,34.25204],[-117.73983,34.25186],[-117.7382,34.25151],[-117.73766,34.25169],[-117.73711,34.25152],[-117.73581,34.25153],[-117.73516,34.25189],[-117.73451,34.25198],[-117.73418,34.25226],[-117.73321,34.25235],[-117.73267,34.25281],[-117.7318,34.25299],[-117.73137,34.25327],[-117.72942,34.25355],[-117.7292,34.25382],[-117.72866,34.254],[-117.72823,34.25446],[-117.7278,34.25455],[-117.7278,34.25473],[-117.72748,34.255],[-117.72682,34.2551],[-117.72628,34.25546],[-117.72412,34.25583],[-117.72336,34.25647],[-117.72315,34.25692],[-117.72282,34.25701],[-117.7225,34.25747],[-117.72228,34.25747],[-117.72218,34.25801],[-117.72284,34.25882],[-117.72295,34.25945],[-117.72328,34.25972],[-117.72351,34.2608],[-117.72372,34.26089],[-117.72363,34.26242],[-117.72439,34.26241],[-117.72656,34.26204],[-117.7271,34.26222],[-117.72819,34.26212],[-117.72841,34.2623],[-117.72939,34.26248]]]}},{"type":"Feature","properties":{"id":61,"area_km2":1.801,"T":0.059,"F":0.142,"S":0.339,"p_24":0.184,"threshold_mm_hr":40.747,"thr_min":40.622,"thr_max":42.805,"thr_spread":2.183,"stability":"never","frac_high":0.0,"baer_threshold":41.234,"baer_agreement":"confirms_not_high"},"geometry":{"type":"Polygon","coordinates":[[[-117.77331,34.20819],[-117.77364,34.20791],[-117.77353,34.20755],[-117.77331,34.20747],[-117.77341,34.20683],[-117.77362,34.20611],[-117.77384,34.20593],[-117.77383,34.20539],[-117.77415,34.20503],[-117.77415,34.20466],[-117.77447,34.20448],[-117.77436,34.20412],[-117.77458,34.20367],[-117.77436,34.20367],[-117.7737,34.20322],[-117.77229,34.2035],[-117.7711,34.20324],[-117.77066,34.20297],[-117.77023,34.20298],[-117.77001,34.2028],[-117.77,34.20208],[-117.76957,34.20181],[-117.76945,34.20145],[-117.76913,34.20136],[-117.76934,34.20091],[-117.76923,34.20028],[-117.76847,34.20019],[-117.76836,34.20001],[-117.76705,34.20002],[-117.76672,34.19921],[-117.76628,34.19903],[-117.76628,34.19876],[-117.76574,34.19831],[-117.76551,34.19759],[-117.76496,34.19688],[-117.76506,34.19606],[-117.76539,34.19606],[-117.76582,34.19579],[-117.7657,34.19489],[-117.76603,34.19461],[-117.76591,34.19398],[-117.76559,34.19399],[-117.76548,34.19372],[-117.7658,34.19353],[-117.7658,34.19326],[-117.76601,34.19317],[-117.76601,34.19299],[-117.76623,34.19299],[-117.76634,34.19272],[-117.76709,34.19253],[-117.7672,34.19217],[-117.76719,34.19154],[-117.76664,34.19082],[-117.76664,34.19064],[-117.76686,34.19055],[-117.76696,34.18992],[-117.76696,34.18965],[-117.76674,34.18947],[-117.76695,34.1892],[-117.76695,34.18884],[-117.7663,34.1883],[-117.76608,34.1883],[-117.76586,34.18794],[-117.76553,34.18776],[-117.7652,34.18677],[-117.76422,34.18687],[-117.76346,34.18715],[-117.76281,34.18697],[-117.76238,34.18724],[-117.76162,34.18725],[-117.7613,34.18779],[-117.76033,34.18816],[-117.75935,34.18789],[-117.75837,34.18799],[-117.75751,34.18835],[-117.75708,34.18872],[-117.75708,34.18944],[-117.75644,34.19053],[-117.7559,34.19098],[-117.75547,34.19089],[-117.75569,34.19134],[-117.75581,34.19324],[-117.75549,34.19378],[-117.75551,34.19522],[-117.75529,34.1954],[-117.7553,34.19612],[-117.75562,34.19639],[-117.75585,34.19729],[-117.75618,34.19738],[-117.7565,34.1972],[-117.75661,34.19738],[-117.75694,34.19738],[-117.75726,34.19783],[-117.75759,34.19782],[-117.75781,34.19809],[-117.75824,34.19818],[-117.75846,34.19845],[-117.75934,34.1988],[-117.75977,34.1988],[-117.76021,34.19916],[-117.76021,34.19934],[-117.76065,34.1997],[-117.76055,34.20087],[-117.76077,34.20096],[-117.76099,34.2015],[-117.76132,34.20177],[-117.76153,34.20177],[-117.76197,34.20222],[-117.76219,34.20221],[-117.76241,34.20293],[-117.76317,34.20302],[-117.76404,34.20337],[-117.76426,34.20364],[-117.76459,34.20364],[-117.76481,34.20391],[-117.76503,34.20391],[-117.76525,34.20472],[-117.76547,34.2049],[-117.76547,34.20517],[-117.76526,34.20526],[-117.76537,34.20553],[-117.76558,34.20553],[-117.76569,34.20571],[-117.76645,34.20579],[-117.767,34.20642],[-117.76722,34.20633],[-117.76755,34.20651],[-117.76809,34.20651],[-117.76853,34.20677],[-117.76918,34.20677],[-117.76928,34.20659],[-117.76983,34.20677],[-117.77048,34.20676],[-117.77103,34.20721],[-117.77124,34.20721],[-117.77179,34.20775],[-117.7731,34.20801],[-117.77331,34.20819]]]}},{"type":"Feature","properties":{"id":62,"area_km2":1.786,"T":0.003,"F":0.0,"S":0.243,"p_24":0.069,"threshold_mm_hr":84.539,"thr_min":83.557,"thr_max":121.578,"thr_spread":38.021,"stability":"never","frac_high":0.0,"baer_threshold":85.188,"baer_agreement":"confirms_not_high"},"geometry":{"type":"Polygon","coordinates":[[[-117.61643,34.33741],[-117.61718,34.33668],[-117.61751,34.33659],[-117.61751,34.33641],[-117.61783,34.33614],[-117.61805,34.33614],[-117.61859,34.33568],[-117.61946,34.33541],[-117.61956,34.33523],[-117.62043,34.33504],[-117.62293,34.33512],[-117.62326,34.33494],[-117.62369,34.33493],[-117.62391,34.33475],[-117.62423,34.33475],[-117.62499,34.33412],[-117.6252,34.33357],[-117.62564,34.3333],[-117.62574,34.33303],[-117.62661,34.33267],[-117.62715,34.33266],[-117.6278,34.3323],[-117.63041,34.33219],[-117.62921,34.33121],[-117.62812,34.33121],[-117.62757,34.33077],[-117.62583,34.33059],[-117.62551,34.33033],[-117.6255,34.32997],[-117.62507,34.3297],[-117.62485,34.32925],[-117.62311,34.32908],[-117.62267,34.32863],[-117.6219,34.32845],[-117.62157,34.32791],[-117.62081,34.32746],[-117.61994,34.32774],[-117.61929,34.32774],[-117.61907,34.32792],[-117.61831,34.32784],[-117.61788,34.32811],[-117.61625,34.32803],[-117.61516,34.32821],[-117.61494,34.32803],[-117.61353,34.32804],[-117.6131,34.32786],[-117.61277,34.32759],[-117.61277,34.32741],[-117.612,34.32715],[-117.61179,34.32751],[-117.61103,34.32769],[-117.6106,34.32806],[-117.60962,34.32824],[-117.60897,34.32815],[-117.60886,34.32798],[-117.60842,34.32789],[-117.6082,34.32762],[-117.60777,34.32744],[-117.60722,34.32744],[-117.60625,34.32844],[-117.60593,34.32844],[-117.6056,34.32871],[-117.60484,34.32899],[-117.60463,34.32926],[-117.60354,34.32944],[-117.60257,34.3299],[-117.60224,34.33026],[-117.60192,34.33026],[-117.6017,34.33108],[-117.60172,34.33378],[-117.60108,34.33424],[-117.60098,34.33622],[-117.60468,34.3362],[-117.60836,34.33483],[-117.60934,34.33411],[-117.61281,34.334],[-117.61456,34.33543],[-117.61469,34.33742],[-117.61501,34.33723],[-117.61599,34.33723],[-117.6161,34.33741],[-117.61643,34.33741]]]}},{"type":"Feature","properties":{"id":63,"area_km2":1.785,"T":0.929,"F":0.796,"S":0.339,"p_24":0.964,"threshold_mm_hr":12.611,"thr_min":12.589,"thr_max":12.836,"thr_spread":0.247,"stability":"always","frac_high":1.0,"baer_threshold":12.894,"baer_agreement":"confirms_high"},"geometry":{"type":"Polygon","coordinates":[[[-117.75006,34.23016],[-117.7506,34.23006],[-117.75049,34.22907],[-117.75113,34.22789],[-117.7508,34.22708],[-117.7509,34.22681],[-117.75177,34.22645],[-117.75177,34.22627],[-117.7523,34.2259],[-117.75241,34.22536],[-117.75284,34.22473],[-117.75294,34.22401],[-117.75337,34.22364],[-117.75391,34.22346],[-117.75445,34.22264],[-117.75488,34.22237],[-117.75466,34.22219],[-117.75455,34.22156],[-117.75476,34.22066],[-117.7554,34.21984],[-117.75539,34.21912],[-117.75496,34.21876],[-117.75408,34.21841],[-117.75365,34.21796],[-117.75234,34.21797],[-117.75125,34.21743],[-117.74952,34.21753],[-117.7493,34.21735],[-117.74886,34.21736],[-117.74854,34.21754],[-117.74756,34.21727],[-117.74604,34.21719],[-117.7456,34.21702],[-117.74527,34.21666],[-117.74473,34.21657],[-117.74375,34.21576],[-117.7431,34.21586],[-117.74266,34.21604],[-117.74256,34.21631],[-117.7418,34.21668],[-117.74137,34.21713],[-117.74072,34.21741],[-117.74029,34.21741],[-117.73953,34.21768],[-117.73834,34.2176],[-117.73791,34.21842],[-117.73672,34.21887],[-117.73661,34.21923],[-117.7364,34.21933],[-117.73597,34.22005],[-117.73597,34.22032],[-117.73521,34.22042],[-117.73489,34.22114],[-117.73392,34.22151],[-117.7348,34.22294],[-117.73523,34.22294],[-117.73676,34.22356],[-117.73752,34.22365],[-117.73916,34.2249],[-117.73948,34.2249],[-117.73992,34.22517],[-117.7409,34.22507],[-117.74111,34.22489],[-117.7422,34.22497],[-117.74286,34.22578],[-117.74297,34.22632],[-117.74341,34.22677],[-117.74341,34.22722],[-117.74363,34.22758],[-117.74407,34.22776],[-117.74407,34.22803],[-117.7444,34.22848],[-117.74473,34.22847],[-117.74484,34.22865],[-117.74549,34.22883],[-117.74593,34.22928],[-117.74669,34.22927],[-117.74713,34.22954],[-117.74745,34.22954],[-117.74789,34.2299],[-117.75006,34.23016]]]}},{"type":"Feature","properties":{"id":64,"area_km2":1.777,"T":0.018,"F":0.0,"S":0.242,"p_24":0.071,"threshold_mm_hr":82.114,"thr_min":79.781,"thr_max":102.975,"thr_spread":23.193,"stability":"never","frac_high":0.0,"baer_threshold":85.587,"baer_agreement":"confirms_not_high"},"geometry":{"type":"MultiPolygon","coordinates":[[[[-117.6173,34.353],[-117.61708,34.35282],[-117.61692,34.34579],[-117.618,34.34488],[-117.61898,34.34488],[-117.61941,34.34461],[-117.62094,34.3446],[-117.62126,34.34433],[-117.6217,34.34432],[-117.62191,34.34405],[-117.62234,34.34387],[-117.62277,34.34315],[-117.62375,34.34278],[-117.62386,34.34251],[-117.62429,34.34233],[-117.62581,34.34214],[-117.62624,34.34196],[-117.62755,34.34195],[-117.62776,34.34141],[-117.6282,34.34122],[-117.62863,34.34077],[-117.62906,34.34059],[-117.6296,34.34059],[-117.62971,34.3404],[-117.63015,34.34031],[-117.63014,34.34004],[-117.63047,34.33968],[-117.63057,34.33887],[-117.631,34.33868],[-117.63144,34.33913],[-117.63156,34.3404],[-117.63189,34.34048],[-117.63233,34.34138],[-117.63288,34.34183],[-117.63299,34.34228],[-117.63397,34.34318],[-117.63441,34.34408],[-117.6342,34.34507],[-117.63377,34.34552],[-117.63356,34.34553],[-117.63334,34.34589],[-117.63324,34.34697],[-117.63346,34.34733],[-117.63347,34.34895],[-117.63207,34.35004],[-117.63152,34.35005],[-117.63109,34.35041],[-117.63044,34.35041],[-117.62828,34.35232],[-117.62795,34.35232],[-117.62763,34.35259],[-117.6273,34.35259],[-117.6272,34.35277],[-117.62589,34.35287],[-117.62557,34.35314],[-117.62535,34.35314],[-117.62481,34.35369],[-117.6234,34.35369],[-117.62253,34.35388],[-117.62188,34.35451],[-117.62123,34.3547],[-117.62101,34.35497],[-117.62058,34.35497],[-117.61961,34.35588],[-117.61765,34.35589],[-117.61733,34.35616],[-117.6173,34.353]]],[[[-117.61722,34.35616],[-117.61733,34.35625],[-117.61722,34.35625],[-117.61722,34.35616]]],[[[-117.61722,34.35634],[-117.61711,34.35625],[-117.61722,34.35625],[-117.61722,34.35634]]]]}},{"type":"Feature","properties":{"id":65,"area_km2":1.72,"T":0.661,"F":0.471,"S":0.244,"p_24":0.714,"threshold_mm_hr":19.167,"thr_min":18.514,"thr_max":22.174,"thr_spread":3.66,"stability":"sometimes","frac_high":0.833,"baer_threshold":24.338,"baer_agreement":"unstable_anchor_not_high"},"geometry":{"type":"MultiPolygon","coordinates":[[[[-117.65044,34.36347],[-117.65065,34.36311],[-117.65064,34.36203],[-117.65118,34.36158],[-117.65172,34.36022],[-117.65236,34.3594],[-117.65236,34.35904],[-117.65214,34.35896],[-117.65203,34.35841],[-117.65159,34.35815],[-117.65115,34.35743],[-117.65039,34.3568],[-117.64952,34.35662],[-117.6493,34.35645],[-117.64918,34.35572],[-117.64885,34.35537],[-117.64885,34.35482],[-117.64896,34.35455],[-117.64939,34.35428],[-117.64949,34.35392],[-117.65014,34.35355],[-117.65014,34.35328],[-117.65047,34.35292],[-117.65046,34.35256],[-117.65133,34.35211],[-117.65132,34.35111],[-117.65153,34.35021],[-117.65196,34.34985],[-117.65272,34.34957],[-117.65315,34.34894],[-117.65314,34.34696],[-117.65346,34.34623],[-117.65368,34.34614],[-117.65367,34.34587],[-117.654,34.3456],[-117.65399,34.34524],[-117.65421,34.34497],[-117.65399,34.34407],[-117.65397,34.34253],[-117.65441,34.34217],[-117.6544,34.34145],[-117.65527,34.34135],[-117.6568,34.34198],[-117.65756,34.34188],[-117.65756,34.34242],[-117.65789,34.3426],[-117.658,34.34305],[-117.65844,34.34341],[-117.65887,34.34332],[-117.65974,34.34367],[-117.6617,34.34348],[-117.66431,34.34347],[-117.66442,34.34374],[-117.66508,34.34428],[-117.66497,34.34455],[-117.66541,34.34527],[-117.66542,34.34599],[-117.66564,34.34617],[-117.66586,34.3468],[-117.6663,34.34716],[-117.6663,34.34743],[-117.66577,34.34896],[-117.66555,34.34905],[-117.66523,34.34996],[-117.66448,34.35095],[-117.66416,34.35186],[-117.66351,34.35231],[-117.66231,34.3525],[-117.66221,34.35268],[-117.66145,34.35277],[-117.66069,34.35332],[-117.65993,34.35341],[-117.65939,34.35387],[-117.65918,34.35477],[-117.65831,34.35541],[-117.65799,34.35595],[-117.65734,34.3564],[-117.65669,34.3565],[-117.65626,34.35677],[-117.65528,34.35668],[-117.65495,34.35687],[-117.65398,34.35696],[-117.65333,34.35751],[-117.65334,34.35859],[-117.6528,34.35949],[-117.65281,34.36039],[-117.65227,34.36094],[-117.65227,34.36121],[-117.65173,34.36157],[-117.65173,34.36202],[-117.65141,34.3623],[-117.65143,34.365],[-117.651,34.36545],[-117.65067,34.36555],[-117.65045,34.36555],[-117.65044,34.36347]]],[[[-117.65045,34.36555],[-117.65035,34.36564],[-117.65035,34.36555],[-117.65045,34.36555]]]]}},{"type":"Feature","properties":{"id":67,"area_km2":1.654,"T":0.417,"F":0.299,"S":0.259,"p_24":0.421,"threshold_mm_hr":26.294,"thr_min":24.093,"thr_max":30.986,"thr_spread":6.893,"stability":"never","frac_high":0.0,"baer_threshold":32.514,"baer_agreement":"confirms_not_high"},"geometry":{"type":"Polygon","coordinates":[[[-117.65517,34.27272],[-117.65571,34.27218],[-117.65604,34.27218],[-117.65647,34.27182],[-117.65647,34.27164],[-117.65701,34.27127],[-117.65711,34.27073],[-117.65776,34.27028],[-117.65775,34.26883],[-117.65796,34.26793],[-117.65817,34.26784],[-117.65828,34.26748],[-117.65751,34.26604],[-117.6575,34.26496],[-117.65728,34.26442],[-117.65695,34.26406],[-117.65684,34.26352],[-117.65651,34.26316],[-117.65651,34.26289],[-117.65563,34.26136],[-117.65562,34.26064],[-117.65431,34.25956],[-117.65409,34.25956],[-117.65354,34.25912],[-117.65354,34.25894],[-117.65179,34.25759],[-117.65179,34.25678],[-117.65157,34.25642],[-117.65069,34.25579],[-117.65026,34.25517],[-117.64905,34.25418],[-117.64884,34.25418],[-117.64752,34.25302],[-117.64698,34.25293],[-117.64676,34.25275],[-117.64579,34.25293],[-117.64427,34.2542],[-117.64362,34.25421],[-117.64319,34.25376],[-117.64275,34.25376],[-117.64253,34.25358],[-117.64254,34.25485],[-117.64374,34.25574],[-117.64377,34.25917],[-117.64355,34.25944],[-117.64356,34.26016],[-117.64378,34.26043],[-117.6439,34.26187],[-117.64455,34.26241],[-117.64457,34.26466],[-117.64556,34.26565],[-117.64588,34.26565],[-117.64632,34.26592],[-117.64643,34.26628],[-117.64795,34.26636],[-117.64893,34.26708],[-117.64948,34.26707],[-117.6509,34.26833],[-117.65112,34.26833],[-117.65166,34.26878],[-117.65167,34.26896],[-117.65221,34.26931],[-117.65221,34.26949],[-117.65385,34.27075],[-117.65396,34.27111],[-117.65418,34.27111],[-117.65429,34.27138],[-117.65462,34.27156],[-117.65517,34.27272]]]}},{"type":"Feature","properties":{"id":68,"area_km2":1.652,"T":0.848,"F":0.61,"S":0.244,"p_24":0.874,"threshold_mm_hr":15.658,"thr_min":15.536,"thr_max":17.07,"thr_spread":1.534,"stability":"always","frac_high":1.0,"baer_threshold":17.038,"baer_agreement":"confirms_high"},"geometry":{"type":"Polygon","coordinates":[[[-117.7075,34.33376],[-117.70771,34.33349],[-117.70804,34.33348],[-117.70869,34.33285],[-117.70901,34.33285],[-117.70945,34.33257],[-117.7101,34.33257],[-117.71064,34.33203],[-117.71183,34.33175],[-117.71226,34.3313],[-117.71291,34.33111],[-117.71334,34.33075],[-117.714,34.33074],[-117.7141,34.33056],[-117.71541,34.33065],[-117.71573,34.33037],[-117.71617,34.33037],[-117.71703,34.32973],[-117.71747,34.32964],[-117.71779,34.32928],[-117.71833,34.32928],[-117.71887,34.32891],[-117.71974,34.32891],[-117.72104,34.32854],[-117.72115,34.32836],[-117.72224,34.32826],[-117.72256,34.3279],[-117.72299,34.3279],[-117.72353,34.32735],[-117.72375,34.32735],[-117.72634,34.32517],[-117.72743,34.32498],[-117.72785,34.32426],[-117.7272,34.32426],[-117.72611,34.32328],[-117.72513,34.32355],[-117.72437,34.32356],[-117.72382,34.32329],[-117.72187,34.3233],[-117.72154,34.32312],[-117.72013,34.32295],[-117.71969,34.32259],[-117.71925,34.32251],[-117.71806,34.3226],[-117.71795,34.32278],[-117.71545,34.3228],[-117.71447,34.32226],[-117.71305,34.32218],[-117.71186,34.32273],[-117.71121,34.32273],[-117.71035,34.32337],[-117.70948,34.32356],[-117.7084,34.32401],[-117.70829,34.32419],[-117.70742,34.32438],[-117.7058,34.32565],[-117.70526,34.32656],[-117.70429,34.32674],[-117.70353,34.32738],[-117.70321,34.32738],[-117.70256,34.32792],[-117.70223,34.32793],[-117.70191,34.32829],[-117.69974,34.32839],[-117.7005,34.32893],[-117.7005,34.32911],[-117.70138,34.32982],[-117.70192,34.32991],[-117.70291,34.33063],[-117.70312,34.33063],[-117.70346,34.33117],[-117.70389,34.33143],[-117.704,34.33179],[-117.70466,34.33224],[-117.70466,34.33242],[-117.70488,34.33242],[-117.70499,34.33269],[-117.70575,34.33287],[-117.70608,34.33322],[-117.70652,34.33331],[-117.70685,34.33376],[-117.7075,34.33376]]]}},{"type":"Feature","properties":{"id":69,"area_km2":1.546,"T":0.85,"F":0.745,"S":0.337,"p_24":0.946,"threshold_mm_hr":13.4,"thr_min":13.316,"thr_max":13.75,"thr_spread":0.434,"stability":"always","frac_high":1.0,"baer_threshold":13.971,"baer_agreement":"confirms_high"},"geometry":{"type":"Polygon","coordinates":[[[-117.69903,34.23037],[-117.69946,34.22991],[-117.69968,34.22991],[-117.69957,34.22946],[-117.69989,34.22919],[-117.7001,34.22838],[-117.70064,34.22801],[-117.70096,34.22747],[-117.70096,34.22702],[-117.70118,34.22693],[-117.70117,34.22639],[-117.70149,34.22584],[-117.7017,34.22476],[-117.70159,34.22422],[-117.7018,34.22377],[-117.70202,34.22368],[-117.70212,34.22286],[-117.70255,34.2225],[-117.70319,34.22087],[-117.70383,34.22015],[-117.70393,34.21843],[-117.70327,34.21781],[-117.70316,34.21745],[-117.70283,34.21718],[-117.70272,34.21664],[-117.70217,34.21628],[-117.70217,34.2161],[-117.70185,34.21601],[-117.70097,34.2153],[-117.70075,34.2153],[-117.69988,34.21458],[-117.69988,34.21431],[-117.69966,34.21422],[-117.69944,34.21368],[-117.69944,34.21332],[-117.69824,34.21261],[-117.69823,34.21242],[-117.69758,34.21198],[-117.69714,34.21135],[-117.69638,34.21099],[-117.69615,34.21045],[-117.69594,34.21045],[-117.69528,34.20974],[-117.69474,34.20983],[-117.69377,34.21056],[-117.69355,34.21056],[-117.69323,34.21092],[-117.69323,34.21128],[-117.69258,34.21156],[-117.69237,34.21192],[-117.69204,34.21201],[-117.6914,34.21255],[-117.69119,34.21337],[-117.69064,34.21346],[-117.68999,34.21382],[-117.69,34.21482],[-117.68968,34.21518],[-117.68937,34.21662],[-117.69045,34.21698],[-117.69264,34.21877],[-117.69308,34.21976],[-117.69331,34.2212],[-117.69386,34.22165],[-117.69419,34.22219],[-117.6942,34.22327],[-117.69453,34.22363],[-117.69453,34.22426],[-117.69486,34.22444],[-117.69486,34.22462],[-117.69519,34.22471],[-117.69519,34.22489],[-117.69563,34.22525],[-117.69541,34.22588],[-117.69563,34.22597],[-117.69585,34.2266],[-117.69672,34.22695],[-117.69694,34.22722],[-117.69749,34.22731],[-117.6976,34.22776],[-117.69815,34.22812],[-117.69815,34.22893],[-117.69859,34.22947],[-117.69871,34.2301],[-117.69903,34.23037]]]}},{"type":"Feature","properties":{"id":70,"area_km2":1.546,"T":0.845,"F":0.574,"S":0.244,"p_24":0.856,"threshold_mm_hr":16.1,"thr_min":15.819,"thr_max":17.917,"thr_spread":2.098,"stability":"always","frac_high":1.0,"baer_threshold":17.97,"baer_agreement":"confirms_high"},"geometry":{"type":"MultiPolygon","coordinates":[[[[-117.70406,34.31222],[-117.70438,34.31213],[-117.70438,34.31222],[-117.70406,34.31222]]],[[[-117.70406,34.31222],[-117.70406,34.31231],[-117.70395,34.31231],[-117.70395,34.31222],[-117.70406,34.31222]]],[[[-117.70406,34.31304],[-117.70462,34.31411],[-117.70462,34.31448],[-117.70495,34.31465],[-117.70496,34.31583],[-117.70475,34.31655],[-117.70453,34.31673],[-117.70465,34.31799],[-117.70444,34.31908],[-117.70422,34.31917],[-117.70423,34.31944],[-117.70218,34.32107],[-117.70196,34.32143],[-117.70197,34.32198],[-117.70143,34.3227],[-117.70122,34.32387],[-117.69982,34.32496],[-117.69971,34.3256],[-117.6995,34.32578],[-117.6995,34.32605],[-117.69928,34.32614],[-117.69918,34.32713],[-117.69875,34.32759],[-117.69886,34.32795],[-117.69756,34.32795],[-117.69669,34.3276],[-117.69647,34.32724],[-117.69581,34.32715],[-117.69233,34.32717],[-117.69146,34.32654],[-117.69059,34.32655],[-117.68994,34.32619],[-117.68896,34.32602],[-117.68841,34.32566],[-117.68732,34.32549],[-117.68732,34.32522],[-117.68677,34.32468],[-117.68557,34.32414],[-117.68557,34.32396],[-117.68622,34.32342],[-117.68632,34.32306],[-117.68729,34.32233],[-117.68751,34.32233],[-117.68805,34.32178],[-117.6887,34.32178],[-117.6899,34.32132],[-117.69011,34.32096],[-117.69043,34.32078],[-117.69086,34.31996],[-117.69151,34.31951],[-117.69151,34.31933],[-117.69205,34.31888],[-117.69227,34.31887],[-117.69281,34.31842],[-117.69324,34.31779],[-117.69399,34.31724],[-117.69421,34.31724],[-117.69561,34.31633],[-117.69692,34.31596],[-117.69767,34.31542],[-117.69843,34.31532],[-117.69897,34.31496],[-117.69995,34.31486],[-117.70038,34.3145],[-117.70071,34.3145],[-117.70319,34.31241],[-117.70395,34.31231],[-117.70406,34.31304]]]]}},{"type":"Feature","properties":{"id":71,"area_km2":1.538,"T":0.001,"F":0.009,"S":0.259,"p_24":0.076,"threshold_mm_hr":77.423,"thr_min":77.27,"thr_max":100.867,"thr_spread":23.597,"stability":"never","frac_high":0.0,"baer_threshold":77.655,"baer_agreement":"confirms_not_high"},"geometry":{"type":"Polygon","coordinates":[[[-117.80332,34.30413],[-117.80375,34.30376],[-117.80429,34.30358],[-117.80461,34.30322],[-117.80483,34.30322],[-117.80515,34.30285],[-117.80537,34.30285],[-117.8058,34.30204],[-117.80687,34.30113],[-117.80731,34.30095],[-117.80828,34.30094],[-117.80893,34.30021],[-117.80914,34.29949],[-117.80912,34.2976],[-117.80955,34.29678],[-117.80954,34.29534],[-117.80996,34.29462],[-117.81158,34.29343],[-117.81179,34.29298],[-117.81233,34.29253],[-117.81222,34.2918],[-117.812,34.29163],[-117.81221,34.29135],[-117.81217,34.28712],[-117.81249,34.28675],[-117.81249,34.28585],[-117.81292,34.28549],[-117.81291,34.28522],[-117.81324,34.28476],[-117.81312,34.28359],[-117.8129,34.2835],[-117.81311,34.2826],[-117.81093,34.28252],[-117.81018,34.28325],[-117.80996,34.28325],[-117.80942,34.28371],[-117.80932,34.28407],[-117.80899,34.28425],[-117.80857,34.28534],[-117.80706,34.28652],[-117.80707,34.28706],[-117.80685,34.28742],[-117.80653,34.2876],[-117.80643,34.28851],[-117.80621,34.28869],[-117.806,34.28968],[-117.80579,34.28995],[-117.80569,34.29113],[-117.80526,34.29176],[-117.80505,34.29248],[-117.80462,34.29294],[-117.80452,34.29339],[-117.80409,34.29357],[-117.80387,34.29384],[-117.80365,34.29385],[-117.80279,34.29457],[-117.80279,34.29475],[-117.80247,34.29494],[-117.80236,34.2953],[-117.80204,34.29548],[-117.80193,34.29584],[-117.8015,34.2962],[-117.8014,34.29657],[-117.80107,34.29666],[-117.79838,34.29902],[-117.79729,34.29903],[-117.79589,34.30021],[-117.79589,34.30048],[-117.79655,34.30138],[-117.79688,34.30137],[-117.79732,34.30173],[-117.79808,34.302],[-117.79907,34.3028],[-117.80005,34.30307],[-117.80005,34.30325],[-117.80081,34.30387],[-117.80168,34.30387],[-117.80256,34.30413],[-117.80332,34.30413]]]}},{"type":"Feature","properties":{"id":73,"area_km2":1.526,"T":0.176,"F":0.169,"S":0.244,"p_24":0.183,"threshold_mm_hr":40.812,"thr_min":37.117,"thr_max":52.815,"thr_spread":15.698,"stability":"never","frac_high":0.0,"baer_threshold":48.519,"baer_agreement":"confirms_not_high"},"geometry":{"type":"MultiPolygon","coordinates":[[[[-117.63408,34.35797],[-117.63441,34.35733],[-117.63516,34.35679],[-117.63527,34.35625],[-117.63592,34.3557],[-117.63635,34.3557],[-117.63678,34.35543],[-117.63754,34.35533],[-117.63787,34.35497],[-117.63808,34.35371],[-117.63806,34.35154],[-117.63795,34.35082],[-117.63773,34.35064],[-117.63805,34.35046],[-117.63805,34.35028],[-117.63848,34.35001],[-117.6387,34.34965],[-117.6388,34.34829],[-117.63912,34.34802],[-117.63912,34.34748],[-117.63976,34.34685],[-117.63976,34.34658],[-117.64041,34.34585],[-117.64051,34.34522],[-117.64094,34.34468],[-117.64115,34.34323],[-117.64092,34.34224],[-117.64189,34.34007],[-117.64176,34.33827],[-117.64198,34.33791],[-117.64187,34.33746],[-117.6411,34.33692],[-117.6411,34.33674],[-117.64219,34.33655],[-117.64273,34.33673],[-117.64371,34.33663],[-117.64458,34.33708],[-117.64523,34.33717],[-117.64589,34.33762],[-117.64807,34.33805],[-117.64883,34.33859],[-117.64916,34.3385],[-117.6497,34.33859],[-117.64992,34.33877],[-117.65144,34.33894],[-117.65155,34.33912],[-117.65177,34.33912],[-117.65199,34.33957],[-117.65265,34.33992],[-117.65265,34.3401],[-117.65298,34.34037],[-117.65374,34.34055],[-117.65396,34.34082],[-117.65483,34.34081],[-117.65505,34.34135],[-117.6544,34.34145],[-117.65441,34.34217],[-117.65397,34.34253],[-117.65409,34.34343],[-117.65399,34.34416],[-117.65377,34.34434],[-117.65323,34.34434],[-117.65203,34.34489],[-117.65138,34.34489],[-117.65073,34.34526],[-117.64954,34.34544],[-117.64943,34.34571],[-117.64867,34.3459],[-117.64857,34.34644],[-117.64835,34.34653],[-117.64835,34.34698],[-117.64771,34.34753],[-117.64684,34.34762],[-117.64511,34.34907],[-117.64511,34.34925],[-117.64435,34.34989],[-117.64436,34.35025],[-117.64273,34.35152],[-117.64274,34.35179],[-117.6422,34.35215],[-117.6422,34.35242],[-117.64177,34.3527],[-117.64177,34.35288],[-117.63874,34.35542],[-117.63852,34.35542],[-117.63712,34.35669],[-117.63636,34.35678],[-117.63582,34.35724],[-117.63528,34.35724],[-117.63474,34.35778],[-117.63441,34.35779],[-117.63387,34.35824],[-117.63387,34.35806],[-117.63408,34.35797]]],[[[-117.63376,34.35833],[-117.63387,34.35824],[-117.63387,34.35833],[-117.63376,34.35833]]],[[[-117.63376,34.35833],[-117.63365,34.35842],[-117.63365,34.35833],[-117.63376,34.35833]]],[[[-117.63365,34.35851],[-117.63354,34.35842],[-117.63365,34.35842],[-117.63365,34.35851]]],[[[-117.63344,34.3586],[-117.63354,34.35851],[-117.63355,34.3586],[-117.63344,34.3586]]],[[[-117.63344,34.3586],[-117.63333,34.35869],[-117.63333,34.3586],[-117.63344,34.3586]]],[[[-117.63333,34.35878],[-117.63322,34.35869],[-117.63333,34.35869],[-117.63333,34.35878]]],[[[-117.63311,34.35887],[-117.63322,34.35878],[-117.63322,34.35887],[-117.63311,34.35887]]],[[[-117.63311,34.35887],[-117.633,34.35897],[-117.633,34.35888],[-117.63311,34.35887]]],[[[-117.6329,34.35906],[-117.633,34.35897],[-117.63301,34.35906],[-117.6329,34.35906]]],[[[-117.6329,34.35906],[-117.63279,34.35915],[-117.63279,34.35906],[-117.6329,34.35906]]],[[[-117.63268,34.35924],[-117.63279,34.35915],[-117.63279,34.35924],[-117.63268,34.35924]]],[[[-117.63268,34.35924],[-117.63257,34.35933],[-117.63257,34.35924],[-117.63268,34.35924]]],[[[-117.63257,34.35942],[-117.63246,34.35933],[-117.63257,34.35933],[-117.63257,34.35942]]],[[[-117.63236,34.35951],[-117.63246,34.35942],[-117.63247,34.35951],[-117.63236,34.35951]]],[[[-117.63236,34.35951],[-117.63225,34.3596],[-117.63225,34.35951],[-117.63236,34.35951]]],[[[-117.63214,34.35969],[-117.63225,34.3596],[-117.63225,34.35969],[-117.63214,34.35969]]],[[[-117.63214,34.35969],[-117.63203,34.35978],[-117.63203,34.35969],[-117.63214,34.35969]]],[[[-117.63192,34.35987],[-117.63203,34.35978],[-117.63203,34.35987],[-117.63192,34.35987]]],[[[-117.63192,34.35987],[-117.63182,34.35996],[-117.63182,34.35987],[-117.63192,34.35987]]],[[[-117.63182,34.36005],[-117.63171,34.35996],[-117.63182,34.35996],[-117.63182,34.36005]]],[[[-117.6316,34.36015],[-117.63171,34.36005],[-117.63171,34.36014],[-117.6316,34.36015]]],[[[-117.6316,34.36015],[-117.63149,34.36024],[-117.63149,34.36015],[-117.6316,34.36015]]],[[[-117.63138,34.36033],[-117.63149,34.36024],[-117.63149,34.36033],[-117.63138,34.36033]]],[[[-117.63138,34.36033],[-117.63128,34.36042],[-117.63127,34.36033],[-117.63138,34.36033]]],[[[-117.63117,34.36051],[-117.63128,34.36042],[-117.63128,34.36051],[-117.63117,34.36051]]],[[[-117.63117,34.36051],[-117.63106,34.3606],[-117.63106,34.36051],[-117.63117,34.36051]]]]}},{"type":"Feature","properties":{"id":74,"area_km2":1.519,"T":0.901,"F":0.855,"S":0.259,"p_24":0.957,"threshold_mm_hr":12.928,"thr_min":12.918,"thr_max":13.485,"thr_spread":0.567,"stability":"always","frac_high":1.0,"baer_threshold":13.098,"baer_agreement":"confirms_high"},"geometry":{"type":"Polygon","coordinates":[[[-117.76832,34.27973],[-117.76832,34.27955],[-117.76864,34.27928],[-117.76886,34.27928],[-117.76972,34.27855],[-117.77037,34.27828],[-117.77058,34.27773],[-117.7708,34.27764],[-117.77112,34.27701],[-117.77144,34.27683],[-117.77155,34.27647],[-117.77338,34.27492],[-117.77359,34.27447],[-117.77435,34.27383],[-117.77457,34.27383],[-117.77521,34.2732],[-117.77565,34.2731],[-117.77608,34.27256],[-117.77607,34.27238],[-117.77586,34.27238],[-117.77465,34.2714],[-117.77433,34.2714],[-117.77389,34.27104],[-117.77291,34.27087],[-117.77269,34.27069],[-117.77204,34.2706],[-117.7716,34.27033],[-117.77084,34.27016],[-117.77018,34.26944],[-117.76931,34.26909],[-117.76843,34.26828],[-117.768,34.26828],[-117.76724,34.26874],[-117.76594,34.26866],[-117.76561,34.26884],[-117.76398,34.26894],[-117.76377,34.26912],[-117.7616,34.26967],[-117.76161,34.27004],[-117.76118,34.27076],[-117.7588,34.2724],[-117.75848,34.27303],[-117.75827,34.27411],[-117.75763,34.27466],[-117.75752,34.27502],[-117.75644,34.27593],[-117.75569,34.27629],[-117.7545,34.27738],[-117.75396,34.27739],[-117.75385,34.27757],[-117.75342,34.27757],[-117.7532,34.27775],[-117.7544,34.27775],[-117.75571,34.27909],[-117.75625,34.27909],[-117.75789,34.27953],[-117.75854,34.27952],[-117.75897,34.27925],[-117.75951,34.27916],[-117.75984,34.27879],[-117.76049,34.27861],[-117.76255,34.27851],[-117.76288,34.27887],[-117.76549,34.27912],[-117.7669,34.27947],[-117.76723,34.27974],[-117.76832,34.27973]]]}},{"type":"Feature","properties":{"id":75,"area_km2":1.475,"T":0.895,"F":0.65,"S":0.244,"p_24":0.901,"threshold_mm_hr":14.921,"thr_min":14.866,"thr_max":16.096,"thr_spread":1.23,"stability":"always","frac_high":1.0,"baer_threshold":16.128,"baer_agreement":"confirms_high"},"geometry":{"type":"MultiPolygon","coordinates":[[[[-117.72662,34.35718],[-117.72672,34.35709],[-117.72673,34.35718],[-117.72662,34.35718]]],[[[-117.72662,34.35718],[-117.72554,34.358],[-117.72554,34.35854],[-117.72511,34.35882],[-117.72501,34.35963],[-117.72501,34.35999],[-117.72523,34.36017],[-117.72514,34.36278],[-117.72547,34.36323],[-117.72571,34.36494],[-117.72463,34.36585],[-117.72441,34.36657],[-117.72377,34.36703],[-117.72366,34.36739],[-117.72344,34.36739],[-117.72312,34.36766],[-117.72312,34.36794],[-117.72269,34.36839],[-117.72248,34.3692],[-117.72226,34.36956],[-117.72194,34.36975],[-117.72194,34.36993],[-117.72118,34.3702],[-117.71999,34.3712],[-117.72,34.37138],[-117.71967,34.37165],[-117.71881,34.37202],[-117.71848,34.37229],[-117.71848,34.37256],[-117.71816,34.37283],[-117.71805,34.3732],[-117.7173,34.37383],[-117.71643,34.37375],[-117.7161,34.37348],[-117.71556,34.37366],[-117.71545,34.37384],[-117.71501,34.37384],[-117.7148,34.37421],[-117.71447,34.37421],[-117.71404,34.37457],[-117.71404,34.37493],[-117.71329,34.37539],[-117.71329,34.37521],[-117.71296,34.37512],[-117.71296,34.37485],[-117.7123,34.37431],[-117.71229,34.37368],[-117.71186,34.37323],[-117.71185,34.37296],[-117.71163,34.37287],[-117.7115,34.37035],[-117.71226,34.3698],[-117.71224,34.36764],[-117.71267,34.36728],[-117.71267,34.36691],[-117.71289,34.36682],[-117.71289,34.36655],[-117.71332,34.36583],[-117.71364,34.36565],[-117.71364,34.36529],[-117.71407,34.36492],[-117.71428,34.36411],[-117.71482,34.36357],[-117.71481,34.36293],[-117.71633,34.36175],[-117.71643,34.36139],[-117.71687,34.3613],[-117.7173,34.36085],[-117.71838,34.36075],[-117.71882,34.36039],[-117.71947,34.3602],[-117.71979,34.35993],[-117.72,34.35939],[-117.72044,34.35911],[-117.72043,34.35893],[-117.72087,34.35875],[-117.7213,34.3583],[-117.7226,34.35784],[-117.72336,34.35783],[-117.72347,34.35765],[-117.72379,34.35765],[-117.7239,34.35747],[-117.72434,34.35738],[-117.72444,34.3572],[-117.72488,34.3571],[-117.7252,34.35674],[-117.72552,34.35665],[-117.72585,34.35665],[-117.72585,34.35674],[-117.7264,34.35718],[-117.72662,34.35718]]]]}},{"type":"Feature","properties":{"id":76,"area_km2":1.47,"T":0.801,"F":0.614,"S":0.244,"p_24":0.862,"threshold_mm_hr":15.95,"thr_min":15.884,"thr_max":17.244,"thr_spread":1.36,"stability":"always","frac_high":1.0,"baer_threshold":17.303,"baer_agreement":"confirms_high"},"geometry":{"type":"Polygon","coordinates":[[[-117.66102,34.36756],[-117.66145,34.3672],[-117.66155,34.36639],[-117.66221,34.3663],[-117.66242,34.36602],[-117.66329,34.36566],[-117.66361,34.36503],[-117.66447,34.36439],[-117.66447,34.36421],[-117.66501,34.36376],[-117.66566,34.36366],[-117.66588,34.36339],[-117.66621,34.36339],[-117.66718,34.36284],[-117.66794,34.36284],[-117.66838,34.36311],[-117.66947,34.3631],[-117.66958,34.36328],[-117.67001,34.36328],[-117.67012,34.3631],[-117.67045,34.36309],[-117.67066,34.36291],[-117.67088,34.36246],[-117.67131,34.3621],[-117.67152,34.3621],[-117.67152,34.36192],[-117.67228,34.36128],[-117.67227,34.35975],[-117.67237,34.35939],[-117.6727,34.35911],[-117.6728,34.35857],[-117.67258,34.35794],[-117.67236,34.35785],[-117.67256,34.35578],[-117.67299,34.35542],[-117.67309,34.35442],[-117.67396,34.35352],[-117.67417,34.35288],[-117.67449,34.3527],[-117.67492,34.35162],[-117.67437,34.35099],[-117.67437,34.35063],[-117.67393,34.35054],[-117.67393,34.35009],[-117.6736,34.35],[-117.67338,34.34973],[-117.67273,34.34983],[-117.67262,34.34929],[-117.67229,34.34911],[-117.67229,34.34875],[-117.67207,34.34857],[-117.67153,34.34857],[-117.67054,34.34794],[-117.66956,34.34795],[-117.66923,34.34759],[-117.66891,34.34759],[-117.66847,34.34714],[-117.6663,34.34716],[-117.66609,34.34824],[-117.66576,34.34869],[-117.66577,34.34896],[-117.66533,34.34942],[-117.66523,34.34996],[-117.66448,34.35095],[-117.66416,34.35186],[-117.66329,34.35249],[-117.6633,34.35276],[-117.66308,34.35294],[-117.66309,34.35484],[-117.66376,34.35691],[-117.66333,34.35727],[-117.66334,34.35808],[-117.66312,34.35845],[-117.66313,34.3589],[-117.6628,34.35908],[-117.6627,34.35989],[-117.66314,34.36016],[-117.66314,34.36052],[-117.66347,34.36088],[-117.66381,34.36277],[-117.66305,34.36332],[-117.66296,34.36503],[-117.66231,34.36548],[-117.66231,34.36566],[-117.66112,34.36657],[-117.66091,34.36702],[-117.66026,34.36748],[-117.66102,34.36756]]]}},{"type":"Feature","properties":{"id":77,"area_km2":1.461,"T":0.806,"F":0.584,"S":0.244,"p_24":0.849,"threshold_mm_hr":16.262,"thr_min":16.103,"thr_max":17.823,"thr_spread":1.72,"stability":"always","frac_high":1.0,"baer_threshold":18.365,"baer_agreement":"confirms_high"},"geometry":{"type":"Polygon","coordinates":[[[-117.68958,34.36236],[-117.69012,34.36172],[-117.69033,34.36064],[-117.69108,34.36009],[-117.69108,34.35991],[-117.69195,34.35919],[-117.69216,34.35919],[-117.69238,34.35891],[-117.69281,34.35873],[-117.69314,34.35873],[-117.69346,34.35846],[-117.69379,34.35846],[-117.69422,34.35809],[-117.69422,34.35782],[-117.69465,34.3571],[-117.69573,34.35628],[-117.69594,34.35556],[-117.69615,34.35538],[-117.69615,34.35465],[-117.69637,34.35456],[-117.69668,34.35375],[-117.69668,34.35285],[-117.69743,34.35194],[-117.69753,34.35104],[-117.69775,34.35095],[-117.69775,34.3505],[-117.69796,34.35041],[-117.69796,34.35014],[-117.69883,34.35004],[-117.69894,34.34986],[-117.69915,34.34986],[-117.69937,34.3495],[-117.69991,34.34949],[-117.70121,34.34831],[-117.70142,34.34741],[-117.7012,34.34732],[-117.70087,34.3466],[-117.70043,34.34633],[-117.70043,34.34606],[-117.70075,34.34588],[-117.70118,34.34498],[-117.70161,34.3447],[-117.70171,34.34398],[-117.70225,34.34353],[-117.7016,34.34353],[-117.70106,34.34399],[-117.70096,34.3448],[-117.70031,34.34552],[-117.69836,34.34571],[-117.69771,34.34626],[-117.69467,34.34628],[-117.69423,34.34646],[-117.69369,34.34646],[-117.69326,34.34664],[-117.69293,34.34701],[-117.69163,34.34711],[-117.69022,34.34829],[-117.69012,34.34865],[-117.6898,34.34892],[-117.6898,34.34928],[-117.68904,34.34964],[-117.68796,34.35055],[-117.68742,34.35146],[-117.68656,34.352],[-117.68635,34.35291],[-117.6857,34.35336],[-117.6856,34.3539],[-117.68538,34.35399],[-117.68495,34.35508],[-117.68463,34.35526],[-117.68441,34.35562],[-117.6842,34.35635],[-117.68333,34.35671],[-117.68399,34.35725],[-117.68399,34.35752],[-117.68509,34.35841],[-117.68563,34.3585],[-117.6864,34.35913],[-117.68651,34.35994],[-117.68728,34.36021],[-117.68783,34.36074],[-117.68783,34.36101],[-117.68848,34.36128],[-117.68958,34.36236]]]}},{"type":"Feature","properties":{"id":79,"area_km2":1.452,"T":0.773,"F":0.55,"S":0.244,"p_24":0.819,"threshold_mm_hr":16.957,"thr_min":16.725,"thr_max":18.82,"thr_spread":2.095,"stability":"always","frac_high":1.0,"baer_threshold":19.354,"baer_agreement":"confirms_high"},"geometry":{"type":"Polygon","coordinates":[[[-117.68203,34.35735],[-117.68268,34.35708],[-117.6829,34.35671],[-117.68344,34.35671],[-117.6842,34.35635],[-117.68441,34.35562],[-117.68463,34.35526],[-117.68495,34.35508],[-117.68538,34.35399],[-117.6856,34.3539],[-117.6857,34.35336],[-117.68635,34.35291],[-117.68656,34.352],[-117.68742,34.35146],[-117.68796,34.35055],[-117.68904,34.34964],[-117.6898,34.34928],[-117.6898,34.34892],[-117.69012,34.34865],[-117.69022,34.34829],[-117.69163,34.34711],[-117.69293,34.34701],[-117.69326,34.34664],[-117.69369,34.34655],[-117.6939,34.34556],[-117.69389,34.34421],[-117.69356,34.34376],[-117.69355,34.34331],[-117.69387,34.34231],[-117.69387,34.34168],[-117.69419,34.34141],[-117.69495,34.3414],[-117.69506,34.34104],[-117.69462,34.34087],[-117.69396,34.34024],[-117.69299,34.34033],[-117.68981,34.33765],[-117.68948,34.33756],[-117.68764,34.33748],[-117.68688,34.33802],[-117.68601,34.33812],[-117.68601,34.33866],[-117.68569,34.33884],[-117.68559,34.33938],[-117.6857,34.34001],[-117.68592,34.34028],[-117.68582,34.34146],[-117.68604,34.34164],[-117.68605,34.34272],[-117.68583,34.34281],[-117.6853,34.34398],[-117.6852,34.34489],[-117.68487,34.34543],[-117.68499,34.34615],[-117.68456,34.34642],[-117.68456,34.34669],[-117.68402,34.3476],[-117.6838,34.3476],[-117.68283,34.3486],[-117.68229,34.34878],[-117.68078,34.35014],[-117.68013,34.35024],[-117.67959,34.35078],[-117.67839,34.35097],[-117.67829,34.35115],[-117.67764,34.35124],[-117.67742,34.35142],[-117.67666,34.35143],[-117.67612,34.35188],[-117.67579,34.35188],[-117.67765,34.35359],[-117.67853,34.35376],[-117.68071,34.35537],[-117.68083,34.356],[-117.68116,34.35618],[-117.68127,34.35672],[-117.68203,34.35735]]]}},{"type":"Feature","properties":{"id":80,"area_km2":1.43,"T":0.919,"F":0.633,"S":0.244,"p_24":0.9,"threshold_mm_hr":14.941,"thr_min":14.809,"thr_max":16.19,"thr_spread":1.381,"stability":"always","frac_high":1.0,"baer_threshold":16.144,"baer_agreement":"confirms_high"},"geometry":{"type":"Polygon","coordinates":[[[-117.73997,34.34285],[-117.74117,34.34267],[-117.7441,34.34256],[-117.74497,34.34192],[-117.74507,34.34156],[-117.74561,34.3412],[-117.74572,34.34038],[-117.74593,34.3402],[-117.74669,34.34002],[-117.74766,34.33929],[-117.7481,34.3392],[-117.74831,34.33893],[-117.74983,34.33883],[-117.7495,34.33811],[-117.74906,34.33766],[-117.74906,34.33739],[-117.74742,34.33614],[-117.7472,34.33569],[-117.74654,34.33542],[-117.74535,34.33543],[-117.74513,34.33525],[-117.74469,34.33525],[-117.74393,34.33471],[-117.7411,34.33473],[-117.74045,34.33455],[-117.74012,34.33429],[-117.73957,34.3342],[-117.73935,34.33393],[-117.73892,34.33375],[-117.73739,34.33367],[-117.73696,34.33322],[-117.73608,34.33287],[-117.73554,34.33305],[-117.73425,34.33414],[-117.73316,34.33442],[-117.73197,34.33551],[-117.73176,34.33614],[-117.73144,34.33641],[-117.73035,34.33669],[-117.72895,34.3376],[-117.72786,34.33788],[-117.72645,34.33798],[-117.72656,34.33852],[-117.72711,34.33896],[-117.72712,34.33959],[-117.728,34.34049],[-117.72854,34.3404],[-117.72929,34.33967],[-117.72984,34.33967],[-117.73049,34.34003],[-117.73061,34.34066],[-117.73082,34.34065],[-117.73159,34.34146],[-117.73203,34.34155],[-117.73268,34.34209],[-117.73356,34.34244],[-117.73617,34.34243],[-117.73671,34.3426],[-117.73823,34.34268],[-117.73867,34.34286],[-117.73997,34.34285]]]}},{"type":"Feature","properties":{"id":81,"area_km2":1.414,"T":0.009,"F":0.0,"S":0.243,"p_24":0.07,"threshold_mm_hr":83.451,"thr_min":80.942,"thr_max":119.443,"thr_spread":38.501,"stability":"never","frac_high":0.0,"baer_threshold":85.226,"baer_agreement":"confirms_not_high"},"geometry":{"type":"MultiPolygon","coordinates":[[[[-117.60978,34.35034],[-117.61594,34.34516],[-117.61594,34.34489],[-117.61821,34.34308],[-117.61809,34.34164],[-117.61743,34.34119],[-117.61743,34.34092],[-117.6171,34.34065],[-117.61699,34.3402],[-117.6159,34.3393],[-117.61568,34.3393],[-117.61611,34.33876],[-117.61632,34.33741],[-117.61718,34.33668],[-117.6174,34.33668],[-117.61783,34.33614],[-117.61805,34.33614],[-117.61859,34.33568],[-117.61946,34.33541],[-117.61956,34.33523],[-117.62043,34.33504],[-117.62293,34.33512],[-117.62423,34.33475],[-117.62499,34.33412],[-117.6252,34.33357],[-117.62564,34.3333],[-117.62574,34.33303],[-117.62661,34.33267],[-117.62715,34.33266],[-117.6278,34.3323],[-117.63019,34.3322],[-117.63118,34.33273],[-117.63237,34.33273],[-117.63292,34.33326],[-117.63325,34.33326],[-117.63368,34.33362],[-117.63369,34.3338],[-117.63336,34.3338],[-117.63293,34.33417],[-117.63282,34.33462],[-117.63228,34.33534],[-117.63229,34.33561],[-117.63207,34.33579],[-117.63207,34.33642],[-117.63164,34.33688],[-117.63143,34.33742],[-117.631,34.33778],[-117.631,34.33859],[-117.63057,34.33887],[-117.63047,34.33968],[-117.63004,34.3404],[-117.62863,34.34077],[-117.6282,34.34122],[-117.62776,34.34141],[-117.62755,34.34195],[-117.62624,34.34196],[-117.62581,34.34214],[-117.62462,34.34223],[-117.62386,34.34251],[-117.62375,34.34278],[-117.62267,34.34324],[-117.62213,34.34405],[-117.62191,34.34405],[-117.6217,34.34432],[-117.62104,34.34442],[-117.62094,34.3446],[-117.61811,34.34452],[-117.61498,34.34715],[-117.61498,34.34742],[-117.61379,34.34842],[-117.6138,34.3495],[-117.61336,34.34969],[-117.61293,34.35023],[-117.61239,34.35032],[-117.61228,34.3505],[-117.61141,34.35051],[-117.60978,34.35034]]],[[[-117.60967,34.35034],[-117.60978,34.35034],[-117.60978,34.35043],[-117.60967,34.35043],[-117.60967,34.35034]]],[[[-117.60967,34.35043],[-117.60956,34.35052],[-117.60956,34.35043],[-117.60967,34.35043]]],[[[-117.60956,34.35061],[-117.60945,34.35052],[-117.60956,34.35052],[-117.60956,34.35061]]],[[[-117.60935,34.35061],[-117.60946,34.3507],[-117.60935,34.3507],[-117.60935,34.35061]]],[[[-117.60935,34.3507],[-117.60924,34.35079],[-117.60924,34.3507],[-117.60935,34.3507]]],[[[-117.60913,34.35088],[-117.60924,34.35079],[-117.60924,34.35088],[-117.60913,34.35088]]],[[[-117.60913,34.35088],[-117.60902,34.35097],[-117.60902,34.35088],[-117.60913,34.35088]]],[[[-117.60902,34.35106],[-117.60891,34.35097],[-117.60902,34.35097],[-117.60902,34.35106]]],[[[-117.60881,34.35106],[-117.60892,34.35115],[-117.60881,34.35115],[-117.60881,34.35106]]]]}},{"type":"Feature","properties":{"id":83,"area_km2":1.365,"T":0.0,"F":0.0,"S":0.25,"p_24":0.071,"threshold_mm_hr":82.858,"thr_min":82.858,"thr_max":118.59,"thr_spread":35.732,"stability":"never","frac_high":0.0,"baer_threshold":82.858,"baer_agreement":"confirms_not_high"},"geometry":{"type":"Polygon","coordinates":[[[-117.76441,34.35172],[-117.76504,34.34991],[-117.76492,34.34829],[-117.7647,34.34811],[-117.7647,34.34775],[-117.76448,34.34748],[-117.76447,34.34658],[-117.76469,34.3464],[-117.76479,34.34595],[-117.76478,34.34478],[-117.765,34.34459],[-117.7651,34.34351],[-117.76531,34.34315],[-117.76639,34.34224],[-117.76627,34.34116],[-117.76659,34.34089],[-117.7668,34.33953],[-117.76755,34.33899],[-117.76755,34.33818],[-117.76787,34.33745],[-117.76786,34.33718],[-117.76765,34.33709],[-117.76764,34.33601],[-117.76785,34.33583],[-117.76774,34.33547],[-117.76796,34.33538],[-117.76828,34.33483],[-117.76826,34.33321],[-117.76837,34.33285],[-117.76912,34.33221],[-117.76944,34.33131],[-117.76912,34.33158],[-117.76771,34.33168],[-117.76749,34.33213],[-117.76695,34.33259],[-117.7663,34.33277],[-117.76501,34.33386],[-117.76447,34.33396],[-117.76285,34.33541],[-117.76263,34.33541],[-117.76155,34.33641],[-117.76133,34.33641],[-117.75778,34.3395],[-117.7556,34.33951],[-117.7542,34.34069],[-117.75442,34.34114],[-117.75454,34.3424],[-117.7552,34.34285],[-117.7552,34.34312],[-117.75542,34.34321],[-117.75564,34.34384],[-117.75608,34.3442],[-117.7563,34.3442],[-117.75663,34.34474],[-117.75695,34.34491],[-117.75707,34.34527],[-117.75827,34.34653],[-117.75828,34.34698],[-117.75861,34.34716],[-117.75861,34.34734],[-117.75894,34.34761],[-117.75948,34.34769],[-117.75948,34.34788],[-117.7597,34.34796],[-117.75938,34.34824],[-117.75938,34.3486],[-117.76014,34.34904],[-117.76037,34.34958],[-117.7608,34.34958],[-117.76157,34.3503],[-117.76211,34.35038],[-117.76244,34.35074],[-117.76331,34.35092],[-117.76441,34.35172]]]}},{"type":"Feature","properties":{"id":84,"area_km2":1.365,"T":0.456,"F":0.489,"S":0.244,"p_24":0.619,"threshold_mm_hr":21.178,"thr_min":20.632,"thr_max":24.299,"thr_spread":3.667,"stability":"sometimes","frac_high":0.333,"baer_threshold":24.029,"baer_agreement":"unstable_anchor_not_high"},"geometry":{"type":"Polygon","coordinates":[[[-117.66442,34.34338],[-117.66507,34.34292],[-117.66517,34.3422],[-117.66582,34.34175],[-117.66603,34.34129],[-117.66809,34.34047],[-117.66885,34.34038],[-117.66939,34.33983],[-117.67146,34.33982],[-117.67211,34.33955],[-117.67297,34.33945],[-117.67308,34.33927],[-117.67341,34.33927],[-117.67373,34.339],[-117.67536,34.33845],[-117.67601,34.33844],[-117.67667,34.3388],[-117.67754,34.33871],[-117.67851,34.33771],[-117.67871,34.33672],[-117.67968,34.33563],[-117.68055,34.33526],[-117.68087,34.3349],[-117.68185,34.33444],[-117.68239,34.3339],[-117.68293,34.33381],[-117.68358,34.33326],[-117.68554,34.33325],[-117.68543,34.33307],[-117.68564,34.33289],[-117.68531,34.33262],[-117.68292,34.33263],[-117.68281,34.33282],[-117.68151,34.33291],[-117.67542,34.33286],[-117.67509,34.33259],[-117.67379,34.3326],[-117.67346,34.33242],[-117.67292,34.33242],[-117.67205,34.33206],[-117.67194,34.33188],[-117.67117,34.3318],[-117.66737,34.33173],[-117.66683,34.33209],[-117.66596,34.33228],[-117.66326,34.33455],[-117.66328,34.33644],[-117.66273,34.3368],[-117.66263,34.33744],[-117.66209,34.33798],[-117.66199,34.33843],[-117.66123,34.33898],[-117.66124,34.33997],[-117.66168,34.34069],[-117.66211,34.34096],[-117.66255,34.34158],[-117.66343,34.34221],[-117.66343,34.34239],[-117.66398,34.34284],[-117.66398,34.34311],[-117.66442,34.34338]]]}},{"type":"Feature","properties":{"id":85,"area_km2":1.307,"T":0.12,"F":0.14,"S":0.244,"p_24":0.148,"threshold_mm_hr":46.31,"thr_min":42.446,"thr_max":59.893,"thr_spread":17.448,"stability":"never","frac_high":0.0,"baer_threshold":53.087,"baer_agreement":"confirms_not_high"},"geometry":{"type":"Polygon","coordinates":[[[-117.62343,34.35829],[-117.63348,34.34976],[-117.63413,34.34976],[-117.63445,34.3494],[-117.63478,34.3494],[-117.63533,34.34994],[-117.63566,34.34993],[-117.63609,34.3502],[-117.63653,34.3502],[-117.63664,34.35038],[-117.63751,34.35056],[-117.63773,34.35073],[-117.6387,34.34965],[-117.6388,34.34829],[-117.63912,34.34802],[-117.63912,34.34748],[-117.63976,34.34685],[-117.63998,34.34621],[-117.64041,34.34585],[-117.64051,34.34522],[-117.64105,34.3444],[-117.64115,34.34305],[-117.64092,34.34224],[-117.64135,34.34152],[-117.64156,34.34061],[-117.64178,34.34052],[-117.64176,34.33827],[-117.64198,34.33791],[-117.64187,34.33746],[-117.6411,34.33683],[-117.63979,34.33666],[-117.63968,34.33648],[-117.63947,34.33648],[-117.63947,34.3363],[-117.63914,34.33621],[-117.63913,34.33567],[-117.6387,34.33522],[-117.63869,34.33495],[-117.63738,34.33387],[-117.63706,34.33387],[-117.63706,34.33405],[-117.63662,34.33406],[-117.63651,34.33388],[-117.63575,34.33379],[-117.63499,34.33343],[-117.63444,34.33344],[-117.63379,34.33362],[-117.63369,34.3338],[-117.63336,34.3338],[-117.63293,34.33417],[-117.63282,34.33462],[-117.63228,34.33534],[-117.63229,34.33561],[-117.63207,34.33579],[-117.63207,34.33642],[-117.63164,34.33688],[-117.63143,34.33742],[-117.631,34.33778],[-117.6309,34.33869],[-117.63144,34.33913],[-117.63145,34.34022],[-117.63167,34.34049],[-117.63189,34.34048],[-117.63233,34.34138],[-117.63288,34.34183],[-117.63299,34.34228],[-117.63397,34.34318],[-117.63441,34.34408],[-117.6342,34.34507],[-117.63377,34.34552],[-117.63356,34.34553],[-117.63324,34.34643],[-117.63335,34.34733],[-117.63401,34.34805],[-117.63401,34.34859],[-117.63261,34.34968],[-117.63261,34.35004],[-117.62278,34.35821],[-117.62343,34.35829]]]}},{"type":"Feature","properties":{"id":86,"area_km2":1.306,"T":0.878,"F":0.707,"S":0.274,"p_24":0.926,"threshold_mm_hr":14.16,"thr_min":14.16,"thr_max":14.728,"thr_spread":0.568,"stability":"always","frac_high":1.0,"baer_threshold":14.237,"baer_agreement":"confirms_high"},"geometry":{"type":"Polygon","coordinates":[[[-117.7107,34.2487],[-117.71146,34.2486],[-117.71145,34.24842],[-117.7121,34.24788],[-117.71297,34.24778],[-117.71318,34.24733],[-117.71351,34.24733],[-117.71383,34.24697],[-117.71513,34.24669],[-117.71535,34.24642],[-117.71567,34.24632],[-117.71588,34.2456],[-117.71664,34.24487],[-117.71718,34.24478],[-117.71761,34.24442],[-117.71848,34.24441],[-117.7188,34.24414],[-117.71891,34.24351],[-117.71934,34.24324],[-117.71966,34.24269],[-117.72031,34.24233],[-117.7203,34.24188],[-117.72074,34.2416],[-117.72084,34.24124],[-117.72149,34.24097],[-117.72149,34.2407],[-117.72213,34.23997],[-117.72223,34.2388],[-117.72255,34.23844],[-117.72277,34.23844],[-117.7232,34.23771],[-117.72353,34.23771],[-117.72385,34.23744],[-117.72395,34.23663],[-117.7246,34.23635],[-117.72471,34.23617],[-117.72634,34.23616],[-117.72644,34.23571],[-117.72698,34.23534],[-117.72698,34.23516],[-117.72752,34.23516],[-117.72763,34.23498],[-117.72795,34.23498],[-117.72763,34.23471],[-117.72741,34.23471],[-117.72719,34.23408],[-117.72664,34.23363],[-117.72631,34.23364],[-117.7262,34.23346],[-117.72479,34.23337],[-117.72436,34.23365],[-117.72425,34.23401],[-117.72306,34.2342],[-117.72252,34.23456],[-117.72209,34.23465],[-117.72166,34.2352],[-117.72025,34.23538],[-117.71938,34.23593],[-117.71743,34.23585],[-117.7171,34.23558],[-117.71645,34.23559],[-117.7158,34.23586],[-117.71515,34.23587],[-117.71472,34.23605],[-117.71374,34.23578],[-117.7132,34.23696],[-117.71277,34.23732],[-117.71223,34.23742],[-117.71169,34.23787],[-117.71137,34.23787],[-117.71104,34.23814],[-117.71104,34.23832],[-117.7105,34.23869],[-117.7104,34.23923],[-117.70997,34.2395],[-117.71008,34.24031],[-117.70933,34.2414],[-117.70934,34.24185],[-117.70977,34.24212],[-117.70977,34.2423],[-117.71043,34.24302],[-117.71055,34.24428],[-117.71012,34.24437],[-117.70979,34.24464],[-117.7098,34.24482],[-117.70958,34.24483],[-117.70915,34.24528],[-117.70894,34.24591],[-117.70894,34.24663],[-117.70862,34.24718],[-117.7084,34.24727],[-117.70961,34.24825],[-117.7107,34.2487]]]}},{"type":"Feature","properties":{"id":87,"area_km2":1.273,"T":0.001,"F":0.038,"S":0.297,"p_24":0.097,"threshold_mm_hr":62.2,"thr_min":62.14,"thr_max":63.987,"thr_spread":1.847,"stability":"never","frac_high":0.0,"baer_threshold":62.329,"baer_agreement":"confirms_not_high"},"geometry":{"type":"MultiPolygon","coordinates":[[[[-117.64579,34.39578],[-117.6459,34.39569],[-117.6459,34.39578],[-117.64579,34.39578]]],[[[-117.64579,34.39578],[-117.6457,34.39831],[-117.64549,34.39858],[-117.64549,34.39948],[-117.64528,34.39984],[-117.64541,34.40237],[-117.64552,34.40264],[-117.64607,34.403],[-117.64629,34.40399],[-117.64695,34.40434],[-117.6475,34.40542],[-117.64772,34.40551],[-117.64805,34.40605],[-117.64816,34.40668],[-117.64849,34.40686],[-117.64882,34.4074],[-117.64894,34.40857],[-117.64829,34.40912],[-117.64862,34.40966],[-117.64732,34.41074],[-117.64689,34.41147],[-117.6469,34.41183],[-117.64636,34.41246],[-117.64658,34.41273],[-117.64701,34.41291],[-117.64702,34.41345],[-117.6468,34.41372],[-117.64692,34.41508],[-117.64671,34.41625],[-117.64606,34.41652],[-117.64574,34.41698],[-117.64568,34.42347],[-117.64525,34.4241],[-117.64526,34.42518],[-117.64493,34.42555],[-117.64483,34.42609],[-117.6445,34.42636],[-117.6444,34.4269],[-117.64386,34.42736],[-117.64354,34.42871],[-117.64333,34.42889],[-117.64322,34.42934],[-117.64279,34.42944],[-117.64278,34.4289],[-117.64245,34.42872],[-117.64244,34.42637],[-117.64167,34.42529],[-117.64175,34.42151],[-117.64153,34.42133],[-117.6415,34.41781],[-117.64128,34.41772],[-117.64128,34.41736],[-117.64062,34.41709],[-117.6403,34.41673],[-117.64007,34.41601],[-117.64017,34.41493],[-117.64006,34.4143],[-117.63984,34.41421],[-117.63984,34.41358],[-117.64048,34.41304],[-117.64048,34.41258],[-117.64081,34.41249],[-117.64091,34.41222],[-117.64135,34.41195],[-117.64155,34.41069],[-117.64188,34.4105],[-117.64209,34.41014],[-117.64264,34.41005],[-117.64296,34.40978],[-117.64306,34.4086],[-117.6436,34.40833],[-117.64382,34.40761],[-117.64457,34.40697],[-117.64479,34.40652],[-117.64478,34.40562],[-117.64412,34.40508],[-117.64412,34.4049],[-117.64379,34.40463],[-117.64358,34.40463],[-117.64357,34.40373],[-117.64313,34.40328],[-117.64313,34.40301],[-117.64335,34.40292],[-117.64367,34.40238],[-117.64366,34.4013],[-117.64344,34.40085],[-117.64322,34.40076],[-117.64321,34.39958],[-117.64375,34.39913],[-117.64374,34.39778],[-117.64439,34.39732],[-117.64482,34.3966],[-117.64536,34.39624],[-117.64536,34.39606],[-117.64568,34.39578],[-117.64579,34.39578]]]]}},{"type":"Feature","properties":{"id":88,"area_km2":1.224,"T":0.39,"F":0.284,"S":0.244,"p_24":0.376,"threshold_mm_hr":27.874,"thr_min":26.171,"thr_max":35.063,"thr_spread":8.892,"stability":"never","frac_high":0.0,"baer_threshold":36.245,"baer_agreement":"confirms_not_high"},"geometry":{"type":"Polygon","coordinates":[[[-117.67393,34.35009],[-117.67663,34.34773],[-117.67695,34.34656],[-117.67738,34.3461],[-117.67748,34.34511],[-117.67725,34.34358],[-117.67746,34.34304],[-117.67789,34.34276],[-117.67789,34.34258],[-117.67833,34.3424],[-117.67886,34.3414],[-117.6794,34.34113],[-117.67962,34.3405],[-117.67983,34.34041],[-117.67993,34.33923],[-117.68014,34.33878],[-117.68003,34.33842],[-117.68036,34.33806],[-117.68024,34.33734],[-117.68078,34.33698],[-117.68089,34.33652],[-117.68143,34.33616],[-117.68186,34.33517],[-117.68272,34.33507],[-117.68283,34.33489],[-117.6837,34.33488],[-117.68392,34.33506],[-117.68501,34.33515],[-117.68544,34.33542],[-117.6862,34.33532],[-117.68555,34.33469],[-117.685,34.33452],[-117.68381,34.33452],[-117.68326,34.33435],[-117.68185,34.33435],[-117.67914,34.33608],[-117.67893,34.33662],[-117.67871,34.33672],[-117.67851,34.33771],[-117.67754,34.33871],[-117.67667,34.3388],[-117.67634,34.33853],[-117.67536,34.33845],[-117.67503,34.33863],[-117.6746,34.33863],[-117.67449,34.33881],[-117.67417,34.33882],[-117.67363,34.33918],[-117.67308,34.33927],[-117.67297,34.33945],[-117.67211,34.33955],[-117.67146,34.33982],[-117.66972,34.33974],[-117.66939,34.33983],[-117.66885,34.34038],[-117.66809,34.34047],[-117.66603,34.34129],[-117.66582,34.34175],[-117.66517,34.3422],[-117.66507,34.34292],[-117.66463,34.34329],[-117.66442,34.34329],[-117.66431,34.34356],[-117.66508,34.34428],[-117.66497,34.34455],[-117.66541,34.34527],[-117.66542,34.34599],[-117.66608,34.34707],[-117.6664,34.34724],[-117.66847,34.34714],[-117.66891,34.34759],[-117.66923,34.34759],[-117.66956,34.34795],[-117.67054,34.34794],[-117.67131,34.34848],[-117.67207,34.34857],[-117.67229,34.34875],[-117.67229,34.34911],[-117.67262,34.34929],[-117.67273,34.34983],[-117.67338,34.34973],[-117.6736,34.35],[-117.67393,34.35009]]]}},{"type":"Feature","properties":{"id":90,"area_km2":1.205,"T":0.605,"F":0.365,"S":0.244,"p_24":0.587,"threshold_mm_hr":21.888,"thr_min":20.861,"thr_max":25.746,"thr_spread":4.885,"stability":"sometimes","frac_high":0.167,"baer_threshold":27.753,"baer_agreement":"unstable_anchor_not_high"},"geometry":{"type":"Polygon","coordinates":[[[-117.69366,34.30354],[-117.69366,34.30317],[-117.69398,34.30299],[-117.69397,34.30155],[-117.6943,34.30128],[-117.69429,34.30101],[-117.69451,34.30092],[-117.69461,34.30028],[-117.69483,34.30001],[-117.69482,34.29911],[-117.69569,34.29856],[-117.69666,34.29829],[-117.69742,34.29765],[-117.6974,34.29576],[-117.69718,34.29558],[-117.69738,34.29278],[-117.69694,34.2927],[-117.69661,34.29189],[-117.69595,34.29144],[-117.69595,34.29126],[-117.69562,34.29099],[-117.69497,34.29099],[-117.69388,34.29055],[-117.69301,34.29046],[-117.69269,34.29074],[-117.69204,34.29092],[-117.69171,34.29119],[-117.69171,34.29137],[-117.69107,34.29165],[-117.69063,34.2921],[-117.68966,34.29238],[-117.68879,34.29274],[-117.68869,34.29292],[-117.68641,34.2933],[-117.68521,34.29375],[-117.68228,34.29404],[-117.68153,34.29459],[-117.68099,34.29477],[-117.68077,34.29504],[-117.6798,34.2955],[-117.6798,34.29658],[-117.68068,34.2973],[-117.68155,34.29738],[-117.68264,34.29801],[-117.68438,34.29809],[-117.68449,34.29827],[-117.68482,34.29826],[-117.68514,34.29853],[-117.68569,34.29853],[-117.6858,34.29871],[-117.68602,34.29871],[-117.68602,34.29889],[-117.68645,34.29925],[-117.68722,34.29924],[-117.68798,34.29951],[-117.6882,34.29978],[-117.68907,34.30013],[-117.68918,34.3004],[-117.68962,34.30049],[-117.68994,34.30076],[-117.68995,34.30094],[-117.69071,34.30103],[-117.69191,34.3021],[-117.69246,34.30219],[-117.69289,34.30255],[-117.6929,34.303],[-117.69366,34.30354]]]}},{"type":"Feature","properties":{"id":91,"area_km2":1.174,"T":0.902,"F":0.691,"S":0.259,"p_24":0.921,"threshold_mm_hr":14.314,"thr_min":14.185,"thr_max":15.11,"thr_spread":0.925,"stability":"always","frac_high":1.0,"baer_threshold":14.843,"baer_agreement":"confirms_high"},"geometry":{"type":"Polygon","coordinates":[[[-117.69267,34.26269],[-117.69419,34.26259],[-117.69506,34.26204],[-117.69571,34.26186],[-117.6969,34.26185],[-117.69809,34.2614],[-117.69929,34.2613],[-117.70016,34.26156],[-117.70233,34.26155],[-117.70309,34.2611],[-117.7045,34.26091],[-117.70461,34.26073],[-117.70547,34.26054],[-117.70623,34.26009],[-117.70732,34.25999],[-117.70818,34.25962],[-117.70959,34.25971],[-117.70981,34.25943],[-117.711,34.25925],[-117.71176,34.2587],[-117.71186,34.25825],[-117.71219,34.25807],[-117.71261,34.25725],[-117.71283,34.25716],[-117.71283,34.2568],[-117.71217,34.25626],[-117.71227,34.25545],[-117.71184,34.25536],[-117.7114,34.25455],[-117.71107,34.25447],[-117.71074,34.25411],[-117.70977,34.2542],[-117.70868,34.25466],[-117.70706,34.25485],[-117.70673,34.25467],[-117.70597,34.25459],[-117.7052,34.25405],[-117.70434,34.25442],[-117.70292,34.25442],[-117.70151,34.25425],[-117.70118,34.25416],[-117.70097,34.25389],[-117.70031,34.2539],[-117.69999,34.25363],[-117.69923,34.25372],[-117.69869,34.25418],[-117.69793,34.25445],[-117.69782,34.25481],[-117.69739,34.255],[-117.69739,34.25527],[-117.69653,34.2559],[-117.69632,34.25636],[-117.69567,34.25681],[-117.69545,34.25726],[-117.69513,34.25744],[-117.69502,34.2579],[-117.69427,34.25835],[-117.69395,34.25898],[-117.69298,34.2598],[-117.69276,34.2598],[-117.69276,34.25998],[-117.69211,34.26044],[-117.6919,34.26089],[-117.69125,34.26143],[-117.69125,34.2617],[-117.69158,34.2617],[-117.69267,34.26269]]]}},{"type":"Feature","properties":{"id":92,"area_km2":1.169,"T":0.842,"F":0.628,"S":0.263,"p_24":0.888,"threshold_mm_hr":15.28,"thr_min":15.248,"thr_max":16.056,"thr_spread":0.808,"stability":"always","frac_high":1.0,"baer_threshold":15.588,"baer_agreement":"confirms_high"},"geometry":{"type":"MultiPolygon","coordinates":[[[[-117.74241,34.23679],[-117.74252,34.23687],[-117.74241,34.23688],[-117.74241,34.23679]]],[[[-117.74241,34.23697],[-117.7423,34.23688],[-117.74241,34.23688],[-117.74241,34.23697]]],[[[-117.7422,34.23697],[-117.74231,34.23706],[-117.7422,34.23706],[-117.7422,34.23697]]],[[[-117.74885,34.24044],[-117.74874,34.24053],[-117.74874,34.24044],[-117.74885,34.24044]]],[[[-117.74874,34.24053],[-117.74875,34.2418],[-117.74854,34.24189],[-117.74833,34.24279],[-117.74834,34.24378],[-117.74812,34.24424],[-117.74791,34.24433],[-117.74781,34.24523],[-117.74726,34.24532],[-117.74695,34.2465],[-117.74652,34.24677],[-117.7463,34.24713],[-117.74609,34.24713],[-117.74544,34.24759],[-117.74523,34.24813],[-117.74479,34.2484],[-117.74448,34.24922],[-117.7435,34.24977],[-117.7434,34.25076],[-117.74308,34.25103],[-117.74286,34.25103],[-117.74254,34.2513],[-117.74254,34.25148],[-117.74157,34.25176],[-117.74135,34.25203],[-117.74005,34.25204],[-117.73983,34.25186],[-117.7382,34.25151],[-117.73766,34.25169],[-117.73711,34.25161],[-117.7371,34.24998],[-117.73666,34.24972],[-117.73655,34.24945],[-117.73675,34.248],[-117.73621,34.24792],[-117.73545,34.24729],[-117.73501,34.2472],[-117.73478,34.24612],[-117.73845,34.24276],[-117.73844,34.24195],[-117.73865,34.2415],[-117.73898,34.24132],[-117.73995,34.24122],[-117.74093,34.24067],[-117.74092,34.23995],[-117.74156,34.23923],[-117.74156,34.2385],[-117.74134,34.23814],[-117.74155,34.23724],[-117.7422,34.23706],[-117.74231,34.23769],[-117.74296,34.23777],[-117.74329,34.23813],[-117.74351,34.23813],[-117.74395,34.23858],[-117.74427,34.23867],[-117.74472,34.23948],[-117.74504,34.23975],[-117.74505,34.2402],[-117.74527,34.24047],[-117.74603,34.24046],[-117.74635,34.24064],[-117.74766,34.24045],[-117.74809,34.24063],[-117.74874,34.24053]]]]}},{"type":"Feature","properties":{"id":93,"area_km2":1.116,"T":0.579,"F":0.497,"S":0.244,"p_24":0.694,"threshold_mm_hr":19.579,"thr_min":18.738,"thr_max":22.553,"thr_spread":3.815,"stability":"sometimes","frac_high":0.833,"baer_threshold":22.935,"baer_agreement":"unstable_anchor_not_high"},"geometry":{"type":"Polygon","coordinates":[[[-117.67579,34.35197],[-117.67666,34.35143],[-117.67742,34.35142],[-117.67764,34.35124],[-117.67829,34.35115],[-117.67839,34.35097],[-117.67959,34.35078],[-117.68013,34.35024],[-117.68078,34.35014],[-117.68229,34.34878],[-117.68283,34.3486],[-117.68305,34.34824],[-117.6838,34.3476],[-117.68402,34.3476],[-117.68456,34.34669],[-117.68456,34.34642],[-117.68499,34.34615],[-117.68487,34.34543],[-117.6852,34.34489],[-117.6853,34.34398],[-117.68573,34.34326],[-117.68572,34.34299],[-117.68605,34.34272],[-117.68604,34.34164],[-117.68582,34.34146],[-117.68592,34.34028],[-117.68559,34.33956],[-117.68569,34.33875],[-117.68547,34.33866],[-117.68536,34.33821],[-117.68655,34.33721],[-117.68698,34.33703],[-117.68915,34.33711],[-117.68926,34.33693],[-117.68948,34.33693],[-117.6886,34.33612],[-117.68795,34.33612],[-117.68784,34.3363],[-117.68621,34.33622],[-117.6849,34.33515],[-117.68392,34.33506],[-117.6837,34.33488],[-117.68283,34.33489],[-117.68272,34.33507],[-117.68186,34.33517],[-117.68143,34.33616],[-117.68089,34.33652],[-117.68078,34.33698],[-117.68024,34.33734],[-117.68036,34.33806],[-117.68003,34.33842],[-117.68014,34.33878],[-117.67993,34.33923],[-117.67983,34.34041],[-117.67962,34.3405],[-117.6794,34.34113],[-117.67886,34.3414],[-117.67833,34.3424],[-117.67789,34.34258],[-117.67789,34.34276],[-117.67746,34.34304],[-117.67725,34.34358],[-117.67748,34.34511],[-117.67738,34.3461],[-117.67695,34.34656],[-117.67663,34.34773],[-117.67393,34.35],[-117.67393,34.35054],[-117.67437,34.35063],[-117.67437,34.35099],[-117.67481,34.35162],[-117.67579,34.35197]]]}},{"type":"Feature","properties":{"id":97,"area_km2":1.05,"T":0.195,"F":0.161,"S":0.339,"p_24":0.253,"threshold_mm_hr":34.17,"thr_min":33.508,"thr_max":36.478,"thr_spread":2.97,"stability":"never","frac_high":0.0,"baer_threshold":36.527,"baer_agreement":"confirms_not_high"},"geometry":{"type":"MultiPolygon","coordinates":[[[[-117.67413,34.21193],[-117.67424,34.21184],[-117.67424,34.21193],[-117.67413,34.21193]]],[[[-117.67413,34.21193],[-117.67403,34.21337],[-117.67556,34.21463],[-117.67611,34.21462],[-117.67633,34.21489],[-117.67665,34.21489],[-117.67698,34.21516],[-117.6772,34.21516],[-117.67752,34.21543],[-117.67753,34.21561],[-117.67807,34.21587],[-117.67807,34.21606],[-117.6784,34.21632],[-117.6784,34.21659],[-117.67895,34.21695],[-117.67906,34.21731],[-117.67939,34.21758],[-117.68156,34.21757],[-117.6821,34.21775],[-117.68525,34.21773],[-117.68558,34.21791],[-117.68525,34.21809],[-117.68504,34.21863],[-117.68482,34.21872],[-117.6844,34.21954],[-117.68407,34.21981],[-117.68342,34.2199],[-117.68288,34.22036],[-117.68234,34.22036],[-117.68202,34.22072],[-117.68126,34.221],[-117.68094,34.22127],[-117.68094,34.22154],[-117.68062,34.2219],[-117.67888,34.22245],[-117.67834,34.22291],[-117.67509,34.22302],[-117.67466,34.22338],[-117.67401,34.22347],[-117.6739,34.22365],[-117.67216,34.22384],[-117.67194,34.22357],[-117.67162,34.22349],[-117.67161,34.22313],[-117.66899,34.22097],[-117.66867,34.22098],[-117.66823,34.22071],[-117.6679,34.2199],[-117.668,34.21873],[-117.66832,34.21854],[-117.66832,34.21791],[-117.66961,34.21691],[-117.66971,34.21601],[-117.67058,34.21537],[-117.67079,34.21537],[-117.67122,34.21492],[-117.67176,34.21474],[-117.67187,34.21429],[-117.67241,34.21383],[-117.67263,34.21383],[-117.67262,34.21365],[-117.67338,34.2131],[-117.67359,34.21229],[-117.67402,34.21193],[-117.67413,34.21193]]]]}},{"type":"Feature","properties":{"id":98,"area_km2":1.01,"T":0.607,"F":0.425,"S":0.244,"p_24":0.644,"threshold_mm_hr":20.622,"thr_min":19.958,"thr_max":23.498,"thr_spread":3.54,"stability":"sometimes","frac_high":0.5,"baer_threshold":23.722,"baer_agreement":"unstable_anchor_not_high"},"geometry":{"type":"Polygon","coordinates":[[[-117.72867,34.30487],[-117.7291,34.3045],[-117.72997,34.30441],[-117.73051,34.30404],[-117.73138,34.30422],[-117.73192,34.30376],[-117.73224,34.30376],[-117.73267,34.30331],[-117.73365,34.3033],[-117.73376,34.30348],[-117.73387,34.3033],[-117.73343,34.30303],[-117.73332,34.30267],[-117.73299,34.3024],[-117.73256,34.30241],[-117.73245,34.30223],[-117.73201,34.30223],[-117.73136,34.30196],[-117.73038,34.30197],[-117.72972,34.30152],[-117.72842,34.30108],[-117.7283,34.30045],[-117.72808,34.30036],[-117.72785,34.29847],[-117.72763,34.29829],[-117.72763,34.29802],[-117.72675,34.29712],[-117.72664,34.29658],[-117.72609,34.29613],[-117.72511,34.29587],[-117.72467,34.29551],[-117.72293,34.29552],[-117.72239,34.29507],[-117.72108,34.29508],[-117.72097,34.29481],[-117.72032,34.29436],[-117.71956,34.29437],[-117.71901,34.29392],[-117.7177,34.29375],[-117.7177,34.29357],[-117.71617,34.29231],[-117.71563,34.29223],[-117.71541,34.29205],[-117.71541,34.29178],[-117.71497,34.29115],[-117.71453,34.29106],[-117.71388,34.2917],[-117.71389,34.29206],[-117.71411,34.29233],[-117.71411,34.29269],[-117.71433,34.29278],[-117.71444,34.29332],[-117.71466,34.2934],[-117.71477,34.29376],[-117.7151,34.29394],[-117.71554,34.29466],[-117.71543,34.2952],[-117.71576,34.29556],[-117.71588,34.2961],[-117.71609,34.29619],[-117.7161,34.297],[-117.71763,34.29826],[-117.71829,34.29852],[-117.71851,34.29888],[-117.71862,34.29978],[-117.71895,34.30014],[-117.71896,34.30077],[-117.71929,34.30095],[-117.7194,34.30131],[-117.72049,34.30176],[-117.72082,34.30221],[-117.72104,34.30221],[-117.72115,34.30238],[-117.72158,34.30247],[-117.72213,34.30283],[-117.72245,34.30283],[-117.72267,34.30301],[-117.72343,34.303],[-117.72387,34.30327],[-117.7255,34.30371],[-117.72638,34.30416],[-117.72747,34.30433],[-117.72834,34.30487],[-117.72867,34.30487]]]}},{"type":"Feature","properties":{"id":99,"area_km2":1.006,"T":0.0,"F":0.0,"S":0.259,"p_24":0.073,"threshold_mm_hr":80.073,"thr_min":80.073,"thr_max":105.454,"thr_spread":25.381,"stability":"never","frac_high":0.0,"baer_threshold":80.145,"baer_agreement":"confirms_not_high"},"geometry":{"type":"Polygon","coordinates":[[[-117.7824,34.32221],[-117.78251,34.32203],[-117.78371,34.32211],[-117.78392,34.32175],[-117.78435,34.32166],[-117.78445,34.32084],[-117.78543,34.32039],[-117.78543,34.32021],[-117.7864,34.31939],[-117.78639,34.31912],[-117.78661,34.31894],[-117.78617,34.31876],[-117.78617,34.3184],[-117.78529,34.31768],[-117.78475,34.3176],[-117.78442,34.31733],[-117.78334,34.31742],[-117.78268,34.31707],[-117.7817,34.31707],[-117.78105,34.31681],[-117.78083,34.31654],[-117.78039,34.31654],[-117.77952,34.31619],[-117.7793,34.31574],[-117.77886,34.31538],[-117.77875,34.31466],[-117.77809,34.31421],[-117.77798,34.31385],[-117.77776,34.31376],[-117.77786,34.31322],[-117.77742,34.31241],[-117.77742,34.31187],[-117.77676,34.31169],[-117.77654,34.31143],[-117.77578,34.31116],[-117.77567,34.31098],[-117.77512,34.31089],[-117.7749,34.31062],[-117.77382,34.31036],[-117.77348,34.30982],[-117.77305,34.30982],[-117.77294,34.31001],[-117.77262,34.31001],[-117.77024,34.3121],[-117.77003,34.3121],[-117.76927,34.31273],[-117.7671,34.31293],[-117.7671,34.3132],[-117.76754,34.31356],[-117.7683,34.31382],[-117.77027,34.31543],[-117.77039,34.31579],[-117.77071,34.31588],[-117.77126,34.31642],[-117.77148,34.31642],[-117.77148,34.3166],[-117.77181,34.31669],[-117.77192,34.31705],[-117.77247,34.31749],[-117.77247,34.31776],[-117.77269,34.31785],[-117.7728,34.31821],[-117.77324,34.3183],[-117.77357,34.31866],[-117.77411,34.31875],[-117.77455,34.3191],[-117.77455,34.31928],[-117.77499,34.31946],[-117.77531,34.31982],[-117.77651,34.31972],[-117.77662,34.3199],[-117.77727,34.32017],[-117.77804,34.32016],[-117.77825,34.32034],[-117.77858,34.32034],[-117.7789,34.32007],[-117.77934,34.32006],[-117.77967,34.32033],[-117.77967,34.32051],[-117.78054,34.32105],[-117.78055,34.32132],[-117.78076,34.32141],[-117.78099,34.32186],[-117.78142,34.32186],[-117.78208,34.32221],[-117.7824,34.32221]]]}},{"type":"Feature","properties":{"id":100,"area_km2":0.931,"T":0.143,"F":0.157,"S":0.246,"p_24":0.166,"threshold_mm_hr":43.251,"thr_min":41.462,"thr_max":49.636,"thr_spread":8.174,"stability":"never","frac_high":0.0,"baer_threshold":49.349,"baer_agreement":"confirms_not_high"},"geometry":{"type":"Polygon","coordinates":[[[-117.64512,34.36467],[-117.64609,34.36386],[-117.64718,34.36376],[-117.64729,34.36358],[-117.6475,34.36358],[-117.64826,34.36267],[-117.64814,34.36123],[-117.64824,34.36006],[-117.64845,34.35961],[-117.64844,34.35825],[-117.64866,34.35816],[-117.64908,34.356],[-117.64885,34.35482],[-117.64928,34.35428],[-117.64852,34.35428],[-117.64797,34.35393],[-117.64591,34.35394],[-117.64482,34.35376],[-117.64438,34.35386],[-117.64406,34.35413],[-117.64374,34.35476],[-117.64167,34.35477],[-117.64102,34.35541],[-117.64103,34.35604],[-117.64071,34.35676],[-117.63898,34.35821],[-117.63898,34.35884],[-117.63877,34.35894],[-117.63877,34.35921],[-117.63801,34.35975],[-117.63802,34.36047],[-117.63759,34.36075],[-117.63759,34.36156],[-117.63694,34.3621],[-117.63695,34.36237],[-117.63738,34.36237],[-117.63793,34.36273],[-117.63836,34.36264],[-117.63902,34.36308],[-117.63945,34.36308],[-117.63978,34.36344],[-117.64022,34.36353],[-117.64022,34.3638],[-117.64065,34.36398],[-117.64381,34.36468],[-117.64512,34.36467]]]}},{"type":"Feature","properties":{"id":102,"area_km2":0.894,"T":0.871,"F":0.706,"S":0.244,"p_24":0.915,"threshold_mm_hr":14.51,"thr_min":14.495,"thr_max":15.471,"thr_spread":0.976,"stability":"always","frac_high":1.0,"baer_threshold":14.651,"baer_agreement":"confirms_high"},"geometry":{"type":"Polygon","coordinates":[[[-117.71602,34.33894],[-117.71646,34.33867],[-117.71863,34.33856],[-117.71938,34.33784],[-117.72069,34.33756],[-117.72155,34.33674],[-117.72198,34.33674],[-117.72371,34.33529],[-117.72371,34.33493],[-117.72479,34.33402],[-117.725,34.33402],[-117.725,34.33384],[-117.72543,34.33356],[-117.72543,34.33329],[-117.72511,34.33329],[-117.72401,34.33222],[-117.71771,34.33235],[-117.7176,34.33217],[-117.71705,34.33217],[-117.71672,34.33181],[-117.71607,34.33181],[-117.71596,34.33199],[-117.71259,34.33192],[-117.71173,34.33247],[-117.71032,34.33248],[-117.7101,34.33266],[-117.70956,34.33266],[-117.70945,34.33284],[-117.70869,34.33285],[-117.70804,34.33348],[-117.70771,34.33349],[-117.7075,34.33376],[-117.70696,34.33376],[-117.70729,34.33439],[-117.70751,34.33448],[-117.70751,34.3352],[-117.70926,34.33663],[-117.71014,34.33699],[-117.7109,34.33762],[-117.71265,34.33806],[-117.7133,34.33832],[-117.71363,34.33868],[-117.71504,34.33867],[-117.71602,34.33894]]]}},{"type":"Feature","properties":{"id":105,"area_km2":0.864,"T":0.92,"F":0.592,"S":0.258,"p_24":0.891,"threshold_mm_hr":15.208,"thr_min":14.988,"thr_max":16.401,"thr_spread":1.412,"stability":"always","frac_high":1.0,"baer_threshold":16.59,"baer_agreement":"confirms_high"},"geometry":{"type":"Polygon","coordinates":[[[-117.73604,34.29039],[-117.73821,34.29002],[-117.73907,34.2892],[-117.73907,34.28893],[-117.73939,34.28875],[-117.73939,34.28857],[-117.74058,34.28757],[-117.74101,34.28757],[-117.74209,34.28666],[-117.74252,34.28666],[-117.74349,34.28584],[-117.74349,34.28557],[-117.74425,34.28484],[-117.74392,34.28484],[-117.7437,34.28457],[-117.74131,34.28459],[-117.74098,34.28423],[-117.74044,34.28423],[-117.73989,34.28361],[-117.73859,34.28361],[-117.73837,34.28379],[-117.73729,34.28407],[-117.73685,34.2838],[-117.73511,34.2839],[-117.73468,34.284],[-117.73457,34.28418],[-117.73338,34.28419],[-117.73294,34.28383],[-117.7324,34.28392],[-117.73185,34.28383],[-117.73174,34.28365],[-117.72827,34.28368],[-117.72772,34.28395],[-117.72642,34.28414],[-117.72632,34.28432],[-117.72556,34.28459],[-117.72469,34.28532],[-117.7248,34.2855],[-117.72568,34.28576],[-117.72611,34.28621],[-117.72655,34.2863],[-117.72666,34.28648],[-117.7272,34.28648],[-117.72775,34.28692],[-117.72873,34.28728],[-117.72928,34.28782],[-117.72962,34.28917],[-117.73158,34.28997],[-117.7318,34.29033],[-117.73527,34.29013],[-117.73604,34.29039]]]}},{"type":"Feature","properties":{"id":107,"area_km2":0.821,"T":0.684,"F":0.523,"S":0.244,"p_24":0.765,"threshold_mm_hr":18.109,"thr_min":17.713,"thr_max":20.172,"thr_spread":2.459,"stability":"always","frac_high":1.0,"baer_threshold":20.763,"baer_agreement":"confirms_high"},"geometry":{"type":"Polygon","coordinates":[[[-117.68488,34.33235],[-117.68477,34.33208],[-117.6852,34.33172],[-117.68661,34.33153],[-117.68672,34.33135],[-117.68834,34.33098],[-117.68845,34.33053],[-117.68888,34.32999],[-117.68898,34.3289],[-117.68941,34.32836],[-117.68951,34.32782],[-117.69049,34.327],[-117.69048,34.32673],[-117.6907,34.32655],[-117.68994,34.32619],[-117.68896,34.32602],[-117.68841,34.32566],[-117.68732,34.32549],[-117.6871,34.32495],[-117.68644,34.3245],[-117.68579,34.32432],[-117.68557,34.32405],[-117.68535,34.32405],[-117.68514,34.32433],[-117.68383,34.32451],[-117.68308,34.32479],[-117.68231,34.32479],[-117.6821,34.32461],[-117.68166,34.32462],[-117.68144,34.32444],[-117.68101,34.32444],[-117.68079,34.32426],[-117.68035,34.32426],[-117.68003,34.32408],[-117.67807,34.32427],[-117.6784,34.32481],[-117.67841,34.32572],[-117.67819,34.32608],[-117.67831,34.32725],[-117.6781,34.32752],[-117.678,34.32887],[-117.67823,34.33005],[-117.67801,34.33014],[-117.67801,34.33032],[-117.67779,34.33032],[-117.6778,34.3305],[-117.67747,34.33077],[-117.67748,34.33185],[-117.6777,34.33203],[-117.67998,34.3322],[-117.68183,34.3321],[-117.68226,34.33192],[-117.68346,34.33182],[-117.68368,34.33209],[-117.684,34.33209],[-117.68433,34.33236],[-117.68488,34.33235]]]}},{"type":"Feature","properties":{"id":110,"area_km2":0.806,"T":0.865,"F":0.516,"S":0.259,"p_24":0.84,"threshold_mm_hr":16.471,"thr_min":16.078,"thr_max":18.084,"thr_spread":2.006,"stability":"always","frac_high":1.0,"baer_threshold":18.684,"baer_agreement":"confirms_high"},"geometry":{"type":"Polygon","coordinates":[[[-117.74365,34.27853],[-117.74375,34.27835],[-117.74528,34.27834],[-117.747,34.27689],[-117.74721,34.27635],[-117.74754,34.27607],[-117.74753,34.27562],[-117.74807,34.27526],[-117.74818,34.27463],[-117.74872,34.27426],[-117.74871,34.27363],[-117.74762,34.27283],[-117.74728,34.27211],[-117.74685,34.27193],[-117.74706,34.27148],[-117.74674,34.27157],[-117.74652,34.27193],[-117.74598,34.27212],[-117.74533,34.27275],[-117.74414,34.27285],[-117.7436,34.27267],[-117.7424,34.27259],[-117.74142,34.27214],[-117.74066,34.27215],[-117.73979,34.2717],[-117.73913,34.27162],[-117.73891,34.27135],[-117.73793,34.27117],[-117.73783,34.27144],[-117.73632,34.27253],[-117.73589,34.27362],[-117.73536,34.27443],[-117.73514,34.27453],[-117.73514,34.27471],[-117.73449,34.27525],[-117.73384,34.27544],[-117.7318,34.27743],[-117.7318,34.27788],[-117.73202,34.27797],[-117.73321,34.27787],[-117.73387,34.27823],[-117.73474,34.27823],[-117.73506,34.27795],[-117.73593,34.27777],[-117.73723,34.27776],[-117.73734,34.27794],[-117.73897,34.27802],[-117.74071,34.27792],[-117.74104,34.27819],[-117.74169,34.27836],[-117.7431,34.27827],[-117.74343,34.27853],[-117.74365,34.27853]]]}},{"type":"Feature","properties":{"id":112,"area_km2":0.792,"T":0.898,"F":0.692,"S":0.339,"p_24":0.942,"threshold_mm_hr":13.581,"thr_min":13.462,"thr_max":13.973,"thr_spread":0.511,"stability":"always","frac_high":1.0,"baer_threshold":14.687,"baer_agreement":"confirms_high"},"geometry":{"type":"Polygon","coordinates":[[[-117.7647,34.22763],[-117.76404,34.22709],[-117.76404,34.22682],[-117.76458,34.22637],[-117.76446,34.2252],[-117.76424,34.22484],[-117.76422,34.2233],[-117.76487,34.22267],[-117.76498,34.22231],[-117.76541,34.22203],[-117.76573,34.2214],[-117.76518,34.2214],[-117.76507,34.22122],[-117.76486,34.22123],[-117.76441,34.21988],[-117.76419,34.21952],[-117.76321,34.21871],[-117.76265,34.21718],[-117.76221,34.217],[-117.76102,34.21692],[-117.76005,34.21774],[-117.75918,34.21792],[-117.75864,34.21856],[-117.75778,34.21856],[-117.75734,34.21839],[-117.75712,34.21857],[-117.7568,34.21848],[-117.75658,34.21866],[-117.75593,34.21876],[-117.75561,34.21903],[-117.75528,34.21903],[-117.7554,34.21984],[-117.75476,34.22066],[-117.75455,34.22165],[-117.75466,34.22219],[-117.75488,34.22228],[-117.75477,34.22282],[-117.75532,34.22363],[-117.75554,34.22372],[-117.75577,34.22453],[-117.75631,34.22489],[-117.75642,34.22525],[-117.75708,34.22551],[-117.7573,34.22578],[-117.75752,34.22578],[-117.75828,34.22659],[-117.7597,34.22676],[-117.76013,34.22703],[-117.76035,34.22703],[-117.76046,34.22684],[-117.76219,34.22692],[-117.76284,34.22674],[-117.76371,34.22673],[-117.76393,34.22682],[-117.76394,34.22736],[-117.76426,34.22763],[-117.7647,34.22763]]]}},{"type":"Feature","properties":{"id":113,"area_km2":0.77,"T":0.243,"F":0.203,"S":0.244,"p_24":0.233,"threshold_mm_hr":35.752,"thr_min":32.972,"thr_max":44.723,"thr_spread":11.751,"stability":"never","frac_high":0.0,"baer_threshold":44.117,"baer_agreement":"confirms_not_high"},"geometry":{"type":"MultiPolygon","coordinates":[[[[-117.63422,34.36157],[-117.63444,34.36157],[-117.63552,34.36058],[-117.63562,34.35985],[-117.638,34.35795],[-117.63799,34.35723],[-117.64048,34.35523],[-117.64048,34.35505],[-117.6408,34.35478],[-117.64091,34.35423],[-117.6422,34.35315],[-117.6422,34.35269],[-117.64252,34.35233],[-117.64273,34.35152],[-117.64436,34.35025],[-117.64435,34.34989],[-117.64468,34.34971],[-117.64468,34.34953],[-117.64684,34.34762],[-117.64771,34.34753],[-117.64835,34.34698],[-117.64856,34.34599],[-117.64943,34.34571],[-117.64954,34.34544],[-117.65073,34.34526],[-117.65138,34.34489],[-117.65203,34.34489],[-117.6529,34.34443],[-117.65377,34.34434],[-117.65409,34.34406],[-117.65421,34.34497],[-117.65399,34.34524],[-117.654,34.3456],[-117.65367,34.34587],[-117.65368,34.34614],[-117.65346,34.34623],[-117.65314,34.34696],[-117.65315,34.34894],[-117.65272,34.34957],[-117.65196,34.34985],[-117.65153,34.35021],[-117.65132,34.35111],[-117.65133,34.35211],[-117.65046,34.35256],[-117.65047,34.35292],[-117.65014,34.35328],[-117.65014,34.35355],[-117.64949,34.35392],[-117.64939,34.35428],[-117.64852,34.35428],[-117.64797,34.35393],[-117.64591,34.35394],[-117.64482,34.35376],[-117.64438,34.35386],[-117.64406,34.35413],[-117.64374,34.35476],[-117.64167,34.35477],[-117.64102,34.35541],[-117.64103,34.35604],[-117.64071,34.35676],[-117.63747,34.35939],[-117.63736,34.35993],[-117.6365,34.36057],[-117.6365,34.36075],[-117.63596,34.3612],[-117.63541,34.36121],[-117.63498,34.36166],[-117.63422,34.36157]]],[[[-117.63422,34.36166],[-117.63411,34.36176],[-117.63411,34.36167],[-117.63422,34.36166]]]]}},{"type":"Feature","properties":{"id":114,"area_km2":0.764,"T":0.758,"F":0.484,"S":0.244,"p_24":0.77,"threshold_mm_hr":18.014,"thr_min":17.492,"thr_max":20.658,"thr_spread":3.166,"stability":"always","frac_high":1.0,"baer_threshold":21.848,"baer_agreement":"contradicts_high"},"geometry":{"type":"Polygon","coordinates":[[[-117.69952,34.32839],[-117.70191,34.32829],[-117.70223,34.32793],[-117.70256,34.32792],[-117.70321,34.32738],[-117.70353,34.32738],[-117.70429,34.32674],[-117.70526,34.32656],[-117.7058,34.32565],[-117.70742,34.32438],[-117.70829,34.32419],[-117.7084,34.32401],[-117.70948,34.32356],[-117.71035,34.32337],[-117.71132,34.32264],[-117.71132,34.32237],[-117.71197,34.32192],[-117.71218,34.32111],[-117.71196,34.32093],[-117.71184,34.31939],[-117.71227,34.31903],[-117.71226,34.31858],[-117.7128,34.31813],[-117.71279,34.31677],[-117.71257,34.31641],[-117.71256,34.31533],[-117.71201,34.31452],[-117.71136,34.31408],[-117.71135,34.31381],[-117.71125,34.31453],[-117.71158,34.31489],[-117.71147,34.31534],[-117.70975,34.31643],[-117.70964,34.31688],[-117.70878,34.31761],[-117.70867,34.31797],[-117.70791,34.31815],[-117.7077,34.31843],[-117.70737,34.31843],[-117.70618,34.31952],[-117.70575,34.31961],[-117.70489,34.32034],[-117.70478,34.32115],[-117.70327,34.32233],[-117.70327,34.32251],[-117.70263,34.32305],[-117.70208,34.32306],[-117.69982,34.32496],[-117.69971,34.3256],[-117.6995,34.32578],[-117.6995,34.32605],[-117.69928,34.32614],[-117.69918,34.32713],[-117.69875,34.32759],[-117.69875,34.32786],[-117.69952,34.32839]]]}},{"type":"Feature","properties":{"id":116,"area_km2":0.757,"T":0.002,"F":0.009,"S":0.244,"p_24":0.072,"threshold_mm_hr":81.703,"thr_min":80.767,"thr_max":123.606,"thr_spread":42.839,"stability":"never","frac_high":0.0,"baer_threshold":82.154,"baer_agreement":"confirms_not_high"},"geometry":{"type":"MultiPolygon","coordinates":[[[[-117.76823,34.32969],[-117.76823,34.32951],[-117.76834,34.32942],[-117.76823,34.32969]]],[[[-117.76801,34.3297],[-117.76812,34.32979],[-117.76801,34.32979],[-117.76801,34.3297]]],[[[-117.76801,34.32979],[-117.7678,34.3306],[-117.76759,34.33069],[-117.76738,34.33123],[-117.76673,34.33178],[-117.76673,34.33205],[-117.7663,34.3325],[-117.7663,34.33277],[-117.76501,34.33386],[-117.76447,34.33396],[-117.76285,34.33541],[-117.76263,34.33541],[-117.76155,34.33641],[-117.76133,34.33641],[-117.75778,34.3395],[-117.7556,34.33951],[-117.75431,34.34069],[-117.75409,34.3406],[-117.75409,34.34033],[-117.75387,34.34015],[-117.75386,34.33943],[-117.75408,34.33934],[-117.7544,34.3388],[-117.7544,34.33853],[-117.75472,34.33817],[-117.75471,34.33762],[-117.75504,34.33726],[-117.75503,34.33645],[-117.75535,34.33582],[-117.75535,34.33537],[-117.75556,34.33527],[-117.75544,34.33329],[-117.75607,34.33175],[-117.7576,34.33174],[-117.75889,34.33056],[-117.75954,34.33038],[-117.75965,34.3302],[-117.7603,34.33001],[-117.76041,34.32983],[-117.76127,34.32947],[-117.76182,34.32955],[-117.76247,34.32991],[-117.76443,34.32999],[-117.76465,34.33017],[-117.76628,34.33007],[-117.76693,34.32979],[-117.76801,34.32979]]]]}},{"type":"Feature","properties":{"id":118,"area_km2":0.747,"T":0.355,"F":0.219,"S":0.251,"p_24":0.305,"threshold_mm_hr":31.04,"thr_min":29.091,"thr_max":38.364,"thr_spread":9.274,"stability":"never","frac_high":0.0,"baer_threshold":41.549,"baer_agreement":"confirms_not_high"},"geometry":{"type":"Polygon","coordinates":[[[-117.7576,34.33174],[-117.75889,34.33056],[-117.76127,34.32956],[-117.76214,34.32874],[-117.76268,34.32874],[-117.76397,34.32765],[-117.76397,34.32747],[-117.76462,34.32692],[-117.76462,34.32674],[-117.76679,34.3261],[-117.76765,34.32528],[-117.76765,34.3251],[-117.76819,34.32464],[-117.76873,34.32455],[-117.76873,34.32437],[-117.76894,34.32428],[-117.76893,34.32329],[-117.76936,34.32265],[-117.76903,34.32247],[-117.76904,34.32275],[-117.76882,34.32293],[-117.76817,34.32302],[-117.76795,34.3232],[-117.76763,34.32311],[-117.76709,34.3233],[-117.76622,34.3233],[-117.76545,34.32313],[-117.76491,34.32259],[-117.76414,34.32251],[-117.76349,34.32215],[-117.76305,34.32215],[-117.76251,34.3217],[-117.76207,34.32171],[-117.76164,34.32207],[-117.76088,34.32235],[-117.76024,34.32298],[-117.75839,34.3229],[-117.75795,34.32308],[-117.75741,34.32363],[-117.75644,34.32373],[-117.75656,34.32499],[-117.75623,34.32517],[-117.75602,34.32598],[-117.75615,34.32761],[-117.75594,34.32869],[-117.75572,34.32896],[-117.75573,34.3295],[-117.75551,34.32977],[-117.75552,34.33049],[-117.75607,34.33175],[-117.7576,34.33174]]]}},{"type":"Feature","properties":{"id":119,"area_km2":0.725,"T":0.733,"F":0.479,"S":0.259,"p_24":0.766,"threshold_mm_hr":18.09,"thr_min":17.972,"thr_max":19.498,"thr_spread":1.526,"stability":"always","frac_high":1.0,"baer_threshold":19.838,"baer_agreement":"confirms_high"},"geometry":{"type":"Polygon","coordinates":[[[-117.74928,34.25207],[-117.74938,34.25162],[-117.75036,34.2509],[-117.75057,34.25089],[-117.75165,34.24999],[-117.75176,34.24971],[-117.75241,34.24962],[-117.75273,34.24935],[-117.75316,34.24926],[-117.75359,34.2488],[-117.75392,34.2488],[-117.75457,34.24816],[-117.75554,34.24816],[-117.7563,34.24761],[-117.75695,34.24743],[-117.75727,34.24743],[-117.7576,34.24769],[-117.75825,34.24769],[-117.75836,34.24787],[-117.75912,34.24787],[-117.75977,34.24768],[-117.75977,34.2475],[-117.76053,34.24705],[-117.7602,34.24705],[-117.75966,34.24651],[-117.75944,34.24651],[-117.759,34.2457],[-117.75867,34.24561],[-117.75823,34.24517],[-117.75649,34.24518],[-117.75584,34.24455],[-117.75551,34.24446],[-117.75432,34.24483],[-117.75367,34.24483],[-117.75334,34.24456],[-117.75269,34.24448],[-117.75236,34.24421],[-117.75095,34.24422],[-117.75052,34.24458],[-117.74976,34.24468],[-117.74911,34.24504],[-117.74726,34.24532],[-117.74695,34.2465],[-117.74652,34.24677],[-117.7463,34.24713],[-117.74609,34.24713],[-117.74544,34.24759],[-117.74523,34.24813],[-117.74479,34.2484],[-117.74448,34.24922],[-117.7435,34.24977],[-117.7434,34.25076],[-117.74308,34.25103],[-117.74286,34.25103],[-117.74254,34.2513],[-117.74254,34.25148],[-117.74384,34.25157],[-117.74406,34.25175],[-117.74537,34.25156],[-117.74634,34.25182],[-117.747,34.25182],[-117.74754,34.25209],[-117.74928,34.25207]]]}},{"type":"Feature","properties":{"id":121,"area_km2":0.714,"T":0.289,"F":0.261,"S":0.339,"p_24":0.39,"threshold_mm_hr":27.373,"thr_min":26.773,"thr_max":28.861,"thr_spread":2.089,"stability":"never","frac_high":0.0,"baer_threshold":28.135,"baer_agreement":"confirms_not_high"},"geometry":{"type":"MultiPolygon","coordinates":[[[[-117.73055,34.23406],[-117.72968,34.23325],[-117.72892,34.23308],[-117.72848,34.23245],[-117.72815,34.23227],[-117.72847,34.23173],[-117.72823,34.22866],[-117.72855,34.22821],[-117.72854,34.2274],[-117.72821,34.22722],[-117.72788,34.22641],[-117.72733,34.22596],[-117.72711,34.22524],[-117.7271,34.22425],[-117.72688,34.22353],[-117.7271,34.22344],[-117.7272,34.22299],[-117.72708,34.22146],[-117.7274,34.22127],[-117.72968,34.22126],[-117.73066,34.22171],[-117.73131,34.2217],[-117.73164,34.22197],[-117.73305,34.22178],[-117.73338,34.22151],[-117.73392,34.2216],[-117.73458,34.22276],[-117.7348,34.22285],[-117.7345,34.22583],[-117.73473,34.22799],[-117.7342,34.22854],[-117.73388,34.22926],[-117.73366,34.22935],[-117.73366,34.22971],[-117.73345,34.22981],[-117.73323,34.23026],[-117.73162,34.23162],[-117.73151,34.23207],[-117.73108,34.23243],[-117.73142,34.23415],[-117.73055,34.23406]]],[[[-117.73153,34.23415],[-117.73142,34.23424],[-117.73142,34.23415],[-117.73153,34.23415]]],[[[-117.73153,34.23433],[-117.73164,34.23423],[-117.73164,34.23433],[-117.73153,34.23433]]],[[[-117.73164,34.23433],[-117.73175,34.23441],[-117.73164,34.23442],[-117.73164,34.23433]]],[[[-117.73186,34.2345],[-117.73175,34.23441],[-117.73186,34.23441],[-117.73186,34.2345]]]]}},{"type":"Feature","properties":{"id":122,"area_km2":0.703,"T":0.778,"F":0.553,"S":0.244,"p_24":0.823,"threshold_mm_hr":16.872,"thr_min":16.617,"thr_max":18.573,"thr_spread":1.957,"stability":"always","frac_high":1.0,"baer_threshold":18.859,"baer_agreement":"confirms_high"},"geometry":{"type":"Polygon","coordinates":[[[-117.69449,34.33861],[-117.69525,34.33798],[-117.69601,34.33779],[-117.69644,34.33752],[-117.69699,34.33752],[-117.69731,34.33724],[-117.69753,34.33724],[-117.69979,34.33533],[-117.69979,34.33488],[-117.69957,34.3347],[-117.69955,34.33236],[-117.69987,34.33182],[-117.70041,34.33136],[-117.70052,34.33082],[-117.70117,34.33028],[-117.70127,34.32992],[-117.70116,34.32956],[-117.7005,34.32911],[-117.7005,34.32893],[-117.70006,34.32857],[-117.69919,34.32821],[-117.69897,34.32794],[-117.69756,34.32795],[-117.69669,34.3276],[-117.69647,34.32724],[-117.69581,34.32715],[-117.6932,34.32726],[-117.69303,34.33231],[-117.6926,34.33267],[-117.6926,34.33294],[-117.69294,34.33411],[-117.69326,34.33438],[-117.69349,34.33537],[-117.69338,34.33573],[-117.69295,34.33619],[-117.69307,34.33691],[-117.69286,34.33835],[-117.69449,34.33861]]]}},{"type":"Feature","properties":{"id":123,"area_km2":0.671,"T":0.969,"F":0.677,"S":0.244,"p_24":0.924,"threshold_mm_hr":14.208,"thr_min":14.192,"thr_max":15.21,"thr_spread":1.018,"stability":"always","frac_high":1.0,"baer_threshold":14.685,"baer_agreement":"confirms_high"},"geometry":{"type":"Polygon","coordinates":[[[-117.74489,34.32055],[-117.74554,34.32046],[-117.74565,34.32027],[-117.74652,34.32027],[-117.74684,34.32009],[-117.7476,34.32008],[-117.74825,34.3199],[-117.74803,34.31954],[-117.74759,34.31927],[-117.74759,34.31909],[-117.74737,34.31909],[-117.74715,34.31864],[-117.74661,34.31828],[-117.74661,34.3181],[-117.74628,34.31784],[-117.74606,34.31784],[-117.74573,34.31757],[-117.74573,34.31739],[-117.74453,34.31649],[-117.7443,34.31586],[-117.74211,34.31425],[-117.74189,34.31335],[-117.73559,34.31339],[-117.73515,34.31366],[-117.73472,34.31367],[-117.73439,34.31385],[-117.73342,34.31386],[-117.73277,34.31422],[-117.73212,34.31422],[-117.73212,34.3144],[-117.73244,34.31449],[-117.73256,34.31476],[-117.73321,34.3153],[-117.73474,34.31574],[-117.73517,34.31574],[-117.73551,34.31709],[-117.73573,34.31727],[-117.73573,34.31772],[-117.73606,34.31799],[-117.73607,34.31889],[-117.73629,34.31925],[-117.73673,34.31952],[-117.73879,34.31959],[-117.73912,34.31977],[-117.74064,34.31985],[-117.7413,34.32012],[-117.74227,34.32002],[-117.74336,34.32029],[-117.74391,34.32019],[-117.74413,34.32037],[-117.74489,34.32055]]]}},{"type":"Feature","properties":{"id":124,"area_km2":0.658,"T":0.846,"F":0.577,"S":0.244,"p_24":0.857,"threshold_mm_hr":16.06,"thr_min":15.777,"thr_max":17.664,"thr_spread":1.888,"stability":"always","frac_high":1.0,"baer_threshold":17.906,"baer_agreement":"confirms_high"},"geometry":{"type":"MultiPolygon","coordinates":[[[[-117.70127,34.32974],[-117.70116,34.32965],[-117.70127,34.32965],[-117.70127,34.32974]]],[[[-117.70138,34.32973],[-117.70225,34.33009],[-117.70291,34.33063],[-117.70312,34.33063],[-117.70346,34.33117],[-117.70389,34.33143],[-117.704,34.33179],[-117.70466,34.33224],[-117.70466,34.33242],[-117.70488,34.33242],[-117.70499,34.33269],[-117.70575,34.33287],[-117.70608,34.33322],[-117.70652,34.33331],[-117.7074,34.33439],[-117.7073,34.33565],[-117.70579,34.33683],[-117.70558,34.33792],[-117.70526,34.33837],[-117.70505,34.33972],[-117.70429,34.34027],[-117.7043,34.34081],[-117.70397,34.34099],[-117.70376,34.34135],[-117.70377,34.34244],[-117.7041,34.34289],[-117.7029,34.34271],[-117.70279,34.34289],[-117.70192,34.34299],[-117.70149,34.34263],[-117.70148,34.34245],[-117.70072,34.34191],[-117.70017,34.34083],[-117.69994,34.33993],[-117.69982,34.33831],[-117.70025,34.33786],[-117.70035,34.33696],[-117.70013,34.33633],[-117.6998,34.33597],[-117.69979,34.33488],[-117.69957,34.3347],[-117.69955,34.33236],[-117.69987,34.33182],[-117.70041,34.33136],[-117.70052,34.33082],[-117.70117,34.33028],[-117.70116,34.32992],[-117.70138,34.32973]]]]}},{"type":"Feature","properties":{"id":125,"area_km2":0.645,"T":0.885,"F":0.586,"S":0.259,"p_24":0.88,"threshold_mm_hr":15.498,"thr_min":15.278,"thr_max":16.578,"thr_spread":1.3,"stability":"always","frac_high":1.0,"baer_threshold":16.544,"baer_agreement":"confirms_high"},"geometry":{"type":"Polygon","coordinates":[[[-117.71527,34.27582],[-117.71527,34.27564],[-117.71602,34.27509],[-117.71613,34.27464],[-117.71688,34.27409],[-117.71699,34.27373],[-117.71785,34.27309],[-117.71785,34.27282],[-117.71882,34.2721],[-117.71904,34.27174],[-117.71935,34.27056],[-117.71978,34.2702],[-117.72,34.26957],[-117.72021,34.26938],[-117.7203,34.26704],[-117.72008,34.26686],[-117.72008,34.26659],[-117.72051,34.2655],[-117.71941,34.26461],[-117.71843,34.26434],[-117.71799,34.26399],[-117.71723,34.26381],[-117.71701,34.26363],[-117.71647,34.26363],[-117.71636,34.26345],[-117.71495,34.26319],[-117.71407,34.26248],[-117.7132,34.26248],[-117.71244,34.26185],[-117.71244,34.26203],[-117.71342,34.26275],[-117.71343,34.2632],[-117.71375,34.26347],[-117.71376,34.26473],[-117.71398,34.26491],[-117.71399,34.26545],[-117.71432,34.26608],[-117.71432,34.26653],[-117.71411,34.26662],[-117.71411,34.26707],[-117.71368,34.26807],[-117.71391,34.26951],[-117.71359,34.27005],[-117.7136,34.27087],[-117.71339,34.27141],[-117.71339,34.27222],[-117.71361,34.2724],[-117.71363,34.27438],[-117.71385,34.27474],[-117.71527,34.27582]]]}},{"type":"Feature","properties":{"id":126,"area_km2":0.631,"T":0.878,"F":0.601,"S":0.259,"p_24":0.884,"threshold_mm_hr":15.379,"thr_min":15.086,"thr_max":16.61,"thr_spread":1.525,"stability":"always","frac_high":1.0,"baer_threshold":17.356,"baer_agreement":"confirms_high"},"geometry":{"type":"Polygon","coordinates":[[[-117.72805,34.28386],[-117.72924,34.28286],[-117.72956,34.28286],[-117.7301,34.28249],[-117.73195,34.28248],[-117.73293,34.28238],[-117.73303,34.2822],[-117.73347,34.2822],[-117.7339,34.28247],[-117.73564,34.28246],[-117.73673,34.28263],[-117.73966,34.28252],[-117.7401,34.28261],[-117.74021,34.28279],[-117.74108,34.28279],[-117.74119,34.28297],[-117.74249,34.28296],[-117.74271,34.28305],[-117.74271,34.28323],[-117.74347,34.28349],[-117.74445,34.28349],[-117.74478,34.2834],[-117.74499,34.28312],[-117.74445,34.28313],[-117.74434,34.28286],[-117.74335,34.28223],[-117.74302,34.28151],[-117.74302,34.28106],[-117.74269,34.28061],[-117.74269,34.28025],[-117.7429,34.28016],[-117.74268,34.27926],[-117.74213,34.27881],[-117.74213,34.27854],[-117.74169,34.27827],[-117.74104,34.27819],[-117.74071,34.27792],[-117.73897,34.27802],[-117.73734,34.27794],[-117.73723,34.27776],[-117.73593,34.27777],[-117.73506,34.27795],[-117.73474,34.27823],[-117.73387,34.27823],[-117.73321,34.27787],[-117.73169,34.27788],[-117.73148,34.27834],[-117.73126,34.27834],[-117.73094,34.27861],[-117.73094,34.27879],[-117.72986,34.27961],[-117.72987,34.28033],[-117.729,34.28088],[-117.729,34.28115],[-117.72879,34.28133],[-117.7288,34.28295],[-117.72783,34.28377],[-117.72805,34.28386]]]}},{"type":"Feature","properties":{"id":127,"area_km2":0.63,"T":0.899,"F":0.622,"S":0.289,"p_24":0.909,"threshold_mm_hr":14.7,"thr_min":14.631,"thr_max":15.525,"thr_spread":0.894,"stability":"always","frac_high":1.0,"baer_threshold":16.289,"baer_agreement":"confirms_high"},"geometry":{"type":"Polygon","coordinates":[[[-117.77567,34.252],[-117.77566,34.25146],[-117.77599,34.2511],[-117.77587,34.25011],[-117.77608,34.24983],[-117.77597,34.24893],[-117.77575,34.24875],[-117.77574,34.24812],[-117.77552,34.24776],[-117.77443,34.24705],[-117.77432,34.24651],[-117.77355,34.24534],[-117.77148,34.24517],[-117.77083,34.24491],[-117.76996,34.24491],[-117.76952,34.2451],[-117.76811,34.24492],[-117.76648,34.24493],[-117.76605,34.24512],[-117.76475,34.24522],[-117.76312,34.24523],[-117.76247,34.24496],[-117.7616,34.24496],[-117.76073,34.24578],[-117.7603,34.24578],[-117.76095,34.24587],[-117.76117,34.24614],[-117.76193,34.24623],[-117.76237,34.24667],[-117.76259,34.24667],[-117.76303,34.24703],[-117.76325,34.24757],[-117.76368,34.24775],[-117.76423,34.24819],[-117.76423,34.24838],[-117.76521,34.24864],[-117.76543,34.24891],[-117.76598,34.249],[-117.76598,34.24918],[-117.7662,34.24926],[-117.76728,34.24935],[-117.76772,34.2498],[-117.76816,34.24997],[-117.76924,34.25006],[-117.77012,34.25041],[-117.77099,34.25041],[-117.77186,34.25076],[-117.7736,34.25102],[-117.77447,34.25183],[-117.77534,34.25182],[-117.77567,34.252]]]}},{"type":"Feature","properties":{"id":128,"area_km2":0.596,"T":0.93,"F":0.859,"S":0.339,"p_24":0.972,"threshold_mm_hr":12.162,"thr_min":12.153,"thr_max":12.353,"thr_spread":0.2,"stability":"always","frac_high":1.0,"baer_threshold":12.285,"baer_agreement":"confirms_high"},"geometry":{"type":"Polygon","coordinates":[[[-117.74725,34.23153],[-117.74823,34.23134],[-117.74801,34.23125],[-117.748,34.2299],[-117.74669,34.22927],[-117.74615,34.22937],[-117.74549,34.22883],[-117.74429,34.22839],[-117.74407,34.22776],[-117.74363,34.22758],[-117.74341,34.22722],[-117.74341,34.22677],[-117.74297,34.22632],[-117.74286,34.22578],[-117.7422,34.22497],[-117.74111,34.22489],[-117.7409,34.22507],[-117.73992,34.22517],[-117.73883,34.22472],[-117.73752,34.22365],[-117.73709,34.22365],[-117.736,34.22321],[-117.73567,34.22321],[-117.73523,34.22294],[-117.7348,34.22294],[-117.7345,34.22583],[-117.73473,34.2279],[-117.73571,34.22835],[-117.73637,34.22889],[-117.73681,34.22997],[-117.73931,34.23004],[-117.73975,34.23031],[-117.74062,34.2303],[-117.74073,34.23048],[-117.74138,34.23066],[-117.74268,34.23056],[-117.74334,34.23083],[-117.74518,34.23082],[-117.7454,34.231],[-117.74573,34.23099],[-117.74606,34.23135],[-117.74725,34.23153]]]}},{"type":"Feature","properties":{"id":130,"area_km2":0.561,"T":0.951,"F":0.906,"S":0.259,"p_24":0.969,"threshold_mm_hr":12.322,"thr_min":12.315,"thr_max":12.817,"thr_spread":0.501,"stability":"always","frac_high":1.0,"baer_threshold":12.394,"baer_agreement":"confirms_high"},"geometry":{"type":"MultiPolygon","coordinates":[[[[-117.69653,34.26979],[-117.69588,34.26916],[-117.69555,34.26917],[-117.69424,34.268],[-117.69294,34.26801],[-117.69174,34.26819],[-117.69011,34.26775],[-117.68913,34.26776],[-117.68816,34.26803],[-117.68707,34.26804],[-117.68652,34.26768],[-117.68576,34.2676],[-117.68489,34.26679],[-117.68467,34.26679],[-117.68434,34.26652],[-117.68467,34.26625],[-117.68466,34.26607],[-117.6851,34.26598],[-117.68542,34.26562],[-117.68564,34.26561],[-117.68596,34.26534],[-117.68617,34.26471],[-117.68693,34.26407],[-117.68714,34.26353],[-117.68779,34.26299],[-117.68779,34.26272],[-117.688,34.26253],[-117.68876,34.26244],[-117.68887,34.26226],[-117.68952,34.26217],[-117.68995,34.26189],[-117.69158,34.2617],[-117.69267,34.26269],[-117.69354,34.26259],[-117.69431,34.26322],[-117.69486,34.26475],[-117.69552,34.26583],[-117.69672,34.26636],[-117.69695,34.2678],[-117.69685,34.26844],[-117.69642,34.26898],[-117.69664,34.26934],[-117.69653,34.26979]]],[[[-117.69664,34.26988],[-117.69675,34.26979],[-117.69675,34.26988],[-117.69664,34.26988]]],[[[-117.69686,34.26988],[-117.69675,34.26997],[-117.69675,34.26988],[-117.69686,34.26988]]]]}},{"type":"Feature","properties":{"id":131,"area_km2":0.559,"T":0.668,"F":0.453,"S":0.243,"p_24":0.702,"threshold_mm_hr":19.421,"thr_min":19.189,"thr_max":21.255,"thr_spread":2.066,"stability":"always","frac_high":1.0,"baer_threshold":22.627,"baer_agreement":"contradicts_high"},"geometry":{"type":"MultiPolygon","coordinates":[[[[-117.66351,34.35231],[-117.66362,34.35222],[-117.66362,34.35231],[-117.66351,34.35231]]],[[[-117.66351,34.35231],[-117.66329,34.35249],[-117.6633,34.35276],[-117.66308,34.35294],[-117.66309,34.35484],[-117.66376,34.35691],[-117.66333,34.35727],[-117.66313,34.3589],[-117.6628,34.35908],[-117.6628,34.35926],[-117.66161,34.35963],[-117.66075,34.36035],[-117.65988,34.36036],[-117.65922,34.36018],[-117.65748,34.36037],[-117.65639,34.36019],[-117.65628,34.35956],[-117.65552,34.35957],[-117.65541,34.35975],[-117.65509,34.35975],[-117.65465,34.3602],[-117.65422,34.3603],[-117.65357,34.36093],[-117.65325,34.36093],[-117.65292,34.36121],[-117.65271,34.36166],[-117.65272,34.3631],[-117.6524,34.36364],[-117.65186,34.36401],[-117.65176,34.36518],[-117.65143,34.36536],[-117.65143,34.36554],[-117.65089,34.36564],[-117.65089,34.36545],[-117.65143,34.365],[-117.65141,34.3623],[-117.65173,34.36202],[-117.65173,34.36157],[-117.65227,34.36121],[-117.65227,34.36094],[-117.65281,34.36039],[-117.6528,34.35949],[-117.65334,34.35859],[-117.65333,34.35751],[-117.65398,34.35696],[-117.65452,34.35696],[-117.65528,34.35668],[-117.65626,34.35677],[-117.65669,34.3565],[-117.65734,34.3564],[-117.65799,34.35595],[-117.65831,34.35541],[-117.65918,34.35477],[-117.65939,34.35387],[-117.65993,34.35341],[-117.66069,34.35332],[-117.66145,34.35277],[-117.66221,34.35268],[-117.66231,34.3525],[-117.66318,34.35231],[-117.66351,34.35231]]]]}},{"type":"Feature","properties":{"id":132,"area_km2":0.547,"T":0.0,"F":0.001,"S":0.308,"p_24":0.088,"threshold_mm_hr":67.232,"thr_min":67.116,"thr_max":76.891,"thr_spread":9.775,"stability":"never","frac_high":0.0,"baer_threshold":67.232,"baer_agreement":"confirms_not_high"},"geometry":{"type":"Polygon","coordinates":[[[-117.75649,34.24518],[-117.75812,34.24508],[-117.75855,34.24462],[-117.75877,34.24462],[-117.7592,34.24417],[-117.75942,34.24417],[-117.75952,34.24381],[-117.75995,34.24344],[-117.76039,34.24335],[-117.76115,34.24352],[-117.76147,34.24343],[-117.76114,34.24307],[-117.75973,34.24272],[-117.75951,34.24236],[-117.75831,34.24138],[-117.75722,34.24138],[-117.75679,34.2413],[-117.75613,34.24085],[-117.75483,34.24077],[-117.75461,34.2405],[-117.75449,34.23978],[-117.75373,34.23915],[-117.75328,34.23762],[-117.75252,34.23754],[-117.75187,34.23826],[-117.75101,34.23863],[-117.75058,34.23917],[-117.74982,34.23945],[-117.74874,34.24053],[-117.74875,34.2418],[-117.74854,34.24189],[-117.74833,34.24279],[-117.74834,34.24378],[-117.74812,34.24424],[-117.74791,34.24433],[-117.74781,34.24523],[-117.74911,34.24504],[-117.74976,34.24468],[-117.75052,34.24458],[-117.75095,34.24422],[-117.75236,34.24421],[-117.75269,34.24448],[-117.75334,34.24456],[-117.75367,34.24483],[-117.75432,34.24483],[-117.75551,34.24446],[-117.75584,34.24455],[-117.75649,34.24518]]]}},{"type":"Feature","properties":{"id":133,"area_km2":0.535,"T":0.0,"F":0.007,"S":0.259,"p_24":0.075,"threshold_mm_hr":78.225,"thr_min":78.097,"thr_max":102.155,"thr_spread":24.059,"stability":"never","frac_high":0.0,"baer_threshold":78.225,"baer_agreement":"confirms_not_high"},"geometry":{"type":"Polygon","coordinates":[[[-117.7841,34.31742],[-117.78431,34.31697],[-117.7843,34.31543],[-117.78451,34.31534],[-117.78451,34.31489],[-117.78472,34.31471],[-117.78472,34.31381],[-117.78395,34.31318],[-117.78383,34.31192],[-117.78404,34.31156],[-117.78382,34.3112],[-117.78381,34.30949],[-117.7828,34.30652],[-117.7828,34.30624],[-117.78312,34.30606],[-117.78301,34.30588],[-117.78269,34.30625],[-117.78225,34.30625],[-117.78193,34.30652],[-117.78128,34.30653],[-117.78096,34.30707],[-117.78096,34.30743],[-117.77999,34.30816],[-117.77999,34.30843],[-117.7788,34.30934],[-117.77881,34.31006],[-117.77838,34.31069],[-117.77795,34.31088],[-117.77784,34.31124],[-117.77763,34.31133],[-117.77741,34.31169],[-117.77742,34.31241],[-117.77786,34.31322],[-117.77776,34.31376],[-117.77798,34.31385],[-117.77809,34.31421],[-117.77875,34.31466],[-117.77886,34.31538],[-117.7793,34.31574],[-117.77952,34.31619],[-117.78039,34.31654],[-117.78083,34.31654],[-117.78105,34.31681],[-117.7817,34.31707],[-117.78268,34.31707],[-117.78334,34.31742],[-117.7841,34.31742]]]}},{"type":"Feature","properties":{"id":134,"area_km2":0.534,"T":0.925,"F":0.612,"S":0.259,"p_24":0.9,"threshold_mm_hr":14.955,"thr_min":14.936,"thr_max":15.801,"thr_spread":0.865,"stability":"always","frac_high":1.0,"baer_threshold":15.676,"baer_agreement":"confirms_high"},"geometry":{"type":"Polygon","coordinates":[[[-117.76377,34.26912],[-117.76398,34.26894],[-117.76561,34.26884],[-117.76594,34.26866],[-117.76724,34.26874],[-117.76811,34.26828],[-117.7681,34.26747],[-117.76712,34.26675],[-117.76656,34.26586],[-117.76645,34.26532],[-117.76612,34.26514],[-117.76612,34.26487],[-117.76579,34.26451],[-117.76534,34.2628],[-117.76512,34.26262],[-117.76414,34.26253],[-117.76316,34.26173],[-117.76305,34.26137],[-117.7613,34.26003],[-117.7613,34.25976],[-117.75965,34.25841],[-117.75922,34.25833],[-117.75889,34.25797],[-117.75845,34.25788],[-117.7578,34.25725],[-117.75736,34.25717],[-117.75725,34.25735],[-117.7566,34.25735],[-117.75726,34.25771],[-117.75772,34.26095],[-117.75893,34.26194],[-117.75904,34.26266],[-117.75981,34.26391],[-117.76069,34.26481],[-117.76113,34.26562],[-117.76211,34.26633],[-117.76212,34.26742],[-117.76234,34.2676],[-117.76246,34.26805],[-117.763,34.26849],[-117.76323,34.26903],[-117.76377,34.26912]]]}},{"type":"Feature","properties":{"id":136,"area_km2":0.525,"T":0.867,"F":0.558,"S":0.244,"p_24":0.855,"threshold_mm_hr":16.129,"thr_min":16.029,"thr_max":17.583,"thr_spread":1.554,"stability":"always","frac_high":1.0,"baer_threshold":17.96,"baer_agreement":"confirms_high"},"geometry":{"type":"MultiPolygon","coordinates":[[[[-117.68729,34.32206],[-117.68697,34.32188],[-117.68685,34.32152],[-117.68631,34.32098],[-117.6863,34.32017],[-117.68651,34.31972],[-117.68661,34.31855],[-117.68726,34.31809],[-117.68726,34.31791],[-117.68769,34.31755],[-117.68768,34.31619],[-117.68908,34.3151],[-117.68908,34.31483],[-117.68941,34.31465],[-117.68962,34.3142],[-117.69016,34.31375],[-117.69059,34.31365],[-117.69102,34.3132],[-117.69157,34.31302],[-117.69178,34.31256],[-117.6921,34.31229],[-117.69232,34.31229],[-117.69232,34.31211],[-117.69319,34.31174],[-117.69351,34.31174],[-117.69481,34.31065],[-117.69481,34.31038],[-117.69524,34.31002],[-117.69556,34.31002],[-117.69569,34.31245],[-117.69559,34.3129],[-117.69451,34.31381],[-117.69451,34.31453],[-117.6943,34.31462],[-117.6942,34.31589],[-117.6942,34.31661],[-117.69442,34.3167],[-117.69442,34.31697],[-117.69324,34.31779],[-117.69324,34.31797],[-117.69227,34.31887],[-117.69205,34.31888],[-117.69151,34.31933],[-117.69151,34.31951],[-117.69086,34.31996],[-117.69076,34.32033],[-117.69054,34.32042],[-117.69043,34.32078],[-117.69011,34.32096],[-117.6899,34.32132],[-117.6887,34.32178],[-117.68805,34.32178],[-117.68751,34.32233],[-117.68729,34.32233],[-117.68729,34.32206]]],[[[-117.68729,34.32233],[-117.68719,34.32242],[-117.68719,34.32233],[-117.68729,34.32233]]]]}},{"type":"Feature","properties":{"id":137,"area_km2":0.523,"T":0.912,"F":0.72,"S":0.259,"p_24":0.931,"threshold_mm_hr":13.994,"thr_min":13.94,"thr_max":14.653,"thr_spread":0.713,"stability":"always","frac_high":1.0,"baer_threshold":14.137,"baer_agreement":"confirms_high"},"geometry":{"type":"Polygon","coordinates":[[[-117.69847,34.25427],[-117.69923,34.25372],[-117.69999,34.25363],[-117.70052,34.25308],[-117.70074,34.25308],[-117.70117,34.25209],[-117.7029,34.25136],[-117.70311,34.25082],[-117.70354,34.25054],[-117.70354,34.25036],[-117.70463,34.25018],[-117.70517,34.24972],[-117.70603,34.24936],[-117.70625,34.24944],[-117.70733,34.24917],[-117.7082,34.24844],[-117.70819,34.24817],[-117.70852,34.24781],[-117.7084,34.24727],[-117.70808,34.24727],[-117.70677,34.24674],[-117.70557,34.24566],[-117.70535,34.24566],[-117.70491,34.24521],[-117.70469,34.24521],[-117.70469,34.24476],[-117.70436,34.24431],[-117.70446,34.24368],[-117.70424,34.24323],[-117.70359,34.24324],[-117.70327,34.24351],[-117.70262,34.24351],[-117.70262,34.24441],[-117.70219,34.2446],[-117.70209,34.24487],[-117.70122,34.24551],[-117.70101,34.24632],[-117.70069,34.24659],[-117.70047,34.24659],[-117.70047,34.24677],[-117.70015,34.24695],[-117.69972,34.24759],[-117.69973,34.24876],[-117.6994,34.24885],[-117.69908,34.24921],[-117.69898,34.25021],[-117.69801,34.25111],[-117.69791,34.25157],[-117.69803,34.25328],[-117.69825,34.25364],[-117.69825,34.25427],[-117.69847,34.25427]]]}},{"type":"Feature","properties":{"id":138,"area_km2":0.52,"T":0.906,"F":0.833,"S":0.339,"p_24":0.967,"threshold_mm_hr":12.446,"thr_min":12.442,"thr_max":12.644,"thr_spread":0.202,"stability":"always","frac_high":1.0,"baer_threshold":12.697,"baer_agreement":"confirms_high"},"geometry":{"type":"Polygon","coordinates":[[[-117.71302,34.22821],[-117.71302,34.22749],[-117.71345,34.22722],[-117.71344,34.22596],[-117.71322,34.2256],[-117.71256,34.22524],[-117.71245,34.22497],[-117.71245,34.22434],[-117.71223,34.22407],[-117.71233,34.22299],[-117.7121,34.22245],[-117.71252,34.22064],[-117.71285,34.22019],[-117.71273,34.21992],[-117.71306,34.21982],[-117.71295,34.21919],[-117.71273,34.21911],[-117.71273,34.21892],[-117.71218,34.21893],[-117.71088,34.21939],[-117.70969,34.21948],[-117.70926,34.21976],[-117.70882,34.21976],[-117.70817,34.21922],[-117.70741,34.21932],[-117.70697,34.21905],[-117.70654,34.21905],[-117.70589,34.21878],[-117.7048,34.21888],[-117.70436,34.2187],[-117.70404,34.21834],[-117.70382,34.21835],[-117.70393,34.21916],[-117.70383,34.22015],[-117.70362,34.22051],[-117.70406,34.22078],[-117.70406,34.22096],[-117.70471,34.2215],[-117.70472,34.22168],[-117.70537,34.22203],[-117.70559,34.22266],[-117.70592,34.22284],[-117.70614,34.2232],[-117.70625,34.22383],[-117.70757,34.22491],[-117.708,34.22499],[-117.70887,34.22571],[-117.7092,34.22571],[-117.7104,34.22678],[-117.71062,34.22678],[-117.71128,34.22723],[-117.7116,34.22723],[-117.71193,34.22759],[-117.71291,34.22767],[-117.71302,34.22821]]]}},{"type":"Feature","properties":{"id":140,"area_km2":0.511,"T":0.151,"F":0.116,"S":0.339,"p_24":0.203,"threshold_mm_hr":38.515,"thr_min":37.331,"thr_max":41.971,"thr_spread":4.639,"stability":"never","frac_high":0.0,"baer_threshold":43.533,"baer_agreement":"confirms_not_high"},"geometry":{"type":"Polygon","coordinates":[[[-117.77365,34.24534],[-117.77365,34.24507],[-117.7743,34.2447],[-117.77462,34.24416],[-117.7745,34.24335],[-117.77483,34.2429],[-117.77503,34.24199],[-117.77536,34.24163],[-117.77535,34.24118],[-117.77492,34.24082],[-117.77447,34.23983],[-117.77457,34.2383],[-117.77348,34.2384],[-117.77163,34.23733],[-117.77108,34.23733],[-117.77065,34.23742],[-117.77054,34.2376],[-117.77011,34.23761],[-117.7701,34.23716],[-117.76988,34.23689],[-117.76934,34.2368],[-117.76912,34.23653],[-117.76836,34.23635],[-117.76814,34.23618],[-117.7676,34.23618],[-117.76772,34.23744],[-117.76729,34.2378],[-117.76685,34.23781],[-117.76653,34.23808],[-117.76642,34.23844],[-117.76621,34.23853],[-117.76621,34.23898],[-117.76632,34.23925],[-117.76709,34.23979],[-117.76775,34.24087],[-117.76841,34.2414],[-117.76862,34.2414],[-117.76841,34.24186],[-117.76819,34.24195],[-117.7682,34.24231],[-117.76863,34.24267],[-117.76929,34.24275],[-117.76983,34.2432],[-117.76984,34.24347],[-117.77006,34.24383],[-117.77038,34.24401],[-117.77039,34.24428],[-117.7706,34.24437],[-117.77083,34.245],[-117.77268,34.24535],[-117.77365,34.24534]]]}},{"type":"Feature","properties":{"id":142,"area_km2":0.499,"T":0.0,"F":0.001,"S":0.297,"p_24":0.085,"threshold_mm_hr":69.547,"thr_min":69.383,"thr_max":71.745,"thr_spread":2.361,"stability":"never","frac_high":0.0,"baer_threshold":69.602,"baer_agreement":"confirms_not_high"},"geometry":{"type":"Polygon","coordinates":[[[-117.64739,34.43311],[-117.64771,34.43284],[-117.64781,34.4323],[-117.64803,34.43211],[-117.64803,34.43139],[-117.64835,34.43103],[-117.64834,34.43013],[-117.64812,34.43004],[-117.64811,34.42806],[-117.64832,34.42787],[-117.64832,34.4276],[-117.64854,34.42751],[-117.64852,34.4249],[-117.6483,34.42472],[-117.64829,34.42309],[-117.64839,34.42264],[-117.64893,34.42228],[-117.64904,34.42165],[-117.64926,34.42156],[-117.64925,34.42083],[-117.64947,34.42074],[-117.64956,34.41831],[-117.64988,34.41822],[-117.64986,34.41551],[-117.64942,34.41506],[-117.64942,34.41452],[-117.65039,34.41388],[-117.65039,34.41325],[-117.65082,34.41298],[-117.65092,34.41226],[-117.65136,34.41181],[-117.65168,34.41171],[-117.65168,34.41126],[-117.65146,34.41108],[-117.65113,34.41127],[-117.64983,34.41118],[-117.64961,34.411],[-117.64961,34.41055],[-117.64939,34.41037],[-117.64927,34.40992],[-117.64873,34.40957],[-117.64732,34.41074],[-117.64689,34.41147],[-117.6469,34.41183],[-117.64636,34.41246],[-117.64658,34.41273],[-117.64701,34.41291],[-117.64702,34.41345],[-117.6468,34.41372],[-117.64682,34.41652],[-117.64715,34.41724],[-117.64748,34.41751],[-117.6476,34.41868],[-117.64738,34.41886],[-117.64739,34.41931],[-117.64696,34.42004],[-117.64708,34.42229],[-117.64687,34.42238],[-117.64691,34.42788],[-117.64681,34.42878],[-117.64659,34.42915],[-117.64671,34.42987],[-117.64693,34.42996],[-117.64715,34.43041],[-117.64716,34.43266],[-117.64739,34.43311]]]}},{"type":"Feature","properties":{"id":145,"area_km2":0.458,"T":0.937,"F":0.559,"S":0.244,"p_24":0.875,"threshold_mm_hr":15.625,"thr_min":15.616,"thr_max":16.843,"thr_spread":1.227,"stability":"always","frac_high":1.0,"baer_threshold":16.737,"baer_agreement":"confirms_high"},"geometry":{"type":"MultiPolygon","coordinates":[[[[-117.71121,34.32273],[-117.71132,34.32237],[-117.71197,34.32192],[-117.71218,34.32147],[-117.71218,34.32111],[-117.71196,34.32093],[-117.71184,34.31939],[-117.71227,34.31903],[-117.71226,34.31858],[-117.71388,34.31731],[-117.71399,34.31695],[-117.71507,34.31604],[-117.71528,34.31513],[-117.71711,34.31359],[-117.71733,34.31359],[-117.71787,34.31314],[-117.71797,34.31268],[-117.71851,34.31232],[-117.71852,34.31259],[-117.71884,34.31277],[-117.71885,34.3134],[-117.71918,34.31376],[-117.71918,34.31412],[-117.71962,34.31439],[-117.71963,34.31574],[-117.72105,34.31699],[-117.72095,34.31799],[-117.72052,34.31826],[-117.72041,34.31853],[-117.7189,34.31917],[-117.71847,34.31963],[-117.71695,34.31981],[-117.71684,34.32],[-117.71662,34.32],[-117.71598,34.32072],[-117.71489,34.32109],[-117.71381,34.32209],[-117.71305,34.32218],[-117.71186,34.32273],[-117.71121,34.32273]]],[[[-117.71121,34.32282],[-117.7111,34.32273],[-117.71121,34.32273],[-117.71121,34.32282]]],[[[-117.71099,34.32283],[-117.7111,34.32291],[-117.711,34.32292],[-117.71099,34.32283]]],[[[-117.711,34.32301],[-117.71089,34.32292],[-117.711,34.32292],[-117.711,34.32301]]]]}},{"type":"Feature","properties":{"id":147,"area_km2":0.451,"T":0.01,"F":0.0,"S":0.259,"p_24":0.075,"threshold_mm_hr":78.335,"thr_min":76.975,"thr_max":103.538,"thr_spread":26.563,"stability":"never","frac_high":0.0,"baer_threshold":79.546,"baer_agreement":"confirms_not_high"},"geometry":{"type":"MultiPolygon","coordinates":[[[[-117.78726,34.30658],[-117.78703,34.30559],[-117.78659,34.30532],[-117.78669,34.30379],[-117.78647,34.3037],[-117.78647,34.30334],[-117.78688,34.3009],[-117.78709,34.30072],[-117.78709,34.30036],[-117.78741,34.2999],[-117.78751,34.29936],[-117.78773,34.29936],[-117.78795,34.29909],[-117.78838,34.2989],[-117.78892,34.29881],[-117.79055,34.2988],[-117.79121,34.29916],[-117.79175,34.29888],[-117.79262,34.29888],[-117.79349,34.29923],[-117.79382,34.29959],[-117.79436,34.29968],[-117.7948,34.30004],[-117.79556,34.30012],[-117.79589,34.3003],[-117.79633,34.30102],[-117.79633,34.30129],[-117.79536,34.30211],[-117.79515,34.30211],[-117.79504,34.30247],[-117.79439,34.30301],[-117.79288,34.30347],[-117.79136,34.30357],[-117.79092,34.30376],[-117.79071,34.30403],[-117.79049,34.30403],[-117.79028,34.3043],[-117.78963,34.30431],[-117.78855,34.3054],[-117.78856,34.30621],[-117.78823,34.30648],[-117.7878,34.30657],[-117.78726,34.30658]]],[[[-117.78726,34.30658],[-117.78715,34.30667],[-117.78715,34.30658],[-117.78726,34.30658]]]]}},{"type":"Feature","properties":{"id":148,"area_km2":0.447,"T":0.944,"F":0.734,"S":0.244,"p_24":0.935,"threshold_mm_hr":13.831,"thr_min":13.831,"thr_max":14.718,"thr_spread":0.887,"stability":"always","frac_high":1.0,"baer_threshold":14.077,"baer_agreement":"confirms_high"},"geometry":{"type":"MultiPolygon","coordinates":[[[[-117.72811,34.35348],[-117.72767,34.35339],[-117.72811,34.35339],[-117.72811,34.35348]]],[[[-117.72854,34.35347],[-117.72941,34.35266],[-117.72995,34.35256],[-117.73059,34.35193],[-117.73179,34.35192],[-117.73201,34.35246],[-117.73267,34.353],[-117.73311,34.35381],[-117.73355,34.35417],[-117.73431,34.35443],[-117.73594,34.35433],[-117.73605,34.3546],[-117.73704,34.35523],[-117.73726,34.35568],[-117.73825,34.35648],[-117.73857,34.35648],[-117.73879,34.35675],[-117.73945,34.35684],[-117.73868,34.35684],[-117.73793,34.35748],[-117.7376,34.35748],[-117.73706,34.35793],[-117.73576,34.35812],[-117.73533,34.35857],[-117.73348,34.35858],[-117.73294,34.35886],[-117.73087,34.35869],[-117.73043,34.35842],[-117.72967,34.35825],[-117.72912,34.3578],[-117.72934,34.35717],[-117.72933,34.35608],[-117.72834,34.35528],[-117.72844,34.35429],[-117.72833,34.35375],[-117.72811,34.35357],[-117.72854,34.35347]]]]}},{"type":"Feature","properties":{"id":149,"area_km2":0.446,"T":0.001,"F":0.026,"S":0.297,"p_24":0.093,"threshold_mm_hr":64.485,"thr_min":64.223,"thr_max":66.431,"thr_spread":2.209,"stability":"never","frac_high":0.0,"baer_threshold":64.59,"baer_agreement":"confirms_not_high"},"geometry":{"type":"MultiPolygon","coordinates":[[[[-117.63588,34.40864],[-117.6361,34.40846],[-117.63609,34.40765],[-117.63587,34.40747],[-117.63565,34.40684],[-117.63575,34.4053],[-117.63553,34.40504],[-117.6355,34.40197],[-117.63583,34.4017],[-117.63583,34.40134],[-117.63669,34.40061],[-117.63702,34.40061],[-117.63734,34.40025],[-117.63832,34.40015],[-117.63821,34.39961],[-117.63853,34.39934],[-117.63896,34.39916],[-117.64081,34.39897],[-117.64125,34.39878],[-117.64179,34.39824],[-117.64374,34.39778],[-117.64375,34.39913],[-117.64321,34.39958],[-117.64322,34.40076],[-117.64344,34.40085],[-117.64366,34.4013],[-117.64367,34.40238],[-117.64335,34.40292],[-117.64302,34.4031],[-117.64258,34.40283],[-117.64182,34.40284],[-117.6416,34.40266],[-117.63997,34.40231],[-117.63932,34.40303],[-117.63933,34.40474],[-117.63879,34.40502],[-117.6387,34.40709],[-117.63848,34.40727],[-117.63772,34.40728],[-117.63718,34.40773],[-117.63718,34.40791],[-117.63686,34.40818],[-117.63675,34.40882],[-117.6361,34.40873],[-117.63588,34.409],[-117.63588,34.40864]]],[[[-117.63578,34.409],[-117.63588,34.40909],[-117.63578,34.40909],[-117.63578,34.409]]],[[[-117.63578,34.40918],[-117.63567,34.40909],[-117.63578,34.40909],[-117.63578,34.40918]]]]}},{"type":"Feature","properties":{"id":150,"area_km2":0.446,"T":0.451,"F":0.523,"S":0.259,"p_24":0.661,"threshold_mm_hr":20.271,"thr_min":20.271,"thr_max":21.64,"thr_spread":1.369,"stability":"sometimes","frac_high":0.833,"baer_threshold":20.916,"baer_agreement":"unstable_anchor_high"},"geometry":{"type":"Polygon","coordinates":[[[-117.65795,34.37822],[-117.65751,34.37759],[-117.6575,34.37687],[-117.65717,34.37651],[-117.65717,34.37561],[-117.65749,34.37525],[-117.6576,34.3748],[-117.65725,34.37291],[-117.65692,34.37237],[-117.65627,34.3721],[-117.65605,34.37174],[-117.65561,34.37147],[-117.65561,34.3712],[-117.65593,34.37075],[-117.65592,34.36958],[-117.65581,34.36922],[-117.65548,34.36904],[-117.65548,34.36841],[-117.65504,34.36832],[-117.65493,34.36814],[-117.65493,34.36742],[-117.6546,34.36715],[-117.6546,34.36688],[-117.65361,34.36616],[-117.65296,34.36617],[-117.65274,34.3659],[-117.65035,34.36582],[-117.65036,34.36771],[-117.65091,34.3678],[-117.65167,34.36843],[-117.65168,34.36969],[-117.65245,34.37023],[-117.65245,34.37059],[-117.65202,34.37086],[-117.65191,34.37131],[-117.65051,34.37267],[-117.6515,34.37375],[-117.65269,34.37374],[-117.65292,34.37455],[-117.65325,34.37491],[-117.65499,34.37535],[-117.65597,34.37535],[-117.65597,34.37553],[-117.65663,34.37598],[-117.65653,34.37733],[-117.6562,34.37751],[-117.6562,34.37778],[-117.65642,34.37796],[-117.65751,34.37795],[-117.65773,34.37822],[-117.65795,34.37822]]]}},{"type":"Feature","properties":{"id":151,"area_km2":0.442,"T":0.937,"F":0.851,"S":0.259,"p_24":0.96,"threshold_mm_hr":12.789,"thr_min":12.779,"thr_max":13.314,"thr_spread":0.534,"stability":"always","frac_high":1.0,"baer_threshold":12.839,"baer_agreement":"confirms_high"},"geometry":{"type":"Polygon","coordinates":[[[-117.71162,34.255],[-117.71303,34.25482],[-117.71237,34.2541],[-117.71237,34.25347],[-117.71204,34.2532],[-117.71159,34.25203],[-117.71138,34.25203],[-117.71105,34.25176],[-117.71105,34.25149],[-117.71083,34.2514],[-117.71061,34.25095],[-117.71028,34.25095],[-117.71006,34.25078],[-117.70887,34.25078],[-117.70712,34.24917],[-117.70625,34.24944],[-117.70603,34.24936],[-117.70517,34.24972],[-117.70463,34.25018],[-117.70354,34.25036],[-117.70354,34.25054],[-117.70311,34.25082],[-117.70301,34.25127],[-117.70268,34.25136],[-117.70247,34.25163],[-117.70128,34.252],[-117.70074,34.25308],[-117.70052,34.25308],[-117.69998,34.25354],[-117.69999,34.25372],[-117.7002,34.25372],[-117.70031,34.2539],[-117.70097,34.25389],[-117.70118,34.25416],[-117.70206,34.25434],[-117.70434,34.25442],[-117.7052,34.25405],[-117.70597,34.25459],[-117.70673,34.25467],[-117.70706,34.25485],[-117.70868,34.25466],[-117.70977,34.2542],[-117.71074,34.25411],[-117.71107,34.25447],[-117.7114,34.25455],[-117.71162,34.255]]]}},{"type":"Feature","properties":{"id":152,"area_km2":0.437,"T":0.524,"F":0.356,"S":0.339,"p_24":0.626,"threshold_mm_hr":21.016,"thr_min":20.638,"thr_max":22.389,"thr_spread":1.752,"stability":"sometimes","frac_high":0.667,"baer_threshold":24.889,"baer_agreement":"unstable_anchor_not_high"},"geometry":{"type":"Polygon","coordinates":[[[-117.6696,34.22909],[-117.67035,34.22854],[-117.67035,34.22809],[-117.67056,34.22773],[-117.671,34.22755],[-117.67197,34.22673],[-117.67218,34.2261],[-117.67251,34.22601],[-117.67272,34.22555],[-117.6738,34.22483],[-117.67368,34.22365],[-117.67216,34.22384],[-117.67194,34.22357],[-117.67162,34.22349],[-117.67161,34.22313],[-117.66899,34.22097],[-117.66867,34.22098],[-117.66823,34.22071],[-117.66812,34.22044],[-117.66779,34.22044],[-117.66747,34.22017],[-117.6666,34.22009],[-117.66595,34.22072],[-117.66541,34.22072],[-117.66607,34.22189],[-117.66585,34.22243],[-117.66618,34.22288],[-117.66619,34.2237],[-117.66641,34.22397],[-117.66642,34.22478],[-117.66609,34.22532],[-117.6661,34.22595],[-117.66632,34.22604],[-117.66633,34.22721],[-117.66796,34.22847],[-117.6684,34.22909],[-117.6696,34.22909]]]}},{"type":"Feature","properties":{"id":153,"area_km2":0.436,"T":0.955,"F":0.615,"S":0.259,"p_24":0.907,"threshold_mm_hr":14.743,"thr_min":14.743,"thr_max":15.459,"thr_spread":0.716,"stability":"always","frac_high":1.0,"baer_threshold":15.043,"baer_agreement":"confirms_high"},"geometry":{"type":"Polygon","coordinates":[[[-117.7616,34.26976],[-117.76182,34.26958],[-117.76344,34.26921],[-117.76301,34.26876],[-117.76278,34.26822],[-117.76246,34.26805],[-117.76234,34.2676],[-117.76212,34.26742],[-117.76211,34.26633],[-117.76113,34.26562],[-117.76069,34.26481],[-117.75981,34.26391],[-117.75904,34.26266],[-117.75893,34.26194],[-117.75827,34.26149],[-117.75827,34.26131],[-117.75783,34.26095],[-117.75739,34.26086],[-117.7563,34.26006],[-117.75576,34.25997],[-117.75543,34.25961],[-117.75521,34.25961],[-117.7551,34.25907],[-117.75488,34.25898],[-117.75477,34.25853],[-117.75444,34.25827],[-117.75433,34.25773],[-117.75433,34.25791],[-117.75379,34.25845],[-117.7538,34.25935],[-117.75402,34.26034],[-117.75435,34.26052],[-117.75446,34.26088],[-117.75512,34.26151],[-117.75524,34.26268],[-117.75579,34.26304],[-117.75579,34.2634],[-117.75547,34.26385],[-117.7556,34.2661],[-117.75615,34.26691],[-117.75669,34.26736],[-117.75778,34.26762],[-117.75899,34.26861],[-117.75942,34.2687],[-117.75953,34.26888],[-117.76051,34.26896],[-117.76117,34.26959],[-117.7616,34.26976]]]}},{"type":"Feature","properties":{"id":156,"area_km2":0.42,"T":0.735,"F":1.005,"S":0.259,"p_24":0.965,"threshold_mm_hr":12.56,"thr_min":12.56,"thr_max":13.051,"thr_spread":0.491,"stability":"always","frac_high":1.0,"baer_threshold":12.56,"baer_agreement":"confirms_high"},"geometry":{"type":"Polygon","coordinates":[[[-117.70192,34.26426],[-117.70246,34.26408],[-117.70311,34.26353],[-117.70517,34.26352],[-117.70572,34.2637],[-117.70637,34.26369],[-117.70658,34.26351],[-117.70734,34.26342],[-117.70756,34.26332],[-117.70767,34.26296],[-117.70831,34.26251],[-117.70994,34.26232],[-117.71005,34.26214],[-117.71092,34.26186],[-117.71124,34.2615],[-117.71254,34.26149],[-117.71265,34.26122],[-117.7133,34.26068],[-117.71286,34.26068],[-117.71264,34.26041],[-117.71003,34.26024],[-117.7096,34.25998],[-117.70949,34.25971],[-117.70818,34.25962],[-117.70732,34.25999],[-117.70623,34.26009],[-117.70547,34.26054],[-117.70461,34.26073],[-117.7045,34.26091],[-117.70309,34.2611],[-117.70233,34.26155],[-117.70016,34.26156],[-117.69983,34.26139],[-117.69907,34.2613],[-117.69809,34.2614],[-117.6969,34.26185],[-117.69538,34.26195],[-117.69539,34.26213],[-117.69681,34.2633],[-117.69702,34.2633],[-117.69724,34.26356],[-117.69768,34.26374],[-117.69833,34.26383],[-117.6992,34.26427],[-117.70192,34.26426]]]}},{"type":"Feature","properties":{"id":157,"area_km2":0.419,"T":0.872,"F":0.772,"S":0.244,"p_24":0.934,"threshold_mm_hr":13.885,"thr_min":13.885,"thr_max":14.727,"thr_spread":0.842,"stability":"always","frac_high":1.0,"baer_threshold":13.9,"baer_agreement":"confirms_high"},"geometry":{"type":"Polygon","coordinates":[[[-117.72437,34.32356],[-117.72589,34.32337],[-117.72643,34.32301],[-117.72687,34.323],[-117.72762,34.32228],[-117.72795,34.32218],[-117.72826,34.32083],[-117.72804,34.32101],[-117.72739,34.32102],[-117.72717,34.32075],[-117.72685,34.32075],[-117.72619,34.32012],[-117.72586,34.32003],[-117.72347,34.32005],[-117.72173,34.31988],[-117.72118,34.31952],[-117.72118,34.31889],[-117.72063,34.31844],[-117.7189,34.31917],[-117.71847,34.31963],[-117.71695,34.31981],[-117.71598,34.32072],[-117.71489,34.32109],[-117.71381,34.32209],[-117.71338,34.32209],[-117.71371,34.32227],[-117.71447,34.32226],[-117.71545,34.3228],[-117.71795,34.32278],[-117.71806,34.3226],[-117.71925,34.32251],[-117.71969,34.32259],[-117.72013,34.32295],[-117.72154,34.32312],[-117.72187,34.3233],[-117.72382,34.32329],[-117.72437,34.32356]]]}},{"type":"Feature","properties":{"id":160,"area_km2":0.388,"T":0.937,"F":0.703,"S":0.244,"p_24":0.926,"threshold_mm_hr":14.151,"thr_min":14.116,"thr_max":15.138,"thr_spread":1.021,"stability":"always","frac_high":1.0,"baer_threshold":15.031,"baer_agreement":"confirms_high"},"geometry":{"type":"Polygon","coordinates":[[[-117.69959,34.31081],[-117.69948,34.31018],[-117.70077,34.30909],[-117.70132,34.30908],[-117.70153,34.30854],[-117.7025,34.30772],[-117.70249,34.30682],[-117.7026,34.30637],[-117.70281,34.30619],[-117.70281,34.30538],[-117.70334,34.30465],[-117.70344,34.30366],[-117.70268,34.30312],[-117.70257,34.30285],[-117.70202,34.30277],[-117.7018,34.30241],[-117.70082,34.30178],[-117.70071,34.30142],[-117.69995,34.30125],[-117.69918,34.30062],[-117.69885,34.30053],[-117.69854,34.30152],[-117.69832,34.30162],[-117.69832,34.30225],[-117.69789,34.30252],[-117.69757,34.30351],[-117.69759,34.30514],[-117.69727,34.30622],[-117.69793,34.30739],[-117.69794,34.30829],[-117.69838,34.30865],[-117.6986,34.30937],[-117.69882,34.30946],[-117.69894,34.31045],[-117.69915,34.31054],[-117.69916,34.31081],[-117.69959,34.31081]]]}},{"type":"Feature","properties":{"id":162,"area_km2":0.379,"T":0.799,"F":0.644,"S":0.259,"p_24":0.882,"threshold_mm_hr":15.447,"thr_min":15.36,"thr_max":16.396,"thr_spread":1.036,"stability":"always","frac_high":1.0,"baer_threshold":15.958,"baer_agreement":"confirms_high"},"geometry":{"type":"Polygon","coordinates":[[[-117.7014,34.24063],[-117.70237,34.24036],[-117.70411,34.24035],[-117.70433,34.24008],[-117.70737,34.24024],[-117.70758,34.2397],[-117.70757,34.23889],[-117.7079,34.23861],[-117.70789,34.23726],[-117.70799,34.2369],[-117.70821,34.23681],[-117.7082,34.23645],[-117.70777,34.23645],[-117.70711,34.23582],[-117.70679,34.23582],[-117.70635,34.23538],[-117.70613,34.23538],[-117.70581,34.23565],[-117.70537,34.23565],[-117.70484,34.23629],[-117.70408,34.23638],[-117.70386,34.23665],[-117.7031,34.23666],[-117.70289,34.23684],[-117.70245,34.23684],[-117.70213,34.2372],[-117.70028,34.23721],[-117.69898,34.23704],[-117.69855,34.2374],[-117.69801,34.23759],[-117.69779,34.23795],[-117.6978,34.23867],[-117.69758,34.23876],[-117.69758,34.23894],[-117.69693,34.23922],[-117.6965,34.23967],[-117.69629,34.23967],[-117.69727,34.24012],[-117.69835,34.23993],[-117.69944,34.24001],[-117.70009,34.24037],[-117.7014,34.24063]]]}},{"type":"Feature","properties":{"id":163,"area_km2":0.374,"T":0.109,"F":0.12,"S":0.259,"p_24":0.143,"threshold_mm_hr":47.392,"thr_min":44.452,"thr_max":58.677,"thr_spread":14.225,"stability":"never","frac_high":0.0,"baer_threshold":54.038,"baer_agreement":"confirms_not_high"},"geometry":{"type":"Polygon","coordinates":[[[-117.6407,34.36984],[-117.64113,34.36956],[-117.64178,34.36956],[-117.642,34.36974],[-117.64266,34.36974],[-117.6432,34.36955],[-117.64307,34.36739],[-117.64317,34.3664],[-117.64339,34.36622],[-117.64339,34.36558],[-117.64295,34.36532],[-117.64262,34.36532],[-117.64229,34.36496],[-117.64153,34.36478],[-117.6412,34.36442],[-117.63913,34.3638],[-117.63902,34.36362],[-117.63815,34.36327],[-117.63793,34.363],[-117.63738,34.36282],[-117.63716,34.36255],[-117.63706,34.36273],[-117.63738,34.36291],[-117.63739,34.36345],[-117.63697,34.36508],[-117.63632,34.36553],[-117.63633,34.36724],[-117.63568,34.3677],[-117.63557,34.36806],[-117.63503,34.36842],[-117.63503,34.3686],[-117.63558,34.36878],[-117.63602,34.36923],[-117.63667,34.36914],[-117.63678,34.36896],[-117.63743,34.36877],[-117.63776,34.36904],[-117.63852,34.36904],[-117.63863,34.36922],[-117.6395,34.3693],[-117.64016,34.36984],[-117.6407,34.36984]]]}},{"type":"Feature","properties":{"id":164,"area_km2":0.371,"T":0.477,"F":0.578,"S":0.256,"p_24":0.719,"threshold_mm_hr":19.058,"thr_min":18.968,"thr_max":19.947,"thr_spread":0.979,"stability":"always","frac_high":1.0,"baer_threshold":19.848,"baer_agreement":"confirms_high"},"geometry":{"type":"Polygon","coordinates":[[[-117.66988,34.23666],[-117.67042,34.2363],[-117.67073,34.23521],[-117.67095,34.23503],[-117.67095,34.23467],[-117.67127,34.2344],[-117.67126,34.23314],[-117.67028,34.23233],[-117.66984,34.23224],[-117.66994,34.23098],[-117.66961,34.2308],[-117.66939,34.23044],[-117.66841,34.23045],[-117.66776,34.23036],[-117.66765,34.23018],[-117.66657,34.2301],[-117.66493,34.22866],[-117.66471,34.22866],[-117.66438,34.2284],[-117.66438,34.22794],[-117.66416,34.22786],[-117.66416,34.22813],[-117.66373,34.22849],[-117.66351,34.22849],[-117.6633,34.22894],[-117.66308,34.22903],[-117.66331,34.23029],[-117.66288,34.23066],[-117.66288,34.23093],[-117.66266,34.23093],[-117.66234,34.2312],[-117.66256,34.23138],[-117.66256,34.23165],[-117.663,34.23183],[-117.66354,34.23237],[-117.66463,34.23236],[-117.66529,34.2329],[-117.66529,34.23308],[-117.6655,34.23308],[-117.66551,34.23326],[-117.66616,34.23371],[-117.66616,34.23407],[-117.66671,34.23488],[-117.66748,34.2355],[-117.66824,34.23568],[-117.66879,34.23622],[-117.66955,34.23639],[-117.66988,34.23666]]]}},{"type":"Feature","properties":{"id":165,"area_km2":0.368,"T":0.948,"F":0.865,"S":0.259,"p_24":0.963,"threshold_mm_hr":12.634,"thr_min":12.634,"thr_max":13.152,"thr_spread":0.518,"stability":"always","frac_high":1.0,"baer_threshold":12.705,"baer_agreement":"confirms_high"},"geometry":{"type":"Polygon","coordinates":[[[-117.75902,34.27231],[-117.76118,34.27076],[-117.76161,34.27004],[-117.7616,34.26976],[-117.76117,34.26959],[-117.76051,34.26896],[-117.75953,34.26888],[-117.75942,34.2687],[-117.75899,34.26861],[-117.75866,34.26825],[-117.75844,34.26825],[-117.75778,34.26762],[-117.75691,34.26736],[-117.75648,34.26736],[-117.75615,34.26772],[-117.75572,34.26782],[-117.75496,34.26836],[-117.75442,34.26837],[-117.75399,34.26864],[-117.75366,34.26864],[-117.75356,34.26882],[-117.75312,34.26892],[-117.75237,34.26964],[-117.7515,34.26983],[-117.75129,34.27001],[-117.7502,34.27011],[-117.74955,34.27056],[-117.74857,34.27057],[-117.74781,34.26994],[-117.74781,34.27012],[-117.74836,34.27048],[-117.74836,34.27084],[-117.74858,34.27093],[-117.74869,34.27138],[-117.74913,34.27165],[-117.74967,34.27164],[-117.75033,34.272],[-117.75065,34.272],[-117.75152,34.27163],[-117.75173,34.27136],[-117.75217,34.27136],[-117.75304,34.27144],[-117.75347,34.2718],[-117.75391,34.27162],[-117.75575,34.27169],[-117.75597,34.27187],[-117.75706,34.27205],[-117.75761,34.27231],[-117.75902,34.27231]]]}},{"type":"Feature","properties":{"id":166,"area_km2":0.362,"T":0.718,"F":0.543,"S":0.244,"p_24":0.793,"threshold_mm_hr":17.512,"thr_min":17.044,"thr_max":19.45,"thr_spread":2.406,"stability":"always","frac_high":1.0,"baer_threshold":19.402,"baer_agreement":"confirms_high"},"geometry":{"type":"Polygon","coordinates":[[[-117.69046,34.33692],[-117.69066,34.33566],[-117.69045,34.33557],[-117.69033,34.33494],[-117.69174,34.33376],[-117.69173,34.3334],[-117.69303,34.33231],[-117.6932,34.32726],[-117.69233,34.32717],[-117.69146,34.32654],[-117.6907,34.32655],[-117.69048,34.32673],[-117.69049,34.327],[-117.68951,34.32782],[-117.68941,34.32836],[-117.68898,34.3289],[-117.68888,34.32999],[-117.68834,34.3308],[-117.68846,34.33206],[-117.68825,34.33288],[-117.68793,34.33324],[-117.68793,34.33405],[-117.68751,34.33486],[-117.68718,34.33514],[-117.68751,34.33549],[-117.6886,34.33567],[-117.68871,34.33585],[-117.68893,34.33585],[-117.68904,34.33612],[-117.68947,34.33621],[-117.68958,34.33638],[-117.69002,34.33638],[-117.69024,34.33656],[-117.69024,34.33683],[-117.69046,34.33692]]]}},{"type":"Feature","properties":{"id":167,"area_km2":0.36,"T":0.827,"F":0.564,"S":0.244,"p_24":0.845,"threshold_mm_hr":16.355,"thr_min":16.195,"thr_max":17.931,"thr_spread":1.736,"stability":"always","frac_high":1.0,"baer_threshold":18.118,"baer_agreement":"confirms_high"},"geometry":{"type":"Polygon","coordinates":[[[-117.73399,34.35434],[-117.73583,34.35433],[-117.73572,34.35352],[-117.7355,34.35334],[-117.73549,34.35262],[-117.73528,34.35253],[-117.73483,34.35181],[-117.73471,34.34965],[-117.73405,34.3492],[-117.73349,34.34767],[-117.73284,34.34741],[-117.73262,34.34705],[-117.73175,34.34678],[-117.73142,34.34651],[-117.73055,34.34643],[-117.73011,34.34598],[-117.72978,34.34598],[-117.72945,34.34571],[-117.72913,34.34572],[-117.72891,34.34545],[-117.72847,34.34536],[-117.72814,34.345],[-117.72771,34.34482],[-117.72759,34.34383],[-117.72737,34.34374],[-117.72738,34.34446],[-117.72716,34.34455],[-117.72716,34.34473],[-117.72673,34.34474],[-117.72651,34.34501],[-117.72673,34.34546],[-117.72739,34.34609],[-117.72739,34.34645],[-117.72783,34.3469],[-117.72784,34.34717],[-117.72816,34.34752],[-117.72817,34.34779],[-117.72861,34.34851],[-117.72904,34.34869],[-117.72959,34.34923],[-117.72959,34.34941],[-117.73003,34.34968],[-117.73047,34.35058],[-117.73113,34.35111],[-117.73135,34.35165],[-117.73179,34.35192],[-117.73201,34.35246],[-117.73267,34.353],[-117.73311,34.35381],[-117.73399,34.35434]]]}},{"type":"Feature","properties":{"id":169,"area_km2":0.351,"T":0.853,"F":0.89,"S":0.339,"p_24":0.97,"threshold_mm_hr":12.268,"thr_min":12.19,"thr_max":12.521,"thr_spread":0.331,"stability":"always","frac_high":1.0,"baer_threshold":12.266,"baer_agreement":"confirms_high"},"geometry":{"type":"Polygon","coordinates":[[[-117.72009,34.22898],[-117.72116,34.22807],[-117.72116,34.2278],[-117.72181,34.22735],[-117.72203,34.22735],[-117.72267,34.2268],[-117.72299,34.22626],[-117.72299,34.22536],[-117.72352,34.22454],[-117.72373,34.22337],[-117.72416,34.22301],[-117.72405,34.22265],[-117.72437,34.22165],[-117.7248,34.22129],[-117.72479,34.22102],[-117.72392,34.22048],[-117.72273,34.22049],[-117.72229,34.22013],[-117.7212,34.22014],[-117.72001,34.2206],[-117.71894,34.22168],[-117.71852,34.22358],[-117.7183,34.22376],[-117.71831,34.22475],[-117.71853,34.22493],[-117.71864,34.22547],[-117.71952,34.2261],[-117.71952,34.22673],[-117.71974,34.22682],[-117.71975,34.22772],[-117.71997,34.22781],[-117.71997,34.22817],[-117.71943,34.22854],[-117.71943,34.22881],[-117.72009,34.22898]]]}},{"type":"Feature","properties":{"id":170,"area_km2":0.347,"T":0.846,"F":0.706,"S":0.259,"p_24":0.915,"threshold_mm_hr":14.509,"thr_min":14.509,"thr_max":15.183,"thr_spread":0.674,"stability":"always","frac_high":1.0,"baer_threshold":14.564,"baer_agreement":"confirms_high"},"geometry":{"type":"MultiPolygon","coordinates":[[[[-117.71578,34.24614],[-117.7161,34.24533],[-117.71664,34.24487],[-117.71718,34.24478],[-117.71761,34.24442],[-117.71848,34.24441],[-117.7188,34.24414],[-117.71891,34.24351],[-117.71934,34.24324],[-117.71966,34.24269],[-117.72031,34.24233],[-117.7203,34.24188],[-117.72074,34.2416],[-117.72084,34.24124],[-117.72149,34.24097],[-117.72149,34.2407],[-117.72213,34.23997],[-117.72223,34.2388],[-117.72255,34.23844],[-117.72277,34.23844],[-117.7232,34.23771],[-117.72353,34.23771],[-117.72363,34.23753],[-117.72515,34.2377],[-117.72678,34.2376],[-117.72678,34.23787],[-117.72657,34.23796],[-117.72669,34.23922],[-117.72593,34.23986],[-117.72594,34.2404],[-117.72627,34.24067],[-117.72638,34.24103],[-117.7254,34.2414],[-117.72399,34.2414],[-117.72367,34.24168],[-117.7228,34.24186],[-117.72237,34.24223],[-117.72237,34.24277],[-117.72216,34.24304],[-117.72217,34.24412],[-117.72239,34.24466],[-117.72207,34.24583],[-117.72131,34.24575],[-117.7211,34.24593],[-117.72045,34.24602],[-117.72012,34.2463],[-117.71915,34.24612],[-117.71806,34.24622],[-117.71762,34.24595],[-117.71578,34.24614]]],[[[-117.71578,34.24614],[-117.71567,34.24623],[-117.71567,34.24614],[-117.71578,34.24614]]]]}},{"type":"Feature","properties":{"id":174,"area_km2":0.335,"T":0.229,"F":0.145,"S":0.259,"p_24":0.198,"threshold_mm_hr":38.999,"thr_min":35.812,"thr_max":48.188,"thr_spread":12.376,"stability":"never","frac_high":0.0,"baer_threshold":50.729,"baer_agreement":"confirms_not_high"},"geometry":{"type":"Polygon","coordinates":[[[-117.75607,34.31922],[-117.75791,34.31849],[-117.75878,34.31776],[-117.7591,34.31722],[-117.75975,34.31712],[-117.76018,34.31676],[-117.76083,34.31675],[-117.76148,34.31621],[-117.76158,34.31585],[-117.76245,34.31521],[-117.76353,34.31511],[-117.76472,34.31402],[-117.76471,34.31321],[-117.76525,34.31276],[-117.76536,34.3124],[-117.76568,34.31221],[-117.76568,34.31167],[-117.76525,34.31213],[-117.76372,34.31214],[-117.76329,34.31241],[-117.76308,34.31277],[-117.76275,34.31277],[-117.76243,34.31305],[-117.76036,34.31297],[-117.76015,34.31315],[-117.75917,34.31316],[-117.75906,34.31334],[-117.7583,34.31343],[-117.75819,34.31361],[-117.75722,34.31362],[-117.75722,34.3138],[-117.75668,34.31425],[-117.75668,34.31489],[-117.75582,34.31534],[-117.75582,34.31579],[-117.75539,34.31625],[-117.7554,34.31661],[-117.75573,34.31706],[-117.75573,34.31787],[-117.75595,34.31814],[-117.75585,34.31895],[-117.75607,34.31922]]]}},{"type":"Feature","properties":{"id":175,"area_km2":0.333,"T":0.446,"F":0.287,"S":0.244,"p_24":0.412,"threshold_mm_hr":26.614,"thr_min":24.32,"thr_max":32.546,"thr_spread":8.227,"stability":"never","frac_high":0.0,"baer_threshold":34.125,"baer_agreement":"confirms_not_high"},"geometry":{"type":"Polygon","coordinates":[[[-117.68563,34.30475],[-117.68541,34.30457],[-117.68541,34.30412],[-117.68464,34.30359],[-117.68464,34.30305],[-117.68442,34.30278],[-117.6844,34.3007],[-117.6832,34.29972],[-117.68297,34.29846],[-117.68275,34.2981],[-117.68155,34.29738],[-117.68068,34.2973],[-117.6798,34.29658],[-117.67981,34.29676],[-117.67905,34.2973],[-117.67884,34.29767],[-117.67884,34.29848],[-117.67863,34.29875],[-117.67864,34.30001],[-117.67832,34.30119],[-117.67952,34.30217],[-117.67974,34.30217],[-117.67996,34.30244],[-117.68051,34.30262],[-117.68105,34.30307],[-117.68116,34.30343],[-117.68138,34.30351],[-117.68149,34.30387],[-117.68204,34.30441],[-117.68302,34.30459],[-117.68411,34.30458],[-117.68454,34.30476],[-117.68563,34.30475]]]}},{"type":"Feature","properties":{"id":177,"area_km2":0.324,"T":0.924,"F":0.674,"S":0.259,"p_24":0.92,"threshold_mm_hr":14.35,"thr_min":14.35,"thr_max":15.05,"thr_spread":0.699,"stability":"always","frac_high":1.0,"baer_threshold":14.879,"baer_agreement":"confirms_high"},"geometry":{"type":"Polygon","coordinates":[[[-117.73386,34.25235],[-117.73581,34.25153],[-117.737,34.25152],[-117.7371,34.24998],[-117.73666,34.24972],[-117.73655,34.24945],[-117.73675,34.248],[-117.73621,34.24792],[-117.73545,34.24729],[-117.73501,34.2472],[-117.73467,34.24612],[-117.73424,34.24603],[-117.73402,34.24576],[-117.73348,34.24577],[-117.73315,34.24604],[-117.73131,34.24659],[-117.73033,34.2466],[-117.72915,34.2476],[-117.72882,34.24769],[-117.72904,34.24769],[-117.7297,34.24822],[-117.72981,34.24868],[-117.73036,34.24912],[-117.73058,34.24966],[-117.73221,34.25028],[-117.73255,34.25136],[-117.73277,34.25145],[-117.7331,34.25217],[-117.73332,34.25235],[-117.73386,34.25235]]]}},{"type":"Feature","properties":{"id":179,"area_km2":0.316,"T":0.823,"F":0.622,"S":0.339,"p_24":0.911,"threshold_mm_hr":14.639,"thr_min":14.521,"thr_max":15.107,"thr_spread":0.587,"stability":"always","frac_high":1.0,"baer_threshold":16.029,"baer_agreement":"confirms_high"},"geometry":{"type":"MultiPolygon","coordinates":[[[[-117.74812,34.23188],[-117.74823,34.23179],[-117.74823,34.23188],[-117.74812,34.23188]]],[[[-117.74813,34.23242],[-117.74791,34.2326],[-117.74781,34.23315],[-117.74759,34.23324],[-117.74705,34.23324],[-117.74672,34.23297],[-117.74585,34.2328],[-117.7452,34.2328],[-117.74498,34.23298],[-117.74357,34.2329],[-117.74271,34.23336],[-117.74195,34.23345],[-117.74119,34.23409],[-117.74032,34.234],[-117.74022,34.23418],[-117.73935,34.23437],[-117.73848,34.23374],[-117.73739,34.23348],[-117.73728,34.23321],[-117.73673,34.23294],[-117.73629,34.23213],[-117.73672,34.23141],[-117.73681,34.22997],[-117.73714,34.22996],[-117.73931,34.23004],[-117.73975,34.23031],[-117.74062,34.2303],[-117.74073,34.23048],[-117.74138,34.23066],[-117.74268,34.23056],[-117.74334,34.23083],[-117.74518,34.23082],[-117.7454,34.231],[-117.74573,34.23099],[-117.74606,34.23135],[-117.74693,34.23153],[-117.74726,34.23207],[-117.7478,34.23206],[-117.7478,34.23197],[-117.74802,34.23197],[-117.74801,34.23188],[-117.74812,34.23188],[-117.74813,34.23242]]]]}},{"type":"Feature","properties":{"id":181,"area_km2":0.309,"T":0.848,"F":0.583,"S":0.259,"p_24":0.869,"threshold_mm_hr":15.786,"thr_min":15.41,"thr_max":17.076,"thr_spread":1.667,"stability":"always","frac_high":1.0,"baer_threshold":17.349,"baer_agreement":"confirms_high"},"geometry":{"type":"Polygon","coordinates":[[[-117.75811,34.29179],[-117.75821,34.2908],[-117.75842,34.29071],[-117.75864,34.29016],[-117.75851,34.28809],[-117.75741,34.28729],[-117.75708,34.28657],[-117.75643,34.28603],[-117.75598,34.28486],[-117.75532,34.28441],[-117.75511,34.28441],[-117.75434,34.2837],[-117.75401,34.2837],[-117.7527,34.28263],[-117.75258,34.28163],[-117.75248,34.28272],[-117.75282,34.28353],[-117.75283,34.28488],[-117.75316,34.28542],[-117.75318,34.28785],[-117.75351,34.28821],[-117.75351,34.28848],[-117.75384,34.28866],[-117.75396,34.28965],[-117.75418,34.28983],[-117.75418,34.2901],[-117.7544,34.29019],[-117.75484,34.29091],[-117.75527,34.29091],[-117.75549,34.29118],[-117.75604,34.29126],[-117.75648,34.29171],[-117.75745,34.29152],[-117.75811,34.29179]]]}},{"type":"Feature","properties":{"id":182,"area_km2":0.308,"T":0.94,"F":0.758,"S":0.244,"p_24":0.94,"threshold_mm_hr":13.648,"thr_min":13.648,"thr_max":14.476,"thr_spread":0.828,"stability":"always","frac_high":1.0,"baer_threshold":13.696,"baer_agreement":"confirms_high"},"geometry":{"type":"Polygon","coordinates":[[[-117.7139,34.34472],[-117.71553,34.34462],[-117.71563,34.34435],[-117.71585,34.34435],[-117.71542,34.34426],[-117.71509,34.34399],[-117.71519,34.34345],[-117.71562,34.34318],[-117.71562,34.34273],[-117.71485,34.3421],[-117.71452,34.34138],[-117.7143,34.34129],[-117.71429,34.34012],[-117.71407,34.33994],[-117.71407,34.33913],[-117.71385,34.33868],[-117.71363,34.33868],[-117.7133,34.33832],[-117.71265,34.33806],[-117.7109,34.33762],[-117.71068,34.33735],[-117.71046,34.33735],[-117.71014,34.33699],[-117.70926,34.33663],[-117.7085,34.33601],[-117.70851,34.33763],[-117.7083,34.33826],[-117.70831,34.33916],[-117.70875,34.34051],[-117.7093,34.34087],[-117.70952,34.34123],[-117.71061,34.34159],[-117.71094,34.34194],[-117.71148,34.34203],[-117.71367,34.34382],[-117.71368,34.34454],[-117.7139,34.34472]]]}},{"type":"Feature","properties":{"id":183,"area_km2":0.307,"T":0.009,"F":0.0,"S":0.242,"p_24":0.07,"threshold_mm_hr":84.026,"thr_min":82.873,"thr_max":97.939,"thr_spread":15.066,"stability":"never","frac_high":0.0,"baer_threshold":85.817,"baer_agreement":"confirms_not_high"},"geometry":{"type":"MultiPolygon","coordinates":[[[[-117.63048,34.35573],[-117.63058,34.35519],[-117.63134,34.35465],[-117.63133,34.35329],[-117.63219,34.35248],[-117.63285,34.35247],[-117.63307,34.35274],[-117.63361,34.35274],[-117.63415,34.35238],[-117.63491,34.35237],[-117.63534,34.35183],[-117.63643,34.35173],[-117.63762,34.35073],[-117.63795,34.35082],[-117.63808,34.35371],[-117.63787,34.35497],[-117.63754,34.35533],[-117.63678,34.35543],[-117.63635,34.3557],[-117.63592,34.3557],[-117.63527,34.35625],[-117.63527,34.35652],[-117.63429,34.35634],[-117.63288,34.35635],[-117.63169,34.35735],[-117.63114,34.35744],[-117.63028,34.35817],[-117.63026,34.35582],[-117.63048,34.35573]]],[[[-117.63017,34.35817],[-117.63028,34.35826],[-117.63017,34.35826],[-117.63017,34.35817]]],[[[-117.63017,34.35835],[-117.63006,34.35826],[-117.63017,34.35826],[-117.63017,34.35835]]],[[[-117.62996,34.35844],[-117.63006,34.35835],[-117.63006,34.35844],[-117.62996,34.35844]]],[[[-117.62996,34.35844],[-117.62985,34.35853],[-117.62985,34.35844],[-117.62996,34.35844]]],[[[-117.62985,34.35862],[-117.62974,34.35853],[-117.62985,34.35853],[-117.62985,34.35862]]],[[[-117.62963,34.35862],[-117.62974,34.35871],[-117.62963,34.35871],[-117.62963,34.35862]]],[[[-117.62963,34.3588],[-117.62952,34.35871],[-117.62963,34.35871],[-117.62963,34.3588]]],[[[-117.62942,34.35889],[-117.62952,34.3588],[-117.62952,34.35889],[-117.62942,34.35889]]],[[[-117.62942,34.35889],[-117.62931,34.35898],[-117.62931,34.35889],[-117.62942,34.35889]]],[[[-117.62931,34.35907],[-117.6292,34.35899],[-117.62931,34.35898],[-117.62931,34.35907]]],[[[-117.62909,34.35908],[-117.6292,34.35917],[-117.62909,34.35917],[-117.62909,34.35908]]],[[[-117.62909,34.35926],[-117.62898,34.35917],[-117.62909,34.35917],[-117.62909,34.35926]]],[[[-117.62888,34.35935],[-117.62898,34.35926],[-117.62898,34.35935],[-117.62888,34.35935]]],[[[-117.62888,34.35935],[-117.62877,34.35944],[-117.62877,34.35935],[-117.62888,34.35935]]],[[[-117.62877,34.35953],[-117.62866,34.35944],[-117.62877,34.35944],[-117.62877,34.35953]]],[[[-117.62855,34.35962],[-117.62866,34.35953],[-117.62866,34.35962],[-117.62855,34.35962]]],[[[-117.62855,34.35962],[-117.62844,34.35971],[-117.62844,34.35962],[-117.62855,34.35962]]],[[[-117.62844,34.3598],[-117.62833,34.35971],[-117.62844,34.35971],[-117.62844,34.3598]]],[[[-117.62823,34.35989],[-117.62833,34.3598],[-117.62834,34.35989],[-117.62823,34.35989]]],[[[-117.62823,34.35989],[-117.62812,34.35998],[-117.62812,34.35989],[-117.62823,34.35989]]]]}},{"type":"Feature","properties":{"id":184,"area_km2":0.307,"T":0.056,"F":0.035,"S":0.339,"p_24":0.127,"threshold_mm_hr":51.198,"thr_min":49.973,"thr_max":55.496,"thr_spread":5.523,"stability":"never","frac_high":0.0,"baer_threshold":53.812,"baer_agreement":"confirms_not_high"},"geometry":{"type":"Polygon","coordinates":[[[-117.68514,34.21773],[-117.68394,34.21738],[-117.68307,34.21675],[-117.68307,34.21621],[-117.68285,34.21603],[-117.68285,34.21576],[-117.68241,34.2154],[-117.68197,34.21531],[-117.68164,34.21477],[-117.6811,34.2146],[-117.68088,34.21379],[-117.68044,34.21343],[-117.68022,34.2128],[-117.67967,34.21262],[-117.67934,34.21226],[-117.67728,34.21218],[-117.67706,34.212],[-117.67619,34.21201],[-117.67608,34.21183],[-117.67587,34.21201],[-117.67522,34.21201],[-117.67478,34.21165],[-117.67478,34.21147],[-117.67445,34.21166],[-117.67457,34.21211],[-117.67403,34.21247],[-117.67403,34.21337],[-117.67556,34.21463],[-117.67611,34.21462],[-117.67633,34.21489],[-117.67665,34.21489],[-117.67698,34.21516],[-117.6772,34.21516],[-117.67752,34.21543],[-117.67753,34.21561],[-117.67807,34.21587],[-117.67807,34.21606],[-117.6784,34.21632],[-117.6784,34.21659],[-117.67895,34.21695],[-117.67906,34.21731],[-117.67939,34.21758],[-117.68156,34.21757],[-117.6821,34.21775],[-117.68514,34.21773]]]}},{"type":"Feature","properties":{"id":185,"area_km2":0.296,"T":0.006,"F":0.019,"S":0.259,"p_24":0.079,"threshold_mm_hr":73.992,"thr_min":73.268,"thr_max":96.275,"thr_spread":23.007,"stability":"never","frac_high":0.0,"baer_threshold":74.997,"baer_agreement":"confirms_not_high"},"geometry":{"type":"Polygon","coordinates":[[[-117.75633,34.32373],[-117.75731,34.32363],[-117.75839,34.32272],[-117.7587,34.32191],[-117.75978,34.32109],[-117.75989,34.32064],[-117.76021,34.32046],[-117.76031,34.31964],[-117.76064,34.31937],[-117.76085,34.31865],[-117.76236,34.31738],[-117.76301,34.3171],[-117.76409,34.31601],[-117.76484,34.31583],[-117.76527,34.31537],[-117.76571,34.31546],[-117.76483,34.31466],[-117.76418,34.31493],[-117.76375,34.31493],[-117.76353,34.31511],[-117.76245,34.31521],[-117.76158,34.31585],[-117.76148,34.31621],[-117.76083,34.31675],[-117.76018,34.31676],[-117.75996,34.31703],[-117.7591,34.31722],[-117.75878,34.31776],[-117.75791,34.31849],[-117.75683,34.31885],[-117.7565,34.31913],[-117.75596,34.31922],[-117.75565,34.32112],[-117.75544,34.32139],[-117.75523,34.32238],[-117.756,34.32301],[-117.756,34.32319],[-117.75633,34.32346],[-117.75633,34.32373]]]}},{"type":"Feature","properties":{"id":186,"area_km2":0.296,"T":0.923,"F":0.631,"S":0.263,"p_24":0.907,"threshold_mm_hr":14.733,"thr_min":14.683,"thr_max":15.433,"thr_spread":0.75,"stability":"always","frac_high":1.0,"baer_threshold":15.009,"baer_agreement":"confirms_high"},"geometry":{"type":"MultiPolygon","coordinates":[[[[-117.73798,34.23862],[-117.73808,34.23853],[-117.73808,34.23862],[-117.73798,34.23862]]],[[[-117.73798,34.23889],[-117.7382,34.23898],[-117.7382,34.23916],[-117.73766,34.23961],[-117.73766,34.24033],[-117.73897,34.24113],[-117.73898,34.24141],[-117.73865,34.2415],[-117.73844,34.24195],[-117.73845,34.24276],[-117.73812,34.24294],[-117.7378,34.24349],[-117.73715,34.24403],[-117.73683,34.24412],[-117.73651,34.24467],[-117.73618,34.24476],[-117.73564,34.24521],[-117.73565,34.24539],[-117.73511,34.24576],[-117.73511,34.24594],[-117.73468,34.24621],[-117.73391,34.24576],[-117.73292,34.24415],[-117.73292,34.2437],[-117.73324,34.24324],[-117.73279,34.24216],[-117.73289,34.24117],[-117.733,34.24099],[-117.73387,34.2409],[-117.73397,34.24035],[-117.73429,34.23981],[-117.73462,34.23963],[-117.73462,34.23945],[-117.73527,34.23926],[-117.73537,34.23908],[-117.7357,34.23908],[-117.73624,34.23854],[-117.73711,34.23853],[-117.73733,34.2388],[-117.73743,34.23871],[-117.73787,34.23871],[-117.73787,34.23862],[-117.73798,34.23862],[-117.73798,34.23889]]]]}},{"type":"Feature","properties":{"id":188,"area_km2":0.289,"T":0.93,"F":0.683,"S":0.259,"p_24":0.923,"threshold_mm_hr":14.238,"thr_min":14.191,"thr_max":15.016,"thr_spread":0.825,"stability":"always","frac_high":1.0,"baer_threshold":14.855,"baer_agreement":"confirms_high"},"geometry":{"type":"Polygon","coordinates":[[[-117.72245,34.26387],[-117.72288,34.2636],[-117.7232,34.26359],[-117.72353,34.26314],[-117.72374,34.26224],[-117.72372,34.26089],[-117.72351,34.2608],[-117.72328,34.25972],[-117.72295,34.25945],[-117.72284,34.25882],[-117.72218,34.25801],[-117.72228,34.25747],[-117.72141,34.25702],[-117.71924,34.25703],[-117.71837,34.25722],[-117.71718,34.25786],[-117.71577,34.25814],[-117.7161,34.2585],[-117.71654,34.25849],[-117.71665,34.25885],[-117.71686,34.25885],[-117.71708,34.25921],[-117.71774,34.25975],[-117.71796,34.25975],[-117.7196,34.26127],[-117.72004,34.26145],[-117.72004,34.26172],[-117.72026,34.26181],[-117.72037,34.26217],[-117.7219,34.26342],[-117.7219,34.26369],[-117.72245,34.26387]]]}},{"type":"Feature","properties":{"id":189,"area_km2":0.288,"T":0.864,"F":0.704,"S":0.244,"p_24":0.913,"threshold_mm_hr":14.571,"thr_min":14.571,"thr_max":15.501,"thr_spread":0.93,"stability":"always","frac_high":1.0,"baer_threshold":14.748,"baer_agreement":"confirms_high"},"geometry":{"type":"Polygon","coordinates":[[[-117.70868,34.34466],[-117.70911,34.34403],[-117.70887,34.34205],[-117.7093,34.3415],[-117.70941,34.34105],[-117.70853,34.34015],[-117.70853,34.33952],[-117.70831,34.33916],[-117.7083,34.33826],[-117.70851,34.33763],[-117.7085,34.33592],[-117.70751,34.3352],[-117.7074,34.33448],[-117.7073,34.33565],[-117.70579,34.33683],[-117.70558,34.33792],[-117.70526,34.33837],[-117.70528,34.34171],[-117.70518,34.34234],[-117.70475,34.34297],[-117.70475,34.34333],[-117.70584,34.34351],[-117.70694,34.34467],[-117.70716,34.34458],[-117.70726,34.34422],[-117.7077,34.34422],[-117.70813,34.34467],[-117.70868,34.34466]]]}},{"type":"Feature","properties":{"id":192,"area_km2":0.282,"T":0.818,"F":0.544,"S":0.259,"p_24":0.84,"threshold_mm_hr":16.485,"thr_min":16.39,"thr_max":17.691,"thr_spread":1.302,"stability":"always","frac_high":1.0,"baer_threshold":17.759,"baer_agreement":"confirms_high"},"geometry":{"type":"Polygon","coordinates":[[[-117.77144,34.25302],[-117.77198,34.25275],[-117.77253,34.25274],[-117.77263,34.25256],[-117.77328,34.25229],[-117.77393,34.25219],[-117.77426,34.25192],[-117.77447,34.25192],[-117.77447,34.25174],[-117.7736,34.25102],[-117.77186,34.25076],[-117.77099,34.25041],[-117.77012,34.25041],[-117.76924,34.25006],[-117.76816,34.24997],[-117.76772,34.2498],[-117.76728,34.24935],[-117.7662,34.24926],[-117.76598,34.24918],[-117.76598,34.249],[-117.76543,34.24891],[-117.76521,34.24864],[-117.76423,34.24838],[-117.76423,34.24819],[-117.76368,34.24775],[-117.76347,34.24775],[-117.76325,34.24739],[-117.76173,34.2474],[-117.76097,34.24776],[-117.76064,34.24777],[-117.76065,34.24795],[-117.76097,34.24821],[-117.7613,34.24821],[-117.76207,34.24893],[-117.76228,34.24893],[-117.76261,34.2492],[-117.76283,34.24974],[-117.76316,34.24991],[-117.76327,34.25027],[-117.76371,34.25045],[-117.76393,34.25099],[-117.76469,34.25099],[-117.76512,34.25062],[-117.76577,34.25071],[-117.76621,34.25107],[-117.76697,34.25106],[-117.76752,34.25151],[-117.76752,34.25196],[-117.76796,34.25232],[-117.7684,34.25304],[-117.76992,34.25294],[-117.77046,34.25276],[-117.77079,34.25275],[-117.77101,34.25302],[-117.77144,34.25302]]]}},{"type":"Feature","properties":{"id":193,"area_km2":0.276,"T":0.958,"F":0.644,"S":0.259,"p_24":0.917,"threshold_mm_hr":14.44,"thr_min":14.406,"thr_max":15.354,"thr_spread":0.948,"stability":"always","frac_high":1.0,"baer_threshold":15.293,"baer_agreement":"confirms_high"},"geometry":{"type":"Polygon","coordinates":[[[-117.75168,34.25296],[-117.75319,34.25268],[-117.75406,34.25232],[-117.75645,34.25221],[-117.7571,34.25176],[-117.75709,34.25158],[-117.75742,34.25139],[-117.75742,34.25121],[-117.75763,34.25121],[-117.75785,34.25085],[-117.7585,34.25067],[-117.75871,34.25048],[-117.75871,34.25021],[-117.75914,34.25003],[-117.75882,34.24994],[-117.75882,34.24976],[-117.75805,34.24923],[-117.75783,34.24887],[-117.75718,34.24869],[-117.75707,34.24851],[-117.75576,34.24852],[-117.75533,34.24816],[-117.75457,34.24816],[-117.75392,34.2488],[-117.75359,34.2488],[-117.75316,34.24926],[-117.75273,34.24935],[-117.75241,34.24962],[-117.75176,34.24971],[-117.75165,34.24999],[-117.75057,34.25089],[-117.75036,34.2509],[-117.74938,34.25162],[-117.74928,34.25207],[-117.74982,34.25216],[-117.75059,34.25288],[-117.75168,34.25296]]]}},{"type":"Feature","properties":{"id":194,"area_km2":0.275,"T":0.971,"F":0.604,"S":0.244,"p_24":0.901,"threshold_mm_hr":14.921,"thr_min":14.903,"thr_max":16.111,"thr_spread":1.208,"stability":"always","frac_high":1.0,"baer_threshold":16.16,"baer_agreement":"confirms_high"},"geometry":{"type":"Polygon","coordinates":[[[-117.73316,34.33451],[-117.73457,34.33396],[-117.73554,34.33305],[-117.73608,34.33296],[-117.73619,34.3326],[-117.73575,34.33224],[-117.73542,34.33224],[-117.73477,34.3317],[-117.73401,34.33162],[-117.73346,34.33108],[-117.73259,34.3309],[-117.73171,34.3301],[-117.73149,34.3301],[-117.73094,34.32956],[-117.73051,34.32947],[-117.73018,34.32912],[-117.72931,34.32903],[-117.72898,34.32876],[-117.728,34.32868],[-117.72778,34.32823],[-117.72735,34.32859],[-117.72735,34.32904],[-117.72768,34.32922],[-117.72769,34.33066],[-117.72737,34.33094],[-117.72737,34.33157],[-117.72824,34.33156],[-117.7289,34.3321],[-117.7289,34.33228],[-117.72978,34.33291],[-117.72978,34.33327],[-117.73055,34.3338],[-117.73098,34.33389],[-117.73109,34.33407],[-117.73207,34.33424],[-117.73218,34.33442],[-117.73316,34.33451]]]}},{"type":"Feature","properties":{"id":196,"area_km2":0.269,"T":0.452,"F":0.389,"S":0.259,"p_24":0.533,"threshold_mm_hr":23.147,"thr_min":22.137,"thr_max":25.976,"thr_spread":3.839,"stability":"never","frac_high":0.0,"baer_threshold":25.521,"baer_agreement":"confirms_not_high"},"geometry":{"type":"Polygon","coordinates":[[[-117.65157,34.25642],[-117.65156,34.25489],[-117.65133,34.25381],[-117.65122,34.25354],[-117.65013,34.25273],[-117.65001,34.25165],[-117.64914,34.25093],[-117.64913,34.24994],[-117.64858,34.24967],[-117.64826,34.24967],[-117.64815,34.24949],[-117.64739,34.2495],[-117.64706,34.24914],[-117.64619,34.24914],[-117.64565,34.24942],[-117.64435,34.24924],[-117.64391,34.2497],[-117.64348,34.2497],[-117.64293,34.24916],[-117.64261,34.24907],[-117.64262,34.25061],[-117.64306,34.25096],[-117.64338,34.25096],[-117.64349,34.25114],[-117.64414,34.25132],[-117.64426,34.25168],[-117.64458,34.25195],[-117.64524,34.25204],[-117.64611,34.25284],[-117.64676,34.25275],[-117.64698,34.25293],[-117.64752,34.25302],[-117.64884,34.25418],[-117.64905,34.25418],[-117.65026,34.25517],[-117.65069,34.25579],[-117.65157,34.25642]]]}},{"type":"Feature","properties":{"id":197,"area_km2":0.269,"T":0.969,"F":0.767,"S":0.259,"p_24":0.949,"threshold_mm_hr":13.289,"thr_min":13.266,"thr_max":13.92,"thr_spread":0.654,"stability":"always","frac_high":1.0,"baer_threshold":13.761,"baer_agreement":"confirms_high"},"geometry":{"type":"MultiPolygon","coordinates":[[[[-117.74727,34.25777],[-117.74683,34.25741],[-117.74639,34.25741],[-117.74596,34.25696],[-117.7453,34.25697],[-117.74519,34.25679],[-117.74443,34.25661],[-117.74246,34.255],[-117.7418,34.25401],[-117.74168,34.25293],[-117.74135,34.25248],[-117.74135,34.25194],[-117.74157,34.25176],[-117.74189,34.25176],[-117.74232,34.25149],[-117.74384,34.25157],[-117.74406,34.25175],[-117.74537,34.25156],[-117.74754,34.252],[-117.74755,34.25272],[-117.74723,34.25317],[-117.74736,34.25632],[-117.74727,34.25777]]],[[[-117.74737,34.25777],[-117.74727,34.25786],[-117.74727,34.25777],[-117.74737,34.25777]]],[[[-117.74738,34.25795],[-117.74748,34.25786],[-117.74749,34.25795],[-117.74738,34.25795]]],[[[-117.74749,34.25795],[-117.74759,34.25804],[-117.74749,34.25804],[-117.74749,34.25795]]],[[[-117.7477,34.25813],[-117.74759,34.25804],[-117.7477,34.25804],[-117.7477,34.25813]]]]}},{"type":"Feature","properties":{"id":198,"area_km2":0.269,"T":0.214,"F":0.281,"S":0.242,"p_24":0.277,"threshold_mm_hr":32.613,"thr_min":31.029,"thr_max":36.179,"thr_spread":5.151,"stability":"never","frac_high":0.0,"baer_threshold":37.332,"baer_agreement":"confirms_not_high"},"geometry":{"type":"MultiPolygon","coordinates":[[[[-117.65143,34.36536],[-117.65176,34.36518],[-117.65186,34.36401],[-117.6524,34.36364],[-117.65272,34.3631],[-117.65271,34.36166],[-117.65292,34.36121],[-117.65325,34.36093],[-117.65357,34.36093],[-117.65422,34.3603],[-117.65465,34.3602],[-117.65509,34.35975],[-117.65541,34.35975],[-117.65552,34.35957],[-117.65628,34.35956],[-117.65639,34.36019],[-117.65748,34.36037],[-117.6589,34.36018],[-117.66064,34.36035],[-117.66086,34.36098],[-117.66032,34.36153],[-117.65999,34.36153],[-117.65989,34.36171],[-117.65847,34.36181],[-117.65793,34.36226],[-117.65761,34.36226],[-117.65674,34.36299],[-117.65664,34.36362],[-117.65631,34.3638],[-117.65631,34.36398],[-117.65567,34.36453],[-117.65534,34.36453],[-117.65491,34.36498],[-117.65415,34.3649],[-117.65382,34.36526],[-117.65339,34.36535],[-117.65219,34.36527],[-117.65208,34.36545],[-117.65154,34.36554],[-117.65143,34.36536]]],[[[-117.65143,34.36554],[-117.65133,34.36563],[-117.65132,34.36554],[-117.65143,34.36554]]]]}},{"type":"Feature","properties":{"id":199,"area_km2":0.268,"T":0.0,"F":0.016,"S":0.259,"p_24":0.077,"threshold_mm_hr":75.568,"thr_min":75.568,"thr_max":97.67,"thr_spread":22.102,"stability":"never","frac_high":0.0,"baer_threshold":75.568,"baer_agreement":"confirms_not_high"},"geometry":{"type":"Polygon","coordinates":[[[-117.77742,34.31187],[-117.77795,34.31088],[-117.77838,34.31069],[-117.77881,34.31006],[-117.77881,34.30943],[-117.77859,34.30925],[-117.77858,34.30889],[-117.77793,34.30835],[-117.77781,34.30718],[-117.77769,34.30682],[-117.77748,34.30673],[-117.77747,34.30637],[-117.77736,34.30619],[-117.77671,34.3061],[-117.77638,34.30574],[-117.77605,34.30503],[-117.77593,34.30403],[-117.7756,34.30368],[-117.77538,34.30368],[-117.77539,34.30422],[-117.7742,34.30531],[-117.77421,34.30576],[-117.77388,34.30612],[-117.77389,34.30693],[-117.77368,34.30711],[-117.77369,34.3082],[-117.77315,34.30874],[-117.77282,34.30883],[-117.77283,34.30919],[-117.77382,34.31036],[-117.7749,34.31062],[-117.77512,34.31089],[-117.77567,34.31098],[-117.77578,34.31116],[-117.77654,34.31143],[-117.77676,34.31169],[-117.77742,34.31187]]]}},{"type":"Feature","properties":{"id":200,"area_km2":0.267,"T":0.968,"F":0.946,"S":0.339,"p_24":0.982,"threshold_mm_hr":11.45,"thr_min":11.444,"thr_max":11.603,"thr_spread":0.159,"stability":"always","frac_high":1.0,"baer_threshold":11.458,"baer_agreement":"confirms_high"},"geometry":{"type":"Polygon","coordinates":[[[-117.70869,34.22905],[-117.70868,34.22869],[-117.70933,34.22823],[-117.70933,34.22805],[-117.70911,34.22796],[-117.70911,34.2276],[-117.70889,34.22742],[-117.70887,34.22571],[-117.708,34.22499],[-117.70757,34.22491],[-117.70625,34.22383],[-117.70614,34.2232],[-117.70592,34.22284],[-117.70559,34.22266],[-117.70537,34.22203],[-117.70493,34.22186],[-117.70471,34.2215],[-117.70428,34.22123],[-117.70406,34.22078],[-117.70373,34.22051],[-117.70351,34.22051],[-117.70276,34.22169],[-117.70255,34.2225],[-117.70212,34.22286],[-117.70202,34.22368],[-117.70267,34.22403],[-117.70278,34.22439],[-117.70322,34.22466],[-117.70333,34.22502],[-117.70366,34.2252],[-117.70377,34.22556],[-117.70432,34.22601],[-117.70432,34.22619],[-117.70541,34.22699],[-117.70541,34.22717],[-117.70607,34.22771],[-117.70683,34.22789],[-117.70738,34.22824],[-117.70792,34.22824],[-117.70814,34.22851],[-117.70857,34.22869],[-117.70869,34.22905]]]}},{"type":"Feature","properties":{"id":203,"area_km2":0.264,"T":0.914,"F":0.833,"S":0.339,"p_24":0.967,"threshold_mm_hr":12.405,"thr_min":12.359,"thr_max":12.693,"thr_spread":0.334,"stability":"always","frac_high":1.0,"baer_threshold":13.514,"baer_agreement":"confirms_high"},"geometry":{"type":"Polygon","coordinates":[[[-117.7227,34.23005],[-117.72281,34.22969],[-117.72324,34.22969],[-117.7241,34.22887],[-117.72443,34.22878],[-117.72507,34.22769],[-117.72582,34.22705],[-117.72626,34.22696],[-117.72733,34.22578],[-117.72711,34.22524],[-117.7271,34.22425],[-117.72688,34.2238],[-117.7272,34.22299],[-117.72719,34.22137],[-117.72632,34.22128],[-117.72599,34.2211],[-117.7248,34.22111],[-117.7248,34.22129],[-117.72437,34.22165],[-117.72405,34.22265],[-117.72416,34.22301],[-117.72373,34.22337],[-117.72352,34.22454],[-117.72299,34.22536],[-117.72299,34.22626],[-117.72256,34.2268],[-117.72257,34.22771],[-117.72236,34.22834],[-117.72247,34.22888],[-117.72226,34.22906],[-117.72226,34.22969],[-117.7227,34.23005]]]}},{"type":"Feature","properties":{"id":206,"area_km2":0.262,"T":0.481,"F":0.57,"S":0.259,"p_24":0.717,"threshold_mm_hr":19.097,"thr_min":19.081,"thr_max":20.326,"thr_spread":1.245,"stability":"always","frac_high":1.0,"baer_threshold":19.392,"baer_agreement":"confirms_high"},"geometry":{"type":"Polygon","coordinates":[[[-117.65817,34.37858],[-117.65817,34.37831],[-117.65838,34.37822],[-117.6587,34.37741],[-117.65914,34.37731],[-117.66,34.3765],[-117.66022,34.3765],[-117.66054,34.37613],[-117.66087,34.37604],[-117.66074,34.3737],[-117.66051,34.37253],[-117.66008,34.37226],[-117.66008,34.37199],[-117.65898,34.37127],[-117.65874,34.36848],[-117.65765,34.36767],[-117.65754,34.36722],[-117.6571,34.36723],[-117.65666,34.36687],[-117.65669,34.37011],[-117.65756,34.37074],[-117.65779,34.37137],[-117.65779,34.37209],[-117.65725,34.37246],[-117.6576,34.3748],[-117.65749,34.37525],[-117.65717,34.37561],[-117.65717,34.37651],[-117.6575,34.37687],[-117.65751,34.37759],[-117.65773,34.37777],[-117.65773,34.37804],[-117.65795,34.37813],[-117.65795,34.37858],[-117.65817,34.37858]]]}},{"type":"Feature","properties":{"id":208,"area_km2":0.256,"T":0.67,"F":0.502,"S":0.259,"p_24":0.754,"threshold_mm_hr":18.334,"thr_min":17.857,"thr_max":20.068,"thr_spread":2.212,"stability":"always","frac_high":1.0,"baer_threshold":22.069,"baer_agreement":"contradicts_high"},"geometry":{"type":"Polygon","coordinates":[[[-117.69828,34.24408],[-117.69871,34.24381],[-117.69892,34.24326],[-117.69925,34.24326],[-117.69946,34.2429],[-117.6999,34.2429],[-117.70022,34.24262],[-117.70109,34.24271],[-117.70131,34.24298],[-117.70359,34.24297],[-117.70467,34.2426],[-117.70532,34.24205],[-117.70489,34.24206],[-117.70478,34.24188],[-117.70434,34.24188],[-117.70412,34.2417],[-117.70358,34.2417],[-117.70314,34.24135],[-117.70206,34.24126],[-117.70183,34.2409],[-117.7014,34.24063],[-117.70009,34.24037],[-117.69944,34.24001],[-117.69835,34.23993],[-117.69727,34.24012],[-117.69661,34.23976],[-117.69607,34.23976],[-117.69499,34.23995],[-117.6939,34.24041],[-117.69467,34.24103],[-117.69478,34.2413],[-117.69532,34.24148],[-117.69544,34.24211],[-117.69577,34.24238],[-117.69588,34.24283],[-117.69621,34.2431],[-117.69642,34.2431],[-117.69675,34.24346],[-117.69751,34.24372],[-117.69784,34.24408],[-117.69828,34.24408]]]}},{"type":"Feature","properties":{"id":210,"area_km2":0.253,"T":0.939,"F":0.906,"S":0.339,"p_24":0.977,"threshold_mm_hr":11.813,"thr_min":11.811,"thr_max":11.986,"thr_spread":0.175,"stability":"always","frac_high":1.0,"baer_threshold":11.976,"baer_agreement":"confirms_high"},"geometry":{"type":"Polygon","coordinates":[[[-117.71649,34.2281],[-117.7166,34.22774],[-117.71692,34.22756],[-117.71691,34.22612],[-117.71745,34.22566],[-117.71756,34.2253],[-117.71831,34.22475],[-117.7183,34.22376],[-117.71852,34.22358],[-117.71894,34.22168],[-117.71948,34.22123],[-117.71947,34.22105],[-117.72034,34.2205],[-117.72023,34.22032],[-117.71892,34.22015],[-117.71827,34.21961],[-117.71729,34.21962],[-117.71708,34.21989],[-117.71664,34.22007],[-117.71567,34.22026],[-117.71556,34.2208],[-117.71513,34.22117],[-117.71492,34.22171],[-117.71493,34.22252],[-117.71471,34.22288],[-117.71494,34.2245],[-117.71485,34.22586],[-117.71507,34.22604],[-117.71518,34.22676],[-117.71595,34.22738],[-117.71595,34.22756],[-117.71638,34.22774],[-117.71628,34.2281],[-117.71649,34.2281]]]}},{"type":"Feature","properties":{"id":211,"area_km2":0.249,"T":0.006,"F":0.022,"S":0.259,"p_24":0.08,"threshold_mm_hr":73.094,"thr_min":73.094,"thr_max":93.974,"thr_spread":20.881,"stability":"never","frac_high":0.0,"baer_threshold":74.074,"baer_agreement":"confirms_not_high"},"geometry":{"type":"MultiPolygon","coordinates":[[[[-117.76593,34.31618],[-117.76583,34.31627],[-117.76583,34.31618],[-117.76593,34.31618]]],[[[-117.76583,34.31627],[-117.76562,34.31736],[-117.76584,34.31808],[-117.76563,34.31853],[-117.76564,34.3197],[-117.76532,34.32024],[-117.76456,34.32043],[-117.76283,34.32161],[-117.76185,34.3218],[-117.76164,34.32207],[-117.76088,34.32235],[-117.76024,34.32298],[-117.75839,34.3229],[-117.75795,34.32308],[-117.75839,34.32272],[-117.7587,34.32191],[-117.75978,34.32109],[-117.75989,34.32064],[-117.76021,34.32046],[-117.76031,34.31964],[-117.76064,34.31937],[-117.76085,34.31865],[-117.76236,34.31738],[-117.76258,34.31737],[-117.76279,34.3171],[-117.76322,34.31692],[-117.76355,34.31692],[-117.76376,34.31665],[-117.76539,34.31664],[-117.76583,34.31627]]],[[[-117.75795,34.32308],[-117.75785,34.32318],[-117.75784,34.32309],[-117.75795,34.32308]]],[[[-117.75774,34.32327],[-117.75785,34.32318],[-117.75785,34.32327],[-117.75774,34.32327]]],[[[-117.75774,34.32327],[-117.75763,34.32336],[-117.75763,34.32327],[-117.75774,34.32327]]],[[[-117.75752,34.32345],[-117.75763,34.32336],[-117.75763,34.32345],[-117.75752,34.32345]]],[[[-117.75752,34.32345],[-117.75741,34.32354],[-117.75741,34.32345],[-117.75752,34.32345]]],[[[-117.75731,34.32363],[-117.75741,34.32354],[-117.75741,34.32363],[-117.75731,34.32363]]]]}},{"type":"Feature","properties":{"id":212,"area_km2":0.248,"T":0.446,"F":0.441,"S":0.259,"p_24":0.582,"threshold_mm_hr":22.005,"thr_min":20.643,"thr_max":25.78,"thr_spread":5.136,"stability":"sometimes","frac_high":0.167,"baer_threshold":26.872,"baer_agreement":"unstable_anchor_not_high"},"geometry":{"type":"MultiPolygon","coordinates":[[[[-117.74858,34.2831],[-117.74847,34.28301],[-117.74858,34.28301],[-117.74858,34.2831]]],[[[-117.74858,34.28319],[-117.74869,34.2831],[-117.74869,34.28319],[-117.74858,34.28319]]],[[[-117.74869,34.28319],[-117.74923,34.28355],[-117.74935,34.284],[-117.74978,34.28427],[-117.7499,34.2849],[-117.75088,34.28543],[-117.75099,34.28597],[-117.75132,34.28633],[-117.75132,34.2866],[-117.75154,34.28669],[-117.75155,34.28705],[-117.75198,34.28759],[-117.7521,34.28804],[-117.75407,34.28965],[-117.75462,34.29073],[-117.75549,34.29109],[-117.75528,34.29145],[-117.75474,34.29145],[-117.75441,34.29127],[-117.75398,34.29164],[-117.75365,34.29164],[-117.75354,34.29182],[-117.75322,34.29182],[-117.75289,34.29209],[-117.74994,34.28959],[-117.74896,34.2895],[-117.74862,34.28815],[-117.74883,34.28725],[-117.7485,34.28698],[-117.74817,34.28617],[-117.74784,34.28608],[-117.7487,34.28481],[-117.74869,34.28319]]]]}},{"type":"Feature","properties":{"id":213,"area_km2":0.247,"T":0.638,"F":0.503,"S":0.244,"p_24":0.728,"threshold_mm_hr":18.875,"thr_min":18.256,"thr_max":22.14,"thr_spread":3.884,"stability":"sometimes","frac_high":0.833,"baer_threshold":23.683,"baer_agreement":"unstable_anchor_not_high"},"geometry":{"type":"Polygon","coordinates":[[[-117.69369,34.34646],[-117.69532,34.34618],[-117.69771,34.34626],[-117.69836,34.34571],[-117.70031,34.34552],[-117.70096,34.3448],[-117.70106,34.34371],[-117.70128,34.34353],[-117.70019,34.34372],[-117.69899,34.34364],[-117.69845,34.3431],[-117.69801,34.34301],[-117.69757,34.34265],[-117.69725,34.34265],[-117.6967,34.34212],[-117.69615,34.34212],[-117.69604,34.34194],[-117.69572,34.34194],[-117.69506,34.3414],[-117.69419,34.34141],[-117.69387,34.34168],[-117.69387,34.34231],[-117.69355,34.34331],[-117.69356,34.34376],[-117.69389,34.34421],[-117.6939,34.34556],[-117.69369,34.34646]]]}},{"type":"Feature","properties":{"id":214,"area_km2":0.243,"T":0.035,"F":0.005,"S":0.259,"p_24":0.08,"threshold_mm_hr":72.96,"thr_min":70.861,"thr_max":97.585,"thr_spread":26.724,"stability":"never","frac_high":0.0,"baer_threshold":77.976,"baer_agreement":"confirms_not_high"},"geometry":{"type":"Polygon","coordinates":[[[-117.77233,34.30198],[-117.77254,34.30162],[-117.77286,34.30144],[-117.77286,34.30126],[-117.77319,34.30117],[-117.77383,34.30062],[-117.77383,34.30044],[-117.7747,34.29971],[-117.77491,34.29971],[-117.77534,34.29917],[-117.77578,34.29898],[-117.77599,34.29844],[-117.77664,34.29808],[-117.77695,34.2969],[-117.77684,34.29627],[-117.77477,34.29638],[-117.77455,34.29611],[-117.77303,34.29576],[-117.77292,34.29603],[-117.77249,34.2963],[-117.77249,34.29648],[-117.77162,34.29658],[-117.77076,34.29694],[-117.77087,34.29784],[-117.77109,34.29793],[-117.7711,34.2982],[-117.77153,34.29865],[-117.77121,34.29901],[-117.77121,34.29928],[-117.77078,34.29956],[-117.77079,34.30055],[-117.77112,34.30082],[-117.77112,34.30136],[-117.7707,34.30199],[-117.77233,34.30198]]]}},{"type":"Feature","properties":{"id":216,"area_km2":0.241,"T":0.835,"F":0.707,"S":0.339,"p_24":0.936,"threshold_mm_hr":13.784,"thr_min":13.771,"thr_max":14.039,"thr_spread":0.269,"stability":"always","frac_high":1.0,"baer_threshold":13.953,"baer_agreement":"confirms_high"},"geometry":{"type":"Polygon","coordinates":[[[-117.71472,34.23605],[-117.71515,34.23587],[-117.7158,34.23586],[-117.71645,34.23559],[-117.7171,34.23558],[-117.71743,34.23585],[-117.71938,34.23593],[-117.72025,34.23538],[-117.72166,34.2352],[-117.72209,34.23465],[-117.72252,34.23456],[-117.72306,34.2342],[-117.72425,34.23401],[-117.72436,34.23365],[-117.72479,34.23346],[-117.7249,34.23301],[-117.72392,34.23248],[-117.7238,34.23203],[-117.72315,34.23194],[-117.72217,34.23204],[-117.72207,34.23222],[-117.72185,34.23222],[-117.72142,34.23285],[-117.72088,34.23286],[-117.71968,34.2325],[-117.71903,34.23296],[-117.71827,34.23296],[-117.71817,34.23314],[-117.71741,34.23333],[-117.7173,34.23351],[-117.71643,34.23369],[-117.71589,34.23415],[-117.71492,34.23442],[-117.71449,34.23479],[-117.71449,34.23497],[-117.71373,34.23551],[-117.71385,34.23587],[-117.71472,34.23605]]]}},{"type":"Feature","properties":{"id":217,"area_km2":0.239,"T":0.967,"F":0.694,"S":0.244,"p_24":0.929,"threshold_mm_hr":14.062,"thr_min":14.018,"thr_max":15.101,"thr_spread":1.083,"stability":"always","frac_high":1.0,"baer_threshold":15.424,"baer_agreement":"confirms_high"},"geometry":{"type":"MultiPolygon","coordinates":[[[[-117.7318,34.29033],[-117.73169,34.29024],[-117.7318,34.29024],[-117.7318,34.29033]]],[[[-117.73321,34.29032],[-117.73365,34.29014],[-117.73527,34.29013],[-117.7356,34.29039],[-117.73561,34.29067],[-117.73604,34.29093],[-117.73649,34.29201],[-117.73725,34.29255],[-117.73747,34.29309],[-117.73868,34.29398],[-117.73868,34.29471],[-117.7389,34.29488],[-117.73891,34.29524],[-117.73923,34.29551],[-117.73989,34.29551],[-117.74065,34.29614],[-117.73728,34.29607],[-117.73706,34.2958],[-117.73619,34.29571],[-117.73554,34.29536],[-117.73521,34.29536],[-117.73499,34.29518],[-117.73499,34.29491],[-117.73455,34.29455],[-117.73433,34.29365],[-117.73323,34.29284],[-117.73323,34.29266],[-117.73236,34.29204],[-117.73236,34.29186],[-117.73181,34.29141],[-117.7318,34.29033],[-117.73321,34.29032]]]]}},{"type":"Feature","properties":{"id":218,"area_km2":0.239,"T":0.0,"F":0.0,"S":0.258,"p_24":0.073,"threshold_mm_hr":80.552,"thr_min":80.552,"thr_max":107.288,"thr_spread":26.736,"stability":"never","frac_high":0.0,"baer_threshold":80.552,"baer_agreement":"confirms_not_high"},"geometry":{"type":"MultiPolygon","coordinates":[[[[-117.7701,34.33194],[-117.77031,34.33157],[-117.77064,34.33139],[-117.77074,34.3304],[-117.77171,34.32958],[-117.77279,34.3293],[-117.77431,34.3293],[-117.77508,34.32947],[-117.77616,34.32937],[-117.77671,34.32955],[-117.77736,34.32955],[-117.77758,34.32973],[-117.77856,34.32981],[-117.77856,34.32999],[-117.77944,34.33062],[-117.77977,34.33115],[-117.78042,34.33169],[-117.78064,34.33169],[-117.78097,34.33223],[-117.77923,34.33233],[-117.77902,34.3326],[-117.77782,34.33261],[-117.77608,34.3319],[-117.77184,34.33184],[-117.76999,34.33212],[-117.76988,34.33194],[-117.7701,34.33194]]],[[[-117.76988,34.33194],[-117.76977,34.33185],[-117.76988,34.33185],[-117.76988,34.33194]]]]}},{"type":"Feature","properties":{"id":219,"area_km2":0.236,"T":0.943,"F":0.686,"S":0.244,"p_24":0.922,"threshold_mm_hr":14.28,"thr_min":14.248,"thr_max":15.194,"thr_spread":0.946,"stability":"always","frac_high":1.0,"baer_threshold":14.538,"baer_agreement":"confirms_high"},"geometry":{"type":"Polygon","coordinates":[[[-117.7363,34.3326],[-117.73629,34.33224],[-117.73608,34.33215],[-117.73606,34.33061],[-117.73584,34.33052],[-117.73605,34.32971],[-117.73605,34.32863],[-117.73528,34.32782],[-117.73451,34.32756],[-117.73353,34.32675],[-117.73222,34.32676],[-117.73169,34.3273],[-117.73103,34.3274],[-117.73071,34.32767],[-117.7293,34.32786],[-117.72908,34.32804],[-117.72832,34.32804],[-117.72821,34.32768],[-117.72821,34.32804],[-117.728,34.32814],[-117.728,34.3285],[-117.72822,34.32868],[-117.72898,34.32876],[-117.72931,34.32903],[-117.73018,34.32912],[-117.73051,34.32947],[-117.73094,34.32956],[-117.73149,34.3301],[-117.73171,34.3301],[-117.73259,34.3309],[-117.73346,34.33108],[-117.73401,34.33162],[-117.73477,34.3317],[-117.73542,34.33224],[-117.73575,34.33224],[-117.73608,34.3326],[-117.7363,34.3326]]]}},{"type":"Feature","properties":{"id":220,"area_km2":0.232,"T":0.842,"F":1.022,"S":0.259,"p_24":0.974,"threshold_mm_hr":11.989,"thr_min":11.989,"thr_max":12.436,"thr_spread":0.446,"stability":"always","frac_high":1.0,"baer_threshold":11.989,"baer_agreement":"confirms_high"},"geometry":{"type":"Polygon","coordinates":[[[-117.70358,34.2675],[-117.70368,34.26732],[-117.70423,34.26731],[-117.70401,34.26722],[-117.7039,34.26677],[-117.70335,34.2666],[-117.70171,34.26525],[-117.7016,34.26471],[-117.70105,34.26426],[-117.6992,34.26427],[-117.69833,34.26383],[-117.69768,34.26374],[-117.69724,34.26356],[-117.69702,34.2633],[-117.69681,34.2633],[-117.69538,34.26204],[-117.69506,34.26204],[-117.69419,34.26259],[-117.69354,34.26259],[-117.69431,34.26322],[-117.69508,34.2652],[-117.69574,34.26601],[-117.69607,34.26601],[-117.69651,34.26627],[-117.69759,34.26627],[-117.69846,34.26653],[-117.69955,34.26662],[-117.70031,34.26679],[-117.70053,34.26697],[-117.7026,34.26705],[-117.70292,34.26741],[-117.70358,34.2675]]]}},{"type":"Feature","properties":{"id":222,"area_km2":0.229,"T":0.59,"F":0.692,"S":0.26,"p_24":0.845,"threshold_mm_hr":16.358,"thr_min":16.358,"thr_max":17.194,"thr_spread":0.836,"stability":"always","frac_high":1.0,"baer_threshold":16.775,"baer_agreement":"confirms_high"},"geometry":{"type":"Polygon","coordinates":[[[-117.70213,34.2372],[-117.70245,34.23684],[-117.70289,34.23684],[-117.7031,34.23666],[-117.70386,34.23665],[-117.70408,34.23638],[-117.70484,34.23629],[-117.70537,34.23565],[-117.70581,34.23565],[-117.70635,34.23528],[-117.70624,34.23483],[-117.70645,34.23465],[-117.70655,34.23366],[-117.70633,34.23267],[-117.70687,34.23222],[-117.70686,34.23186],[-117.70653,34.23132],[-117.70632,34.23132],[-117.70599,34.23096],[-117.70566,34.23096],[-117.70566,34.23069],[-117.70534,34.23105],[-117.70523,34.23186],[-117.70502,34.23187],[-117.70448,34.23232],[-117.70437,34.23268],[-117.70405,34.23286],[-117.70405,34.23313],[-117.70362,34.23323],[-117.70351,34.23341],[-117.70308,34.23341],[-117.70221,34.23396],[-117.70199,34.23396],[-117.70124,34.23468],[-117.70092,34.23478],[-117.70081,34.23523],[-117.69876,34.23695],[-117.69876,34.23713],[-117.69941,34.23704],[-117.70028,34.23721],[-117.70213,34.2372]]]}},{"type":"Feature","properties":{"id":225,"area_km2":0.223,"T":0.894,"F":0.564,"S":0.259,"p_24":0.872,"threshold_mm_hr":15.689,"thr_min":15.547,"thr_max":17.246,"thr_spread":1.699,"stability":"always","frac_high":1.0,"baer_threshold":17.961,"baer_agreement":"confirms_high"},"geometry":{"type":"Polygon","coordinates":[[[-117.7632,34.25442],[-117.76548,34.25432],[-117.76646,34.25404],[-117.76775,34.25322],[-117.7684,34.25304],[-117.7684,34.25286],[-117.76763,34.25214],[-117.76752,34.25151],[-117.76697,34.25106],[-117.76621,34.25107],[-117.76577,34.25071],[-117.76512,34.25062],[-117.76469,34.25099],[-117.76393,34.25099],[-117.76371,34.25045],[-117.76349,34.25036],[-117.76251,34.25046],[-117.76111,34.25173],[-117.76046,34.25192],[-117.75982,34.25246],[-117.76047,34.25246],[-117.76124,34.25317],[-117.76124,34.25344],[-117.76168,34.25389],[-117.76265,34.25398],[-117.7632,34.25442]]]}},{"type":"Feature","properties":{"id":226,"area_km2":0.22,"T":0.014,"F":0.0,"S":0.259,"p_24":0.075,"threshold_mm_hr":77.666,"thr_min":77.051,"thr_max":103.767,"thr_spread":26.716,"stability":"never","frac_high":0.0,"baer_threshold":79.898,"baer_agreement":"confirms_not_high"},"geometry":{"type":"Polygon","coordinates":[[[-117.77788,34.30303],[-117.77993,34.30121],[-117.7797,34.3004],[-117.77992,34.30031],[-117.78012,34.2986],[-117.78033,34.29841],[-117.78033,34.29769],[-117.78054,34.29769],[-117.78065,34.29742],[-117.78119,34.29715],[-117.7814,34.2966],[-117.7814,34.29615],[-117.78064,34.2958],[-117.77748,34.29582],[-117.77684,34.29627],[-117.77695,34.2969],[-117.77674,34.29736],[-117.77674,34.29799],[-117.77718,34.29834],[-117.77719,34.29871],[-117.77676,34.29943],[-117.77655,34.30087],[-117.77677,34.30123],[-117.77776,34.30195],[-117.77788,34.30303]]]}},{"type":"Feature","properties":{"id":227,"area_km2":0.219,"T":0.007,"F":0.0,"S":0.259,"p_24":0.074,"threshold_mm_hr":78.842,"thr_min":78.523,"thr_max":104.884,"thr_spread":26.361,"stability":"never","frac_high":0.0,"baer_threshold":80.145,"baer_agreement":"confirms_not_high"},"geometry":{"type":"Polygon","coordinates":[[[-117.7806,34.30355],[-117.78092,34.30328],[-117.78168,34.30301],[-117.78179,34.30282],[-117.78353,34.30272],[-117.78374,34.30245],[-117.78483,34.30235],[-117.78623,34.30108],[-117.78677,34.30108],[-117.78699,34.3009],[-117.7872,34.30008],[-117.78741,34.2999],[-117.78741,34.29945],[-117.78719,34.29945],[-117.7862,34.29865],[-117.7862,34.29847],[-117.78554,34.29775],[-117.785,34.29757],[-117.78391,34.29758],[-117.78392,34.29803],[-117.78359,34.29821],[-117.78338,34.29885],[-117.78219,34.29985],[-117.78188,34.30129],[-117.78048,34.30256],[-117.78005,34.30266],[-117.77983,34.30293],[-117.77907,34.3032],[-117.77897,34.30338],[-117.77864,34.30339],[-117.7794,34.30356],[-117.7806,34.30355]]]}},{"type":"Feature","properties":{"id":228,"area_km2":0.215,"T":0.815,"F":0.584,"S":0.337,"p_24":0.894,"threshold_mm_hr":15.113,"thr_min":15.068,"thr_max":15.551,"thr_spread":0.483,"stability":"always","frac_high":1.0,"baer_threshold":15.61,"baer_agreement":"confirms_high"},"geometry":{"type":"Polygon","coordinates":[[[-117.74809,34.24063],[-117.74896,34.24044],[-117.74906,34.24008],[-117.74982,34.23945],[-117.75058,34.23917],[-117.75101,34.23872],[-117.75101,34.23854],[-117.75024,34.23791],[-117.74937,34.23755],[-117.7485,34.23747],[-117.74828,34.2372],[-117.74784,34.23711],[-117.74708,34.2364],[-117.74664,34.23622],[-117.74566,34.23622],[-117.74556,34.23641],[-117.74512,34.23641],[-117.74469,34.23695],[-117.74393,34.23714],[-117.74307,34.23786],[-117.74395,34.23858],[-117.74427,34.23867],[-117.74472,34.23948],[-117.74504,34.23975],[-117.74505,34.2402],[-117.74527,34.24047],[-117.74603,34.24046],[-117.74635,34.24064],[-117.74787,34.24045],[-117.74809,34.24063]]]}},{"type":"Feature","properties":{"id":229,"area_km2":0.214,"T":0.92,"F":0.672,"S":0.259,"p_24":0.918,"threshold_mm_hr":14.398,"thr_min":14.298,"thr_max":15.14,"thr_spread":0.842,"stability":"always","frac_high":1.0,"baer_threshold":14.623,"baer_agreement":"confirms_high"},"geometry":{"type":"Polygon","coordinates":[[[-117.7225,34.25747],[-117.72271,34.2571],[-117.72315,34.25692],[-117.72336,34.25647],[-117.72412,34.25592],[-117.72411,34.25574],[-117.7239,34.25547],[-117.72378,34.25484],[-117.72269,34.25395],[-117.72268,34.25305],[-117.72224,34.25278],[-117.72234,34.25161],[-117.7218,34.25125],[-117.722,34.25007],[-117.72113,34.25008],[-117.72102,34.2499],[-117.7207,34.2499],[-117.7207,34.25008],[-117.72005,34.25045],[-117.71995,34.25081],[-117.71951,34.25099],[-117.71952,34.25225],[-117.71931,34.25234],[-117.7192,34.25271],[-117.71921,34.25361],[-117.71965,34.25406],[-117.71976,34.25478],[-117.71998,34.25496],[-117.72009,34.25541],[-117.72075,34.25612],[-117.72086,34.25666],[-117.72174,34.25729],[-117.7225,34.25747]]]}},{"type":"Feature","properties":{"id":230,"area_km2":0.213,"T":0.937,"F":0.824,"S":0.244,"p_24":0.953,"threshold_mm_hr":13.115,"thr_min":13.115,"thr_max":13.863,"thr_spread":0.749,"stability":"always","frac_high":1.0,"baer_threshold":13.413,"baer_agreement":"confirms_high"},"geometry":{"type":"Polygon","coordinates":[[[-117.7177,34.34443],[-117.71781,34.34425],[-117.71802,34.34425],[-117.71812,34.34316],[-117.71834,34.34271],[-117.71877,34.34253],[-117.71964,34.34252],[-117.71952,34.34135],[-117.71909,34.34109],[-117.71907,34.33919],[-117.71885,34.33901],[-117.7182,34.33902],[-117.71733,34.33866],[-117.71646,34.33867],[-117.71602,34.33894],[-117.71504,34.33867],[-117.71385,34.33868],[-117.71407,34.33913],[-117.71407,34.33994],[-117.71429,34.34012],[-117.7143,34.34129],[-117.71452,34.34138],[-117.71485,34.3421],[-117.71551,34.34255],[-117.71562,34.343],[-117.7166,34.34326],[-117.71704,34.34371],[-117.71726,34.34371],[-117.7177,34.34443]]]}},{"type":"Feature","properties":{"id":231,"area_km2":0.213,"T":0.535,"F":0.38,"S":0.259,"p_24":0.575,"threshold_mm_hr":22.155,"thr_min":20.926,"thr_max":25.288,"thr_spread":4.361,"stability":"sometimes","frac_high":0.167,"baer_threshold":27.095,"baer_agreement":"unstable_anchor_not_high"},"geometry":{"type":"Polygon","coordinates":[[[-117.74879,34.28211],[-117.74944,34.28192],[-117.74954,34.28147],[-117.75052,34.28156],[-117.75096,34.28191],[-117.75128,34.28191],[-117.75095,34.28164],[-117.75095,34.28137],[-117.75128,34.2811],[-117.75149,34.2811],[-117.75127,34.28074],[-117.75127,34.2802],[-117.75105,34.28011],[-117.75115,34.27903],[-117.7506,34.27858],[-117.74973,34.27841],[-117.74951,34.27823],[-117.74951,34.27787],[-117.74897,34.27787],[-117.74864,34.27769],[-117.74668,34.2777],[-117.74604,34.27834],[-117.74365,34.27844],[-117.74365,34.27862],[-117.74397,34.27862],[-117.74408,34.2788],[-117.74452,34.27889],[-117.74518,34.27942],[-117.74573,34.2805],[-117.74595,34.28068],[-117.74638,34.28068],[-117.74726,34.2814],[-117.74737,34.28176],[-117.74781,34.28184],[-117.74802,34.28211],[-117.74879,34.28211]]]}},{"type":"Feature","properties":{"id":234,"area_km2":0.208,"T":0.911,"F":0.712,"S":0.259,"p_24":0.928,"threshold_mm_hr":14.076,"thr_min":14.076,"thr_max":14.695,"thr_spread":0.619,"stability":"always","frac_high":1.0,"baer_threshold":14.076,"baer_agreement":"confirms_high"},"geometry":{"type":"Polygon","coordinates":[[[-117.72479,34.24609],[-117.72598,34.24518],[-117.72629,34.24383],[-117.72737,34.24301],[-117.72748,34.24274],[-117.7278,34.24264],[-117.7278,34.24219],[-117.72823,34.24201],[-117.72812,34.24174],[-117.72703,34.24094],[-117.72638,34.24094],[-117.72627,34.24112],[-117.7254,34.2414],[-117.72432,34.24131],[-117.72367,34.24168],[-117.7228,34.24186],[-117.72237,34.24223],[-117.72237,34.24277],[-117.72216,34.24304],[-117.72217,34.24412],[-117.72239,34.24448],[-117.72218,34.24583],[-117.72479,34.24609]]]}},{"type":"Feature","properties":{"id":235,"area_km2":0.208,"T":0.878,"F":0.565,"S":0.244,"p_24":0.861,"threshold_mm_hr":15.969,"thr_min":15.714,"thr_max":17.62,"thr_spread":1.906,"stability":"always","frac_high":1.0,"baer_threshold":17.648,"baer_agreement":"confirms_high"},"geometry":{"type":"MultiPolygon","coordinates":[[[[-117.70132,34.32324],[-117.70153,34.32243],[-117.70197,34.32198],[-117.70196,34.32143],[-117.70218,34.32107],[-117.70423,34.31944],[-117.70465,34.31817],[-117.70918,34.31436],[-117.7094,34.31436],[-117.70962,34.31409],[-117.71048,34.3139],[-117.70994,34.31435],[-117.70973,34.31499],[-117.70974,34.31607],[-117.70996,34.31625],[-117.70943,34.31715],[-117.70878,34.31761],[-117.70867,34.31797],[-117.70791,34.31815],[-117.7077,34.31843],[-117.70737,34.31843],[-117.70618,34.31952],[-117.70575,34.31961],[-117.70489,34.32034],[-117.70478,34.32115],[-117.70327,34.32233],[-117.70327,34.32251],[-117.70263,34.32305],[-117.70208,34.32306],[-117.70144,34.32369],[-117.70132,34.32324]]],[[[-117.70133,34.32369],[-117.70122,34.32378],[-117.70122,34.32369],[-117.70133,34.32369]]]]}},{"type":"Feature","properties":{"id":238,"area_km2":0.207,"T":0.947,"F":0.587,"S":0.259,"p_24":0.895,"threshold_mm_hr":15.08,"thr_min":14.945,"thr_max":16.084,"thr_spread":1.14,"stability":"always","frac_high":1.0,"baer_threshold":16.337,"baer_agreement":"confirms_high"},"geometry":{"type":"Polygon","coordinates":[[[-117.72444,34.25583],[-117.72477,34.25565],[-117.72574,34.25564],[-117.72596,34.25546],[-117.72672,34.25528],[-117.72682,34.2551],[-117.72748,34.255],[-117.7278,34.25473],[-117.7278,34.25455],[-117.72823,34.25446],[-117.72866,34.254],[-117.72899,34.25391],[-117.72887,34.25301],[-117.72854,34.25283],[-117.72843,34.25247],[-117.72821,34.25238],[-117.7281,34.25202],[-117.72766,34.25157],[-117.72765,34.25058],[-117.72721,34.24986],[-117.72721,34.24887],[-117.72699,34.2495],[-117.72634,34.24978],[-117.72591,34.25032],[-117.7257,34.25032],[-117.72527,34.25078],[-117.72483,34.25087],[-117.7244,34.25132],[-117.72419,34.25214],[-117.72421,34.25475],[-117.72389,34.25511],[-117.72401,34.25574],[-117.72444,34.25583]]]}},{"type":"Feature","properties":{"id":239,"area_km2":0.204,"T":0.961,"F":0.695,"S":0.259,"p_24":0.932,"threshold_mm_hr":13.948,"thr_min":13.905,"thr_max":14.752,"thr_spread":0.847,"stability":"always","frac_high":1.0,"baer_threshold":14.5,"baer_agreement":"confirms_high"},"geometry":{"type":"Polygon","coordinates":[[[-117.75399,34.26864],[-117.75442,34.26837],[-117.75496,34.26836],[-117.75572,34.26782],[-117.75615,34.26772],[-117.75648,34.26736],[-117.75669,34.26736],[-117.75593,34.26664],[-117.75559,34.26583],[-117.75417,34.26485],[-117.75265,34.26468],[-117.75254,34.2645],[-117.75221,34.2645],[-117.75157,34.26514],[-117.75113,34.26523],[-117.75016,34.26614],[-117.7493,34.26632],[-117.74897,34.2666],[-117.74821,34.2666],[-117.748,34.26687],[-117.74767,34.26687],[-117.74745,34.2667],[-117.74767,34.26705],[-117.74833,34.26705],[-117.7492,34.26795],[-117.74953,34.26795],[-117.75007,34.26767],[-117.75094,34.26767],[-117.75127,34.26793],[-117.75214,34.26793],[-117.75312,34.26819],[-117.75355,34.26864],[-117.75399,34.26864]]]}},{"type":"Feature","properties":{"id":240,"area_km2":0.204,"T":0.904,"F":0.709,"S":0.259,"p_24":0.926,"threshold_mm_hr":14.138,"thr_min":14.138,"thr_max":14.766,"thr_spread":0.628,"stability":"always","frac_high":1.0,"baer_threshold":14.199,"baer_agreement":"confirms_high"},"geometry":{"type":"Polygon","coordinates":[[[-117.75351,34.27631],[-117.75438,34.27549],[-117.75601,34.27548],[-117.75611,34.2753],[-117.75666,34.2753],[-117.7573,34.27466],[-117.75784,34.27457],[-117.75795,34.2743],[-117.75827,34.27411],[-117.75848,34.27303],[-117.75891,34.27231],[-117.75761,34.27231],[-117.75706,34.27205],[-117.75597,34.27187],[-117.75575,34.27169],[-117.75391,34.27162],[-117.75369,34.2718],[-117.75337,34.2718],[-117.75295,34.27406],[-117.75209,34.27478],[-117.75144,34.27479],[-117.75122,34.27497],[-117.75166,34.27497],[-117.75308,34.27631],[-117.75351,34.27631]]]}},{"type":"Feature","properties":{"id":241,"area_km2":0.203,"T":0.819,"F":0.627,"S":0.339,"p_24":0.911,"threshold_mm_hr":14.62,"thr_min":14.59,"thr_max":14.918,"thr_spread":0.328,"stability":"always","frac_high":1.0,"baer_threshold":15.174,"baer_agreement":"confirms_high"},"geometry":{"type":"Polygon","coordinates":[[[-117.76467,34.23692],[-117.76521,34.23637],[-117.76554,34.23637],[-117.76607,34.23574],[-117.76629,34.23574],[-117.7665,34.23528],[-117.76683,34.2351],[-117.76693,34.23474],[-117.76672,34.23465],[-117.7666,34.23411],[-117.76627,34.23384],[-117.76497,34.23349],[-117.76453,34.23322],[-117.76421,34.23322],[-117.76366,34.23278],[-117.76301,34.23305],[-117.76182,34.23324],[-117.7615,34.23378],[-117.76074,34.23388],[-117.76031,34.23442],[-117.7601,34.23532],[-117.75924,34.23605],[-117.76065,34.23613],[-117.76152,34.23676],[-117.76293,34.23666],[-117.7638,34.23674],[-117.76402,34.23692],[-117.76467,34.23692]]]}},{"type":"Feature","properties":{"id":243,"area_km2":0.202,"T":0.894,"F":0.624,"S":0.259,"p_24":0.897,"threshold_mm_hr":15.035,"thr_min":14.96,"thr_max":15.814,"thr_spread":0.854,"stability":"always","frac_high":1.0,"baer_threshold":15.481,"baer_agreement":"confirms_high"},"geometry":{"type":"Polygon","coordinates":[[[-117.74512,34.27284],[-117.74598,34.27212],[-117.74663,34.27184],[-117.74673,34.27076],[-117.74738,34.27012],[-117.74781,34.26994],[-117.74748,34.26958],[-117.74683,34.26968],[-117.74672,34.26986],[-117.7464,34.26986],[-117.74542,34.27032],[-117.74335,34.26997],[-117.74249,34.27006],[-117.74227,34.26988],[-117.74151,34.2698],[-117.74096,34.26944],[-117.74031,34.26944],[-117.73988,34.26954],[-117.73858,34.27072],[-117.73836,34.27072],[-117.73804,34.27099],[-117.73804,34.27117],[-117.73891,34.27135],[-117.73913,34.27162],[-117.73979,34.2717],[-117.74066,34.27215],[-117.74142,34.27214],[-117.74186,34.27241],[-117.74294,34.27267],[-117.74512,34.27284]]]}},{"type":"Feature","properties":{"id":245,"area_km2":0.199,"T":0.896,"F":0.59,"S":0.259,"p_24":0.884,"threshold_mm_hr":15.382,"thr_min":15.089,"thr_max":16.545,"thr_spread":1.456,"stability":"always","frac_high":1.0,"baer_threshold":17.493,"baer_agreement":"confirms_high"},"geometry":{"type":"Polygon","coordinates":[[[-117.74381,34.2843],[-117.74457,34.28412],[-117.74413,34.28376],[-117.7438,34.28376],[-117.74347,34.2834],[-117.74271,34.28323],[-117.74271,34.28305],[-117.74249,34.28296],[-117.74119,34.28297],[-117.74108,34.28279],[-117.74021,34.28279],[-117.7401,34.28261],[-117.73966,34.28252],[-117.73673,34.28263],[-117.73564,34.28246],[-117.7339,34.28247],[-117.73347,34.2822],[-117.73195,34.28248],[-117.7301,34.28249],[-117.72978,34.28276],[-117.72924,34.28286],[-117.72837,34.28358],[-117.73174,34.28365],[-117.73185,34.28383],[-117.7324,34.28392],[-117.73294,34.28383],[-117.73338,34.28419],[-117.73457,34.28418],[-117.73468,34.284],[-117.73609,34.28381],[-117.73685,34.2838],[-117.73729,34.28407],[-117.73837,34.28379],[-117.73859,34.28361],[-117.73989,34.28361],[-117.74044,34.28423],[-117.74381,34.2843]]]}},{"type":"Feature","properties":{"id":247,"area_km2":0.194,"T":0.891,"F":0.9,"S":0.259,"p_24":0.963,"threshold_mm_hr":12.633,"thr_min":12.633,"thr_max":13.13,"thr_spread":0.497,"stability":"always","frac_high":1.0,"baer_threshold":12.671,"baer_agreement":"confirms_high"},"geometry":{"type":"Polygon","coordinates":[[[-117.71389,34.25346],[-117.71398,34.2512],[-117.71375,34.25075],[-117.71354,34.25066],[-117.71353,34.25021],[-117.7131,34.24986],[-117.71298,34.24922],[-117.71244,34.24887],[-117.71167,34.24878],[-117.71146,34.2486],[-117.71048,34.2487],[-117.71004,34.24834],[-117.70961,34.24825],[-117.70906,34.24771],[-117.70884,34.24772],[-117.7084,34.24736],[-117.70852,34.24781],[-117.70819,34.24817],[-117.70809,34.24862],[-117.70787,34.24862],[-117.70766,34.24899],[-117.70712,34.24926],[-117.70887,34.25078],[-117.71006,34.25078],[-117.71028,34.25095],[-117.71061,34.25095],[-117.71061,34.25113],[-117.71105,34.25149],[-117.71105,34.25176],[-117.71138,34.25203],[-117.71159,34.25203],[-117.7116,34.2523],[-117.71226,34.25347],[-117.71389,34.25346]]]}},{"type":"Feature","properties":{"id":248,"area_km2":0.194,"T":0.0,"F":0.0,"S":0.339,"p_24":0.099,"threshold_mm_hr":61.183,"thr_min":61.183,"thr_max":65.788,"thr_spread":4.605,"stability":"never","frac_high":0.0,"baer_threshold":61.183,"baer_agreement":"confirms_not_high"},"geometry":{"type":"Polygon","coordinates":[[[-117.75722,34.24138],[-117.76135,34.24136],[-117.76156,34.24109],[-117.76199,34.24099],[-117.76102,34.241],[-117.76025,34.24028],[-117.7596,34.24029],[-117.75818,34.23912],[-117.75817,34.23858],[-117.75784,34.23822],[-117.75763,34.23823],[-117.75741,34.23796],[-117.75697,34.23778],[-117.75686,34.23724],[-117.75642,34.23688],[-117.75544,34.23707],[-117.75458,34.23743],[-117.75317,34.23753],[-117.75373,34.23915],[-117.75449,34.23978],[-117.75461,34.2405],[-117.75483,34.24077],[-117.75613,34.24085],[-117.75679,34.2413],[-117.75722,34.24138]]]}},{"type":"Feature","properties":{"id":249,"area_km2":0.193,"T":0.877,"F":0.729,"S":0.244,"p_24":0.923,"threshold_mm_hr":14.251,"thr_min":14.239,"thr_max":15.153,"thr_spread":0.914,"stability":"always","frac_high":1.0,"baer_threshold":14.462,"baer_agreement":"confirms_high"},"geometry":{"type":"MultiPolygon","coordinates":[[[[-117.7246,34.3498],[-117.7247,34.34971],[-117.7247,34.3498],[-117.7246,34.3498]]],[[[-117.7246,34.35007],[-117.72438,34.35025],[-117.72439,34.35079],[-117.72363,34.35143],[-117.7232,34.35143],[-117.72309,34.35161],[-117.72081,34.35163],[-117.72037,34.35199],[-117.71929,34.35236],[-117.71907,34.35263],[-117.71853,34.35272],[-117.71755,34.35273],[-117.71701,34.35228],[-117.717,34.35174],[-117.71722,34.35156],[-117.71699,34.35039],[-117.71775,34.34975],[-117.71851,34.34957],[-117.71883,34.34929],[-117.71981,34.34902],[-117.72154,34.34892],[-117.7222,34.34918],[-117.72242,34.34945],[-117.72307,34.34945],[-117.7234,34.34963],[-117.72405,34.34962],[-117.72416,34.3498],[-117.7246,34.3498],[-117.7246,34.35007]]]]}},{"type":"Feature","properties":{"id":250,"area_km2":0.19,"T":0.902,"F":0.543,"S":0.339,"p_24":0.9,"threshold_mm_hr":14.954,"thr_min":14.928,"thr_max":15.252,"thr_spread":0.325,"stability":"always","frac_high":1.0,"baer_threshold":15.707,"baer_agreement":"confirms_high"},"geometry":{"type":"MultiPolygon","coordinates":[[[[-117.75712,34.2302],[-117.75723,34.23011],[-117.75723,34.2302],[-117.75712,34.2302]]],[[[-117.75712,34.2302],[-117.7568,34.23038],[-117.75669,34.23102],[-117.75615,34.23147],[-117.75627,34.23237],[-117.75606,34.23273],[-117.75606,34.23328],[-117.75639,34.2339],[-117.75642,34.23679],[-117.7562,34.23697],[-117.75577,34.23697],[-117.75458,34.23743],[-117.75263,34.23753],[-117.75251,34.23636],[-117.75293,34.23564],[-117.75293,34.23519],[-117.75315,34.2351],[-117.75357,34.23401],[-117.75389,34.23365],[-117.75389,34.23302],[-117.75432,34.23256],[-117.75442,34.23175],[-117.75474,34.23157],[-117.75506,34.23067],[-117.75549,34.2303],[-117.75679,34.2302],[-117.75712,34.2302]]]]}},{"type":"Feature","properties":{"id":251,"area_km2":0.19,"T":0.909,"F":0.688,"S":0.244,"p_24":0.917,"threshold_mm_hr":14.455,"thr_min":14.455,"thr_max":15.444,"thr_spread":0.989,"stability":"always","frac_high":1.0,"baer_threshold":14.75,"baer_agreement":"confirms_high"},"geometry":{"type":"Polygon","coordinates":[[[-117.74164,34.31002],[-117.74186,34.30984],[-117.74186,34.30957],[-117.74229,34.30929],[-117.74239,34.30803],[-117.74118,34.30714],[-117.74074,34.30633],[-117.7403,34.30606],[-117.73987,34.30606],[-117.73976,34.30588],[-117.73921,34.30579],[-117.7391,34.30561],[-117.73769,34.30526],[-117.73714,34.30472],[-117.73681,34.30473],[-117.73594,34.3041],[-117.73551,34.3041],[-117.73518,34.30374],[-117.73518,34.30411],[-117.7354,34.30419],[-117.73541,34.30582],[-117.73563,34.30591],[-117.73585,34.30654],[-117.7387,34.30895],[-117.74055,34.30894],[-117.74142,34.30948],[-117.74164,34.31002]]]}},{"type":"Feature","properties":{"id":253,"area_km2":0.186,"T":0.888,"F":0.758,"S":0.244,"p_24":0.932,"threshold_mm_hr":13.929,"thr_min":13.929,"thr_max":14.87,"thr_spread":0.941,"stability":"always","frac_high":1.0,"baer_threshold":14.35,"baer_agreement":"confirms_high"},"geometry":{"type":"Polygon","coordinates":[[[-117.71088,34.34754],[-117.71109,34.34735],[-117.71109,34.34645],[-117.71141,34.34609],[-117.71141,34.34573],[-117.71184,34.34546],[-117.71184,34.34528],[-117.71249,34.34518],[-117.71292,34.34473],[-117.71314,34.34473],[-117.71324,34.34355],[-117.71148,34.34203],[-117.71094,34.34194],[-117.71061,34.34159],[-117.70941,34.34114],[-117.70887,34.34205],[-117.70911,34.34403],[-117.70857,34.34466],[-117.70868,34.34511],[-117.70836,34.34557],[-117.70836,34.34602],[-117.70869,34.34629],[-117.70891,34.34628],[-117.70935,34.34664],[-117.70935,34.34682],[-117.71,34.34709],[-117.71033,34.34745],[-117.71088,34.34754]]]}},{"type":"Feature","properties":{"id":258,"area_km2":0.177,"T":0.087,"F":0.065,"S":0.339,"p_24":0.15,"threshold_mm_hr":45.909,"thr_min":45.608,"thr_max":49.881,"thr_spread":4.273,"stability":"never","frac_high":0.0,"baer_threshold":50.376,"baer_agreement":"confirms_not_high"},"geometry":{"type":"Polygon","coordinates":[[[-117.77619,34.23784],[-117.77684,34.23765],[-117.77705,34.23729],[-117.7776,34.23711],[-117.77791,34.23575],[-117.77823,34.23557],[-117.77823,34.23512],[-117.77844,34.23494],[-117.77833,34.23377],[-117.77669,34.2327],[-117.77668,34.23152],[-117.77624,34.23107],[-117.77623,34.23062],[-117.77613,34.23108],[-117.77537,34.23171],[-117.77538,34.23252],[-117.77495,34.23253],[-117.77495,34.23289],[-117.77528,34.23306],[-117.77529,34.23397],[-117.77389,34.23542],[-117.77433,34.23578],[-117.77444,34.23614],[-117.77509,34.23667],[-117.775,34.23785],[-117.77619,34.23784]]]}},{"type":"Feature","properties":{"id":260,"area_km2":0.176,"T":0.951,"F":0.962,"S":0.339,"p_24":0.982,"threshold_mm_hr":11.414,"thr_min":11.408,"thr_max":11.606,"thr_spread":0.198,"stability":"always","frac_high":1.0,"baer_threshold":11.475,"baer_agreement":"confirms_high"},"geometry":{"type":"Polygon","coordinates":[[[-117.71562,34.22793],[-117.71562,34.2272],[-117.71551,34.22694],[-117.71518,34.22676],[-117.71507,34.22604],[-117.71485,34.22586],[-117.71494,34.2245],[-117.71471,34.22288],[-117.71493,34.22252],[-117.71492,34.22171],[-117.71513,34.22117],[-117.71556,34.2208],[-117.71567,34.22017],[-117.71545,34.21999],[-117.71393,34.21973],[-117.71295,34.21983],[-117.71273,34.21992],[-117.71285,34.22019],[-117.71263,34.22037],[-117.71242,34.22154],[-117.7121,34.22208],[-117.71233,34.22299],[-117.71223,34.22407],[-117.71245,34.22434],[-117.71245,34.22497],[-117.71256,34.22524],[-117.71322,34.2256],[-117.71355,34.22632],[-117.71475,34.22721],[-117.71519,34.2273],[-117.71551,34.22757],[-117.71562,34.22793]]]}},{"type":"Feature","properties":{"id":262,"area_km2":0.173,"T":0.951,"F":0.743,"S":0.339,"p_24":0.958,"threshold_mm_hr":12.903,"thr_min":12.903,"thr_max":13.111,"thr_spread":0.207,"stability":"always","frac_high":1.0,"baer_threshold":13.403,"baer_agreement":"confirms_high"},"geometry":{"type":"Polygon","coordinates":[[[-117.7544,34.22959],[-117.75494,34.22922],[-117.75461,34.22923],[-117.7545,34.22905],[-117.75418,34.22905],[-117.75396,34.22887],[-117.75395,34.22833],[-117.7546,34.22787],[-117.75503,34.22715],[-117.75611,34.22642],[-117.75611,34.22615],[-117.75632,34.22606],[-117.75643,34.22561],[-117.75664,34.22543],[-117.75631,34.22489],[-117.75577,34.22453],[-117.75554,34.22372],[-117.75532,34.22363],[-117.75477,34.22282],[-117.75477,34.22246],[-117.75445,34.22264],[-117.75413,34.22328],[-117.75294,34.22401],[-117.75284,34.22473],[-117.75241,34.22536],[-117.75241,34.22572],[-117.75177,34.22627],[-117.75177,34.22654],[-117.7522,34.2269],[-117.75254,34.2278],[-117.75309,34.22851],[-117.75331,34.22941],[-117.75353,34.22959],[-117.7544,34.22959]]]}},{"type":"Feature","properties":{"id":264,"area_km2":0.17,"T":0.926,"F":0.636,"S":0.259,"p_24":0.908,"threshold_mm_hr":14.713,"thr_min":14.703,"thr_max":15.403,"thr_spread":0.701,"stability":"always","frac_high":1.0,"baer_threshold":14.804,"baer_agreement":"confirms_high"},"geometry":{"type":"Polygon","coordinates":[[[-117.75559,34.26583],[-117.75547,34.26385],[-117.75579,34.2634],[-117.75579,34.26304],[-117.75524,34.26268],[-117.75512,34.26151],[-117.75446,34.26088],[-117.75435,34.26052],[-117.75402,34.26034],[-117.75379,34.25845],[-117.75357,34.25836],[-117.75357,34.25809],[-117.75324,34.25773],[-117.75314,34.259],[-117.7526,34.25963],[-117.7524,34.26125],[-117.75187,34.26207],[-117.75177,34.26387],[-117.75199,34.26396],[-117.7521,34.26432],[-117.75265,34.26468],[-117.75417,34.26485],[-117.75559,34.26583]]]}},{"type":"Feature","properties":{"id":265,"area_km2":0.168,"T":0.948,"F":0.64,"S":0.244,"p_24":0.909,"threshold_mm_hr":14.696,"thr_min":14.62,"thr_max":15.751,"thr_spread":1.13,"stability":"always","frac_high":1.0,"baer_threshold":16.209,"baer_agreement":"confirms_high"},"geometry":{"type":"Polygon","coordinates":[[[-117.70872,34.31102],[-117.70872,34.31075],[-117.70894,34.31066],[-117.70871,34.31003],[-117.70936,34.30931],[-117.70946,34.30886],[-117.70979,34.30867],[-117.70978,34.30822],[-117.70935,34.30795],[-117.70935,34.30777],[-117.70902,34.30751],[-117.7088,34.30751],[-117.70836,34.30715],[-117.7076,34.30706],[-117.70673,34.30671],[-117.70662,34.30653],[-117.70618,34.30644],[-117.70596,34.30617],[-117.70553,34.30608],[-117.70532,34.30663],[-117.7051,34.30672],[-117.7051,34.30726],[-117.70489,34.30762],[-117.7049,34.3087],[-117.70469,34.30924],[-117.70523,34.3096],[-117.70534,34.30987],[-117.70589,34.30996],[-117.706,34.31032],[-117.70644,34.31059],[-117.70666,34.31104],[-117.70872,34.31102]]]}},{"type":"Feature","properties":{"id":266,"area_km2":0.168,"T":0.573,"F":0.371,"S":0.259,"p_24":0.588,"threshold_mm_hr":21.85,"thr_min":20.527,"thr_max":25.337,"thr_spread":4.81,"stability":"sometimes","frac_high":0.167,"baer_threshold":28.48,"baer_agreement":"unstable_anchor_not_high"},"geometry":{"type":"MultiPolygon","coordinates":[[[[-117.648,34.24381],[-117.6481,34.24372],[-117.6481,34.24381],[-117.648,34.24381]]],[[[-117.648,34.24426],[-117.64855,34.24471],[-117.64952,34.24471],[-117.65007,34.24489],[-117.65061,34.24533],[-117.65073,34.24569],[-117.65105,34.24596],[-117.65138,34.24596],[-117.65149,34.24623],[-117.65215,34.24677],[-117.65247,34.24686],[-117.65237,34.24758],[-117.65215,34.24758],[-117.65107,34.24867],[-117.65075,34.24867],[-117.64978,34.24958],[-117.64913,34.24985],[-117.64891,34.24967],[-117.64901,34.24868],[-117.64759,34.24751],[-117.64726,34.24688],[-117.64725,34.2458],[-117.64736,34.24544],[-117.64757,34.24535],[-117.64757,34.24499],[-117.6479,34.24481],[-117.64789,34.24381],[-117.648,34.24381],[-117.648,34.24426]]]]}},{"type":"Feature","properties":{"id":267,"area_km2":0.166,"T":0.937,"F":0.751,"S":0.244,"p_24":0.938,"threshold_mm_hr":13.719,"thr_min":13.719,"thr_max":14.555,"thr_spread":0.836,"stability":"always","frac_high":1.0,"baer_threshold":13.924,"baer_agreement":"confirms_high"},"geometry":{"type":"Polygon","coordinates":[[[-117.72129,34.31898],[-117.729,34.31893],[-117.72944,34.31857],[-117.72878,34.31857],[-117.72867,34.31812],[-117.72813,34.31804],[-117.72736,34.31741],[-117.72736,34.31714],[-117.72703,34.31687],[-117.72649,34.31687],[-117.72638,34.31669],[-117.72518,34.31634],[-117.72409,34.31635],[-117.72388,34.31662],[-117.72203,34.31672],[-117.72106,34.31745],[-117.72095,34.31799],[-117.72052,34.31826],[-117.72129,34.31898]]]}},{"type":"Feature","properties":{"id":269,"area_km2":0.163,"T":0.004,"F":0.0,"S":0.259,"p_24":0.074,"threshold_mm_hr":79.373,"thr_min":78.939,"thr_max":104.689,"thr_spread":25.75,"stability":"never","frac_high":0.0,"baer_threshold":80.145,"baer_agreement":"confirms_not_high"},"geometry":{"type":"Polygon","coordinates":[[[-117.77929,34.3032],[-117.78005,34.30266],[-117.78048,34.30256],[-117.78188,34.30129],[-117.78219,34.29985],[-117.78338,34.29885],[-117.78359,34.29821],[-117.78392,34.29803],[-117.78391,34.29758],[-117.78369,34.29749],[-117.78347,34.29695],[-117.78325,34.29677],[-117.78293,34.29678],[-117.78216,34.29615],[-117.7814,34.29624],[-117.78119,34.29715],[-117.78087,34.29724],[-117.78054,34.29769],[-117.78033,34.29769],[-117.78002,34.29986],[-117.77992,34.30031],[-117.7797,34.3004],[-117.7797,34.30076],[-117.77992,34.30094],[-117.77971,34.30185],[-117.7782,34.30312],[-117.77929,34.3032]]]}},{"type":"Feature","properties":{"id":270,"area_km2":0.163,"T":0.939,"F":0.636,"S":0.244,"p_24":0.906,"threshold_mm_hr":14.791,"thr_min":14.787,"thr_max":15.815,"thr_spread":1.028,"stability":"always","frac_high":1.0,"baer_threshold":16.12,"baer_agreement":"confirms_high"},"geometry":{"type":"Polygon","coordinates":[[[-117.72324,34.33168],[-117.72346,34.33141],[-117.72411,34.33141],[-117.72411,34.33123],[-117.72476,34.33059],[-117.7241,34.33005],[-117.7241,34.32951],[-117.72344,34.32907],[-117.72333,34.32871],[-117.723,34.32844],[-117.72115,34.32836],[-117.72104,34.32854],[-117.71974,34.32891],[-117.71887,34.32891],[-117.71833,34.32928],[-117.71779,34.32928],[-117.71747,34.32964],[-117.71682,34.32992],[-117.71834,34.33018],[-117.71965,34.33125],[-117.72128,34.33133],[-117.72324,34.33168]]]}},{"type":"Feature","properties":{"id":273,"area_km2":0.161,"T":0.263,"F":0.192,"S":0.259,"p_24":0.246,"threshold_mm_hr":34.74,"thr_min":30.577,"thr_max":44.03,"thr_spread":13.453,"stability":"never","frac_high":0.0,"baer_threshold":42.708,"baer_agreement":"confirms_not_high"},"geometry":{"type":"Polygon","coordinates":[[[-117.75819,34.31361],[-117.7583,34.31343],[-117.75906,34.31334],[-117.75949,34.31307],[-117.76243,34.31305],[-117.76275,34.31277],[-117.76308,34.31277],[-117.76329,34.31241],[-117.76383,34.31214],[-117.76383,34.31187],[-117.76415,34.31159],[-117.76414,34.31042],[-117.76447,34.31024],[-117.76446,34.30979],[-117.76381,34.31006],[-117.76273,34.30998],[-117.76208,34.31052],[-117.76023,34.31081],[-117.75969,34.31117],[-117.75763,34.31118],[-117.75753,34.31218],[-117.75721,34.31272],[-117.75722,34.31362],[-117.75819,34.31361]]]}},{"type":"Feature","properties":{"id":280,"area_km2":0.157,"T":0.957,"F":0.67,"S":0.259,"p_24":0.925,"threshold_mm_hr":14.2,"thr_min":14.185,"thr_max":14.862,"thr_spread":0.677,"stability":"always","frac_high":1.0,"baer_threshold":14.376,"baer_agreement":"confirms_high"},"geometry":{"type":"MultiPolygon","coordinates":[[[[-117.71352,34.27438],[-117.71286,34.27367],[-117.71286,34.27303],[-117.71165,34.27214],[-117.71154,34.27169],[-117.71121,34.27151],[-117.71121,34.27115],[-117.71088,34.2707],[-117.71075,34.26755],[-117.71042,34.26737],[-117.71041,34.2661],[-117.71019,34.26602],[-117.71007,34.2643],[-117.71006,34.26367],[-117.71039,34.2634],[-117.7104,34.26457],[-117.71094,34.26502],[-117.71094,34.2652],[-117.71149,34.26556],[-117.71161,34.26637],[-117.71193,34.26664],[-117.71227,34.26745],[-117.71248,34.26753],[-117.71249,34.26799],[-117.71271,34.26807],[-117.71282,34.26843],[-117.71294,34.27024],[-117.71316,34.27033],[-117.71349,34.27087],[-117.71352,34.27438]]],[[[-117.71363,34.27438],[-117.71374,34.27447],[-117.71363,34.27447],[-117.71363,34.27438]]]]}},{"type":"Feature","properties":{"id":281,"area_km2":0.156,"T":0.396,"F":0.245,"S":0.339,"p_24":0.438,"threshold_mm_hr":25.767,"thr_min":24.641,"thr_max":29.449,"thr_spread":4.808,"stability":"never","frac_high":0.0,"baer_threshold":31.8,"baer_agreement":"confirms_not_high"},"geometry":{"type":"Polygon","coordinates":[[[-117.76952,34.2451],[-117.76996,34.24491],[-117.77072,34.24491],[-117.77071,34.24455],[-117.77039,34.24428],[-117.77038,34.24401],[-117.77006,34.24383],[-117.76983,34.2432],[-117.76929,34.24275],[-117.76863,34.24267],[-117.7682,34.24231],[-117.76819,34.24195],[-117.76841,34.24186],[-117.76862,34.2414],[-117.76841,34.2414],[-117.76775,34.24087],[-117.76709,34.23979],[-117.76654,34.23934],[-117.76567,34.23953],[-117.76557,34.24052],[-117.76536,34.24061],[-117.76536,34.24115],[-117.76515,34.24115],[-117.76515,34.24152],[-117.7658,34.24196],[-117.76581,34.24223],[-117.76646,34.24286],[-117.76647,34.24322],[-117.76669,34.24331],[-117.7667,34.24457],[-117.76713,34.24493],[-117.76952,34.2451]]]}},{"type":"Feature","properties":{"id":282,"area_km2":0.154,"T":0.944,"F":0.909,"S":0.339,"p_24":0.978,"threshold_mm_hr":11.77,"thr_min":11.77,"thr_max":11.93,"thr_spread":0.161,"stability":"always","frac_high":1.0,"baer_threshold":11.77,"baer_agreement":"confirms_high"},"geometry":{"type":"Polygon","coordinates":[[[-117.70446,34.22998],[-117.70446,34.22961],[-117.70521,34.22952],[-117.70554,34.22907],[-117.70542,34.22826],[-117.70563,34.2278],[-117.70541,34.22699],[-117.70432,34.22619],[-117.70432,34.22601],[-117.70377,34.22556],[-117.70366,34.2252],[-117.70333,34.22502],[-117.70322,34.22466],[-117.70278,34.22439],[-117.70267,34.22403],[-117.70234,34.22376],[-117.70191,34.22368],[-117.70159,34.22422],[-117.7017,34.22476],[-117.70117,34.22675],[-117.70129,34.22702],[-117.70194,34.22755],[-117.70195,34.2281],[-117.70228,34.22863],[-117.70315,34.22872],[-117.70402,34.22944],[-117.70402,34.22971],[-117.70446,34.22998]]]}},{"type":"Feature","properties":{"id":283,"area_km2":0.154,"T":0.0,"F":0.0,"S":0.259,"p_24":0.073,"threshold_mm_hr":80.145,"thr_min":80.145,"thr_max":105.454,"thr_spread":25.309,"stability":"never","frac_high":0.0,"baer_threshold":80.145,"baer_agreement":"confirms_not_high"},"geometry":{"type":"Polygon","coordinates":[[[-117.77294,34.30928],[-117.77282,34.30874],[-117.77205,34.30785],[-117.77173,34.30785],[-117.77107,34.30749],[-117.7702,34.30741],[-117.76998,34.30714],[-117.76966,34.30705],[-117.76943,34.3066],[-117.76834,34.30616],[-117.76801,34.3058],[-117.76629,34.30716],[-117.76629,34.30734],[-117.76575,34.30771],[-117.76564,34.30825],[-117.765,34.30879],[-117.76424,34.3088],[-117.76685,34.30905],[-117.76902,34.30904],[-117.76978,34.30912],[-117.77011,34.3093],[-117.77294,34.30928]]]}},{"type":"Feature","properties":{"id":284,"area_km2":0.154,"T":0.833,"F":0.751,"S":0.244,"p_24":0.921,"threshold_mm_hr":14.303,"thr_min":14.277,"thr_max":15.301,"thr_spread":1.024,"stability":"always","frac_high":1.0,"baer_threshold":14.858,"baer_agreement":"confirms_high"},"geometry":{"type":"Polygon","coordinates":[[[-117.70242,34.31106],[-117.70241,34.31061],[-117.70339,34.30988],[-117.7036,34.30943],[-117.70458,34.30934],[-117.70479,34.30915],[-117.7051,34.30672],[-117.70532,34.30663],[-117.70564,34.30608],[-117.70552,34.30473],[-117.70508,34.3041],[-117.70486,34.3041],[-117.70431,34.30366],[-117.70344,34.30366],[-117.70334,34.30465],[-117.70281,34.30538],[-117.70281,34.30619],[-117.7026,34.30637],[-117.70239,34.30772],[-117.70239,34.30818],[-117.70261,34.30826],[-117.70261,34.30844],[-117.70207,34.30899],[-117.70209,34.31079],[-117.70242,34.31106]]]}},{"type":"Feature","properties":{"id":285,"area_km2":0.153,"T":0.921,"F":0.925,"S":0.339,"p_24":0.978,"threshold_mm_hr":11.757,"thr_min":11.757,"thr_max":11.917,"thr_spread":0.16,"stability":"always","frac_high":1.0,"baer_threshold":11.819,"baer_agreement":"confirms_high"},"geometry":{"type":"MultiPolygon","coordinates":[[[[-117.73229,34.23432],[-117.73217,34.23333],[-117.73184,34.23279],[-117.73184,34.23189],[-117.73205,34.2318],[-117.73205,34.23126],[-117.73323,34.23026],[-117.73323,34.23008],[-117.73366,34.22971],[-117.73366,34.22935],[-117.73388,34.22926],[-117.7342,34.22854],[-117.73484,34.2279],[-117.7355,34.22835],[-117.73571,34.22835],[-117.73637,34.22889],[-117.73648,34.22943],[-117.73681,34.22978],[-117.73671,34.23024],[-117.73638,34.23042],[-117.73617,34.23087],[-117.73488,34.23187],[-117.73488,34.23205],[-117.73455,34.23232],[-117.73401,34.23233],[-117.73391,34.23305],[-117.73359,34.23359],[-117.73294,34.23396],[-117.73261,34.23396],[-117.73229,34.23432]]],[[[-117.7324,34.23432],[-117.73251,34.23441],[-117.7324,34.23441],[-117.7324,34.23432]]]]}},{"type":"Feature","properties":{"id":286,"area_km2":0.151,"T":0.0,"F":0.013,"S":0.259,"p_24":0.077,"threshold_mm_hr":76.439,"thr_min":76.439,"thr_max":99.13,"thr_spread":22.691,"stability":"never","frac_high":0.0,"baer_threshold":76.439,"baer_agreement":"confirms_not_high"},"geometry":{"type":"MultiPolygon","coordinates":[[[[-117.77758,34.32973],[-117.77736,34.32955],[-117.77671,34.32955],[-117.77616,34.32937],[-117.77432,34.32939],[-117.7742,34.32912],[-117.77377,34.32885],[-117.77377,34.32867],[-117.77278,34.32786],[-117.77256,34.32732],[-117.77212,34.32705],[-117.7719,34.3267],[-117.77189,34.32579],[-117.77113,34.32526],[-117.77112,34.32481],[-117.7709,34.32472],[-117.7709,34.32445],[-117.77123,34.32472],[-117.77232,34.3248],[-117.77265,34.32516],[-117.7733,34.32524],[-117.77341,34.32587],[-117.77374,34.32614],[-117.77418,34.32632],[-117.77472,34.32632],[-117.77483,34.3265],[-117.7757,34.32676],[-117.7768,34.32775],[-117.77691,34.3282],[-117.77823,34.32918],[-117.77834,34.32972],[-117.77758,34.32973]]],[[[-117.77834,34.32972],[-117.77845,34.32981],[-117.77834,34.32981],[-117.77834,34.32972]]]]}},{"type":"Feature","properties":{"id":290,"area_km2":0.146,"T":0.016,"F":0.0,"S":0.259,"p_24":0.076,"threshold_mm_hr":77.275,"thr_min":73.963,"thr_max":103.764,"thr_spread":29.801,"stability":"never","frac_high":0.0,"baer_threshold":80.145,"baer_agreement":"confirms_not_high"},"geometry":{"type":"Polygon","coordinates":[[[-117.76819,34.30156],[-117.76949,34.30038],[-117.77003,34.30037],[-117.77024,34.30019],[-117.77044,34.29821],[-117.77087,34.29784],[-117.77087,34.29739],[-117.77076,34.29703],[-117.77032,34.29685],[-117.76826,34.29687],[-117.76793,34.2966],[-117.76695,34.29652],[-117.76663,34.29688],[-117.76664,34.29859],[-117.76676,34.29895],[-117.76708,34.29913],[-117.7673,34.29958],[-117.76731,34.30039],[-117.76764,34.30057],[-117.76819,34.30156]]]}},{"type":"Feature","properties":{"id":291,"area_km2":0.146,"T":0.915,"F":0.634,"S":0.259,"p_24":0.905,"threshold_mm_hr":14.806,"thr_min":14.672,"thr_max":15.815,"thr_spread":1.143,"stability":"always","frac_high":1.0,"baer_threshold":16.334,"baer_agreement":"confirms_high"},"geometry":{"type":"MultiPolygon","coordinates":[[[[-117.71841,34.2491],[-117.71809,34.24947],[-117.71711,34.24956],[-117.71668,34.25002],[-117.71625,34.25002],[-117.71614,34.2502],[-117.71538,34.2502],[-117.71505,34.25011],[-117.71461,34.24967],[-117.71385,34.24967],[-117.7132,34.2494],[-117.71298,34.24913],[-117.71255,34.24905],[-117.71244,34.24887],[-117.71146,34.24869],[-117.71145,34.24842],[-117.7121,34.24788],[-117.71297,34.24778],[-117.71318,34.24733],[-117.71351,34.24733],[-117.71383,34.24697],[-117.71546,34.24651],[-117.71753,34.2483],[-117.71808,34.24847],[-117.71874,34.24901],[-117.71841,34.2491]]],[[[-117.71874,34.2491],[-117.71895,34.24919],[-117.71874,34.24919],[-117.71874,34.2491]]]]}},{"type":"Feature","properties":{"id":293,"area_km2":0.146,"T":0.907,"F":0.553,"S":0.339,"p_24":0.904,"threshold_mm_hr":14.827,"thr_min":14.81,"thr_max":15.153,"thr_spread":0.344,"stability":"always","frac_high":1.0,"baer_threshold":15.698,"baer_agreement":"confirms_high"},"geometry":{"type":"Polygon","coordinates":[[[-117.75263,34.23753],[-117.75251,34.23636],[-117.75293,34.23564],[-117.75293,34.23519],[-117.75315,34.2351],[-117.75357,34.23401],[-117.75389,34.23365],[-117.754,34.23302],[-117.75367,34.23275],[-117.75367,34.23239],[-117.75345,34.2323],[-117.75344,34.23104],[-117.75322,34.23086],[-117.75343,34.22995],[-117.75299,34.23023],[-117.753,34.2305],[-117.75278,34.23068],[-117.75235,34.23068],[-117.75202,34.23096],[-117.75181,34.23096],[-117.7517,34.23132],[-117.75116,34.23186],[-117.75095,34.23268],[-117.75097,34.23412],[-117.75075,34.23439],[-117.75076,34.23484],[-117.75098,34.23511],[-117.75099,34.23655],[-117.75186,34.23727],[-117.75263,34.23753]]]}},{"type":"Feature","properties":{"id":294,"area_km2":0.145,"T":0.868,"F":0.76,"S":0.244,"p_24":0.93,"threshold_mm_hr":14.011,"thr_min":13.92,"thr_max":14.938,"thr_spread":1.018,"stability":"always","frac_high":1.0,"baer_threshold":14.588,"baer_agreement":"confirms_high"},"geometry":{"type":"Polygon","coordinates":[[[-117.73526,34.3014],[-117.73439,34.30131],[-117.73385,34.30078],[-117.73373,34.30024],[-117.73198,34.29871],[-117.73003,34.29873],[-117.72948,34.29864],[-117.72871,34.29801],[-117.72763,34.29802],[-117.72763,34.29829],[-117.72785,34.29847],[-117.72786,34.29928],[-117.72808,34.29946],[-117.72808,34.30036],[-117.7283,34.30045],[-117.72852,34.30117],[-117.72918,34.30144],[-117.72961,34.30143],[-117.72983,34.30116],[-117.73265,34.30114],[-117.73287,34.30141],[-117.73526,34.3014]]]}},{"type":"Feature","properties":{"id":295,"area_km2":0.145,"T":0.656,"F":0.361,"S":0.244,"p_24":0.613,"threshold_mm_hr":21.3,"thr_min":19.974,"thr_max":26.318,"thr_spread":6.344,"stability":"sometimes","frac_high":0.333,"baer_threshold":32.19,"baer_agreement":"unstable_anchor_not_high"},"geometry":{"type":"MultiPolygon","coordinates":[[[[-117.68264,34.29801],[-117.68253,34.29792],[-117.68264,34.29792],[-117.68264,34.29801]]],[[[-117.68405,34.298],[-117.68449,34.29827],[-117.68503,34.29835],[-117.68514,34.29853],[-117.68569,34.29853],[-117.6858,34.29871],[-117.68602,34.29871],[-117.68602,34.29889],[-117.68667,34.29934],[-117.68678,34.2997],[-117.687,34.29979],[-117.687,34.30006],[-117.68733,34.30032],[-117.68712,34.30078],[-117.68734,34.30105],[-117.68734,34.3015],[-117.68756,34.30159],[-117.68789,34.30222],[-117.68779,34.30267],[-117.68801,34.30294],[-117.68801,34.30357],[-117.68823,34.30375],[-117.68801,34.30393],[-117.68802,34.3042],[-117.68769,34.3042],[-117.68693,34.30366],[-117.68659,34.30267],[-117.68539,34.30169],[-117.68495,34.3016],[-117.68441,34.30115],[-117.68429,34.30052],[-117.6832,34.29972],[-117.68297,34.29846],[-117.68264,34.29801],[-117.68405,34.298]]]]}},{"type":"Feature","properties":{"id":299,"area_km2":0.138,"T":0.949,"F":0.659,"S":0.244,"p_24":0.915,"threshold_mm_hr":14.502,"thr_min":14.463,"thr_max":15.471,"thr_spread":1.008,"stability":"always","frac_high":1.0,"baer_threshold":14.755,"baer_agreement":"confirms_high"},"geometry":{"type":"Polygon","coordinates":[[[-117.73003,34.33696],[-117.73035,34.33669],[-117.73144,34.33641],[-117.73176,34.33614],[-117.73197,34.33551],[-117.73305,34.33451],[-117.73218,34.33442],[-117.73207,34.33424],[-117.73109,34.33398],[-117.72598,34.33392],[-117.72598,34.33428],[-117.72631,34.33446],[-117.72632,34.335],[-117.72654,34.33509],[-117.72654,34.33527],[-117.72675,34.33527],[-117.72719,34.33572],[-117.72785,34.33589],[-117.72861,34.33652],[-117.72905,34.33652],[-117.72938,34.33688],[-117.73003,34.33696]]]}},{"type":"Feature","properties":{"id":300,"area_km2":0.138,"T":0.009,"F":0.014,"S":0.339,"p_24":0.107,"threshold_mm_hr":57.918,"thr_min":56.97,"thr_max":62.909,"thr_spread":5.939,"stability":"never","frac_high":0.0,"baer_threshold":58.125,"baer_agreement":"confirms_not_high"},"geometry":{"type":"MultiPolygon","coordinates":[[[[-117.76329,34.24008],[-117.76242,34.24018],[-117.76188,34.24054],[-117.76134,34.24046],[-117.75937,34.23876],[-117.75904,34.23876],[-117.75861,34.2384],[-117.75806,34.2384],[-117.75763,34.23823],[-117.75741,34.23796],[-117.75719,34.23796],[-117.75653,34.23688],[-117.75685,34.23688],[-117.75837,34.23615],[-117.75956,34.23614],[-117.76022,34.23668],[-117.76022,34.23686],[-117.76142,34.23775],[-117.76142,34.23793],[-117.76219,34.23847],[-117.76252,34.2391],[-117.76296,34.23918],[-117.76328,34.23945],[-117.76329,34.24008]]],[[[-117.7634,34.24008],[-117.76329,34.24017],[-117.76329,34.24008],[-117.7634,34.24008]]],[[[-117.7634,34.24026],[-117.76351,34.24017],[-117.76351,34.24026],[-117.7634,34.24026]]],[[[-117.76362,34.24026],[-117.76351,34.24035],[-117.76351,34.24026],[-117.76362,34.24026]]]]}},{"type":"Feature","properties":{"id":303,"area_km2":0.135,"T":0.273,"F":0.231,"S":0.242,"p_24":0.267,"threshold_mm_hr":33.241,"thr_min":30.571,"thr_max":39.54,"thr_spread":8.97,"stability":"never","frac_high":0.0,"baer_threshold":42.946,"baer_agreement":"confirms_not_high"},"geometry":{"type":"MultiPolygon","coordinates":[[[[-117.64686,34.36457],[-117.6487,34.36303],[-117.64869,34.36285],[-117.64934,34.3624],[-117.64945,34.36195],[-117.64966,34.36176],[-117.64966,34.36122],[-117.64933,34.36086],[-117.64933,34.36059],[-117.64911,34.3605],[-117.64887,34.35807],[-117.64897,34.356],[-117.64918,34.35572],[-117.6493,34.35645],[-117.64952,34.35662],[-117.65039,34.3568],[-117.65148,34.35779],[-117.65159,34.35815],[-117.65203,34.35841],[-117.65214,34.35896],[-117.65236,34.35904],[-117.65236,34.3594],[-117.65204,34.35968],[-117.65204,34.35995],[-117.65183,34.36004],[-117.65172,34.3604],[-117.65118,34.36076],[-117.65097,34.36131],[-117.64708,34.36457],[-117.64686,34.36457]]],[[[-117.64675,34.36458],[-117.64686,34.36457],[-117.64686,34.36466],[-117.64675,34.36467],[-117.64675,34.36458]]],[[[-117.64675,34.36467],[-117.64664,34.36476],[-117.64664,34.36467],[-117.64675,34.36467]]],[[[-117.64653,34.36485],[-117.64664,34.36476],[-117.64664,34.36485],[-117.64653,34.36485]]],[[[-117.64653,34.36485],[-117.64643,34.36494],[-117.64643,34.36485],[-117.64653,34.36485]]],[[[-117.64632,34.36503],[-117.64643,34.36494],[-117.64643,34.36503],[-117.64632,34.36503]]],[[[-117.64632,34.36503],[-117.64621,34.36512],[-117.64621,34.36503],[-117.64632,34.36503]]],[[[-117.6461,34.36521],[-117.64621,34.36512],[-117.64621,34.36521],[-117.6461,34.36521]]]]}},{"type":"Feature","properties":{"id":304,"area_km2":0.135,"T":0.843,"F":0.477,"S":0.259,"p_24":0.809,"threshold_mm_hr":17.164,"thr_min":16.827,"thr_max":18.774,"thr_spread":1.947,"stability":"always","frac_high":1.0,"baer_threshold":19.229,"baer_agreement":"confirms_high"},"geometry":{"type":"Polygon","coordinates":[[[-117.70926,34.24528],[-117.70936,34.24501],[-117.7098,34.24482],[-117.70979,34.24464],[-117.71012,34.24437],[-117.71055,34.24428],[-117.71043,34.24302],[-117.70977,34.2423],[-117.70977,34.24212],[-117.70934,34.24185],[-117.70944,34.24113],[-117.71008,34.24031],[-117.71008,34.23968],[-117.70942,34.23942],[-117.7092,34.23906],[-117.70844,34.23888],[-117.70801,34.23897],[-117.70813,34.23996],[-117.70791,34.24006],[-117.70791,34.24033],[-117.70737,34.24096],[-117.70728,34.2424],[-117.7076,34.24258],[-117.70761,34.24375],[-117.70783,34.24384],[-117.70784,34.24429],[-117.70849,34.24474],[-117.7086,34.24501],[-117.70926,34.24528]]]}},{"type":"Feature","properties":{"id":306,"area_km2":0.132,"T":0.636,"F":0.57,"S":0.242,"p_24":0.776,"threshold_mm_hr":17.884,"thr_min":17.749,"thr_max":18.987,"thr_spread":1.239,"stability":"always","frac_high":1.0,"baer_threshold":19.214,"baer_agreement":"confirms_high"},"geometry":{"type":"Polygon","coordinates":[[[-117.65819,34.36722],[-117.65949,34.36712],[-117.66133,34.36549],[-117.66143,34.36486],[-117.66295,34.36368],[-117.66305,34.36332],[-117.66381,34.36277],[-117.66347,34.36088],[-117.66314,34.36052],[-117.66314,34.36016],[-117.6627,34.35989],[-117.6628,34.35926],[-117.66161,34.35963],[-117.66064,34.36035],[-117.66086,34.36098],[-117.66032,34.36144],[-117.66065,34.36234],[-117.66109,34.36278],[-117.66131,34.36369],[-117.66175,34.36404],[-117.66176,34.36449],[-117.65916,34.36667],[-117.65862,34.36668],[-117.65819,34.36704],[-117.65819,34.36722]]]}},{"type":"Feature","properties":{"id":307,"area_km2":0.132,"T":0.585,"F":0.354,"S":0.258,"p_24":0.579,"threshold_mm_hr":22.064,"thr_min":20.881,"thr_max":25.696,"thr_spread":4.815,"stability":"sometimes","frac_high":0.167,"baer_threshold":27.078,"baer_agreement":"unstable_anchor_not_high"},"geometry":{"type":"Polygon","coordinates":[[[-117.74912,34.29491],[-117.75031,34.29445],[-117.75074,34.294],[-117.75096,34.294],[-117.75138,34.29309],[-117.75192,34.29255],[-117.75159,34.29228],[-117.75116,34.29228],[-117.7505,34.29148],[-117.74767,34.29131],[-117.74723,34.29096],[-117.74691,34.29096],[-117.74658,34.29069],[-117.74615,34.29069],[-117.74615,34.29087],[-117.74658,34.29114],[-117.74659,34.29141],[-117.74702,34.29177],[-117.74704,34.29339],[-117.74726,34.29384],[-117.74769,34.29393],[-117.74824,34.29438],[-117.74868,34.29446],[-117.74912,34.29491]]]}},{"type":"Feature","properties":{"id":309,"area_km2":0.13,"T":0.926,"F":0.758,"S":0.259,"p_24":0.942,"threshold_mm_hr":13.583,"thr_min":13.583,"thr_max":14.159,"thr_spread":0.576,"stability":"always","frac_high":1.0,"baer_threshold":13.583,"baer_agreement":"confirms_high"},"geometry":{"type":"Polygon","coordinates":[[[-117.72061,34.2655],[-117.72115,34.26505],[-117.72137,34.26451],[-117.7218,34.26414],[-117.72223,34.26405],[-117.72234,34.26378],[-117.72201,34.26378],[-117.7219,34.26342],[-117.72037,34.26217],[-117.71982,34.26127],[-117.71873,34.2611],[-117.71807,34.26047],[-117.71753,34.26047],[-117.71677,34.2603],[-117.71655,34.26012],[-117.71611,34.26012],[-117.71535,34.25949],[-117.71535,34.25976],[-117.71601,34.26012],[-117.71623,34.26084],[-117.71721,34.26165],[-117.71776,34.26245],[-117.71831,34.26281],[-117.71831,34.26299],[-117.71875,34.26335],[-117.71908,34.26407],[-117.71952,34.26434],[-117.71985,34.26497],[-117.72061,34.2655]]]}},{"type":"Feature","properties":{"id":310,"area_km2":0.13,"T":0.827,"F":0.545,"S":0.339,"p_24":0.883,"threshold_mm_hr":15.414,"thr_min":15.348,"thr_max":15.964,"thr_spread":0.616,"stability":"always","frac_high":1.0,"baer_threshold":15.966,"baer_agreement":"confirms_high"},"geometry":{"type":"Polygon","coordinates":[[[-117.75122,34.23863],[-117.75165,34.23826],[-117.75187,34.23826],[-117.75252,34.23754],[-117.75186,34.23727],[-117.75153,34.23691],[-117.75132,34.23691],[-117.75088,34.23646],[-117.75044,34.23629],[-117.75044,34.23611],[-117.75022,34.23602],[-117.75011,34.23566],[-117.74989,34.23557],[-117.74989,34.23539],[-117.74967,34.2353],[-117.74879,34.23404],[-117.74825,34.23395],[-117.74759,34.23342],[-117.74749,34.23369],[-117.74716,34.23369],[-117.74717,34.23405],[-117.74684,34.23423],[-117.74663,34.23469],[-117.74663,34.23496],[-117.7474,34.23549],[-117.74741,34.23676],[-117.74784,34.23711],[-117.74828,34.2372],[-117.7485,34.23747],[-117.74937,34.23755],[-117.75024,34.23791],[-117.75101,34.23863],[-117.75122,34.23863]]]}},{"type":"Feature","properties":{"id":311,"area_km2":0.129,"T":0.652,"F":0.494,"S":0.259,"p_24":0.741,"threshold_mm_hr":18.621,"thr_min":18.621,"thr_max":19.857,"thr_spread":1.236,"stability":"always","frac_high":1.0,"baer_threshold":21.255,"baer_agreement":"confirms_high"},"geometry":{"type":"MultiPolygon","coordinates":[[[[-117.6485,34.36619],[-117.64839,34.36601],[-117.6485,34.36601],[-117.6485,34.36619]]],[[[-117.64861,34.36619],[-117.64873,34.36745],[-117.64841,34.36781],[-117.64832,34.37025],[-117.64886,34.37061],[-117.64919,34.37124],[-117.6492,34.37268],[-117.64899,34.37277],[-117.64855,34.37277],[-117.64822,34.37241],[-117.6479,34.37232],[-117.64714,34.37233],[-117.64583,34.37206],[-117.6455,34.3718],[-117.6455,34.37126],[-117.64517,34.3709],[-117.64516,34.37054],[-117.64494,34.37027],[-117.647,34.36863],[-117.6471,34.36836],[-117.64754,34.36836],[-117.64819,34.36781],[-117.64861,34.36619]]]]}},{"type":"Feature","properties":{"id":312,"area_km2":0.129,"T":0.842,"F":0.668,"S":0.244,"p_24":0.896,"threshold_mm_hr":15.069,"thr_min":14.917,"thr_max":16.202,"thr_spread":1.285,"stability":"always","frac_high":1.0,"baer_threshold":16.175,"baer_agreement":"confirms_high"},"geometry":{"type":"Polygon","coordinates":[[[-117.74199,34.31263],[-117.74209,34.31191],[-117.74187,34.31164],[-117.74187,34.31128],[-117.74165,34.31119],[-117.74153,34.30966],[-117.7412,34.3093],[-117.74044,34.3093],[-117.74023,34.30958],[-117.7399,34.30958],[-117.73979,34.30976],[-117.73882,34.30985],[-117.73871,34.31004],[-117.73577,34.30996],[-117.73523,34.31042],[-117.73404,34.31051],[-117.73328,34.31106],[-117.73285,34.31106],[-117.73459,34.31114],[-117.73491,34.31096],[-117.73763,34.31094],[-117.73927,34.31229],[-117.74155,34.31218],[-117.74166,34.31245],[-117.74199,34.31263]]]}},{"type":"Feature","properties":{"id":313,"area_km2":0.128,"T":0.796,"F":0.665,"S":0.244,"p_24":0.884,"threshold_mm_hr":15.402,"thr_min":15.402,"thr_max":16.469,"thr_spread":1.067,"stability":"always","frac_high":1.0,"baer_threshold":16.055,"baer_agreement":"confirms_high"},"geometry":{"type":"MultiPolygon","coordinates":[[[[-117.69625,34.34077],[-117.69494,34.33987],[-117.69493,34.33825],[-117.69568,34.33779],[-117.69601,34.33779],[-117.69644,34.33752],[-117.69699,34.33752],[-117.69731,34.33724],[-117.69753,34.33724],[-117.69979,34.33533],[-117.6998,34.33597],[-117.70002,34.33633],[-117.6997,34.33669],[-117.69982,34.33813],[-117.6996,34.33849],[-117.69917,34.33886],[-117.69852,34.33886],[-117.69798,34.3394],[-117.69754,34.33941],[-117.69625,34.3405],[-117.69625,34.34077]]],[[[-117.69636,34.34077],[-117.69625,34.34086],[-117.69625,34.34077],[-117.69636,34.34077]]],[[[-117.69636,34.34122],[-117.69647,34.34086],[-117.69647,34.34122],[-117.69636,34.34122]]],[[[-117.69658,34.34122],[-117.69647,34.34131],[-117.69647,34.34122],[-117.69658,34.34122]]]]}},{"type":"Feature","properties":{"id":318,"area_km2":0.124,"T":0.747,"F":0.654,"S":0.3,"p_24":0.891,"threshold_mm_hr":15.211,"thr_min":15.211,"thr_max":15.697,"thr_spread":0.486,"stability":"always","frac_high":1.0,"baer_threshold":15.799,"baer_agreement":"confirms_high"},"geometry":{"type":"Polygon","coordinates":[[[-117.70667,34.23519],[-117.70711,34.23492],[-117.70862,34.23455],[-117.70959,34.23364],[-117.71003,34.23364],[-117.71002,34.23283],[-117.71056,34.23246],[-117.71056,34.23228],[-117.71088,34.23201],[-117.71121,34.2321],[-117.7111,34.23192],[-117.71066,34.23183],[-117.71065,34.23075],[-117.70946,34.23085],[-117.70892,34.23121],[-117.70838,34.23122],[-117.70762,34.23185],[-117.70686,34.23204],[-117.70665,34.23249],[-117.70633,34.23267],[-117.70655,34.23366],[-117.70624,34.2352],[-117.70667,34.23519]]]}},{"type":"Feature","properties":{"id":319,"area_km2":0.123,"T":0.99,"F":0.867,"S":0.244,"p_24":0.965,"threshold_mm_hr":12.546,"thr_min":12.546,"thr_max":13.229,"thr_spread":0.683,"stability":"always","frac_high":1.0,"baer_threshold":12.669,"baer_agreement":"confirms_high"},"geometry":{"type":"MultiPolygon","coordinates":[[[[-117.7242,34.30336],[-117.72409,34.30327],[-117.7242,34.30327],[-117.7242,34.30336]]],[[[-117.72452,34.30336],[-117.72518,34.30371],[-117.7255,34.30371],[-117.72638,34.30407],[-117.72704,34.30488],[-117.72704,34.30524],[-117.72802,34.30595],[-117.72825,34.30658],[-117.72792,34.30676],[-117.72804,34.30785],[-117.72782,34.30803],[-117.7275,34.30803],[-117.72739,34.30785],[-117.72608,34.30786],[-117.72433,34.30642],[-117.7242,34.30336],[-117.72452,34.30336]]]]}},{"type":"Feature","properties":{"id":320,"area_km2":0.123,"T":0.907,"F":0.852,"S":0.339,"p_24":0.969,"threshold_mm_hr":12.305,"thr_min":12.301,"thr_max":12.527,"thr_spread":0.226,"stability":"always","frac_high":1.0,"baer_threshold":12.621,"baer_agreement":"confirms_high"},"geometry":{"type":"Polygon","coordinates":[[[-117.7274,34.23345],[-117.72772,34.23327],[-117.72772,34.233],[-117.72804,34.23245],[-117.72826,34.23236],[-117.72815,34.23209],[-117.72847,34.23173],[-117.72823,34.22866],[-117.72855,34.22821],[-117.72854,34.2274],[-117.72821,34.22722],[-117.72788,34.22641],[-117.72722,34.22578],[-117.72723,34.22596],[-117.72669,34.22642],[-117.72671,34.22903],[-117.72628,34.22967],[-117.7264,34.23057],[-117.72607,34.23102],[-117.72608,34.23138],[-117.7264,34.23156],[-117.72652,34.23237],[-117.72663,34.23255],[-117.72685,34.23255],[-117.72685,34.233],[-117.7274,34.23345]]]}},{"type":"Feature","properties":{"id":322,"area_km2":0.122,"T":0.648,"F":0.439,"S":0.244,"p_24":0.68,"threshold_mm_hr":19.864,"thr_min":19.126,"thr_max":23.041,"thr_spread":3.915,"stability":"sometimes","frac_high":0.667,"baer_threshold":23.817,"baer_agreement":"unstable_anchor_not_high"},"geometry":{"type":"Polygon","coordinates":[[[-117.69475,34.30389],[-117.69475,34.30335],[-117.69507,34.30317],[-117.69518,34.30281],[-117.69539,34.30271],[-117.69539,34.30244],[-117.69636,34.30172],[-117.69636,34.30109],[-117.69841,34.29954],[-117.6983,34.29909],[-117.69786,34.29882],[-117.69764,34.29846],[-117.69752,34.29756],[-117.69666,34.29829],[-117.69569,34.29856],[-117.69482,34.29911],[-117.69483,34.30001],[-117.69461,34.30028],[-117.69451,34.30092],[-117.69429,34.30101],[-117.6943,34.30128],[-117.69397,34.30155],[-117.69387,34.30209],[-117.69398,34.30299],[-117.69475,34.30389]]]}},{"type":"Feature","properties":{"id":324,"area_km2":0.12,"T":0.446,"F":0.256,"S":0.259,"p_24":0.398,"threshold_mm_hr":27.096,"thr_min":25.99,"thr_max":33.571,"thr_spread":7.581,"stability":"never","frac_high":0.0,"baer_threshold":38.07,"baer_agreement":"confirms_not_high"},"geometry":{"type":"MultiPolygon","coordinates":[[[[-117.64273,34.36487],[-117.64262,34.36469],[-117.64273,34.36469],[-117.64273,34.36487]]],[[[-117.64305,34.36487],[-117.64338,34.36522],[-117.64578,34.36548],[-117.64578,34.36566],[-117.64622,34.36593],[-117.64601,34.36801],[-117.64569,34.36864],[-117.64537,34.36891],[-117.64516,34.36954],[-117.64483,34.36973],[-117.64483,34.37],[-117.6444,34.37],[-117.6432,34.36955],[-117.64307,34.36739],[-117.64317,34.3664],[-117.64339,34.36622],[-117.64339,34.36558],[-117.64273,34.36505],[-117.64273,34.36487],[-117.64305,34.36487]]]]}},{"type":"Feature","properties":{"id":326,"area_km2":0.118,"T":0.96,"F":0.921,"S":0.259,"p_24":0.971,"threshold_mm_hr":12.184,"thr_min":12.177,"thr_max":12.68,"thr_spread":0.503,"stability":"always","frac_high":1.0,"baer_threshold":12.357,"baer_agreement":"confirms_high"},"geometry":{"type":"Polygon","coordinates":[[[-117.75009,34.25757],[-117.74997,34.25631],[-117.75072,34.25567],[-117.75104,34.25495],[-117.75104,34.25441],[-117.75071,34.25369],[-117.7507,34.25288],[-117.74982,34.25216],[-117.7495,34.25207],[-117.74754,34.25209],[-117.74755,34.25272],[-117.74733,34.25308],[-117.74744,34.25335],[-117.74832,34.25406],[-117.74866,34.25623],[-117.74899,34.25641],[-117.74899,34.25668],[-117.75009,34.25757]]]}},{"type":"Feature","properties":{"id":327,"area_km2":0.118,"T":0.812,"F":0.552,"S":0.339,"p_24":0.882,"threshold_mm_hr":15.442,"thr_min":15.374,"thr_max":15.839,"thr_spread":0.465,"stability":"always","frac_high":1.0,"baer_threshold":15.889,"baer_agreement":"confirms_high"},"geometry":{"type":"MultiPolygon","coordinates":[[[[-117.76081,34.23018],[-117.76092,34.23009],[-117.76092,34.23018],[-117.76081,34.23018]]],[[[-117.76081,34.23018],[-117.76061,34.23135],[-117.76017,34.23172],[-117.7592,34.23208],[-117.75866,34.2329],[-117.75859,34.23615],[-117.75642,34.23697],[-117.75639,34.23381],[-117.75693,34.23345],[-117.75747,34.23245],[-117.75768,34.23245],[-117.75854,34.23164],[-117.75876,34.23164],[-117.75887,34.23109],[-117.75962,34.23046],[-117.75984,34.23046],[-117.76005,34.23018],[-117.76081,34.23018]]]]}},{"type":"Feature","properties":{"id":329,"area_km2":0.117,"T":0.487,"F":0.987,"S":0.259,"p_24":0.932,"threshold_mm_hr":13.932,"thr_min":13.932,"thr_max":14.574,"thr_spread":0.642,"stability":"always","frac_high":1.0,"baer_threshold":13.969,"baer_agreement":"confirms_high"},"geometry":{"type":"Polygon","coordinates":[[[-117.75283,34.29705],[-117.75315,34.29678],[-117.75315,34.29642],[-117.75347,34.29624],[-117.75347,34.29525],[-117.75411,34.29479],[-117.75422,34.29434],[-117.75454,34.29416],[-117.75486,34.29352],[-117.75508,34.29343],[-117.75508,34.29307],[-117.75583,34.29235],[-117.75659,34.29243],[-117.75703,34.2927],[-117.75779,34.29287],[-117.7579,34.29305],[-117.75855,34.29305],[-117.75866,34.29323],[-117.75899,34.29323],[-117.75877,34.29305],[-117.75876,34.29242],[-117.75822,34.29179],[-117.75789,34.29179],[-117.75745,34.29152],[-117.75648,34.29171],[-117.75604,34.29126],[-117.75549,34.29118],[-117.75528,34.29145],[-117.75474,34.29145],[-117.75441,34.29127],[-117.75398,34.29164],[-117.75365,34.29164],[-117.753,34.29218],[-117.75293,34.2957],[-117.75271,34.29597],[-117.75283,34.29705]]]}},{"type":"Feature","properties":{"id":331,"area_km2":0.116,"T":0.942,"F":0.677,"S":0.244,"p_24":0.919,"threshold_mm_hr":14.371,"thr_min":14.371,"thr_max":15.297,"thr_spread":0.926,"stability":"always","frac_high":1.0,"baer_threshold":14.442,"baer_agreement":"confirms_high"},"geometry":{"type":"MultiPolygon","coordinates":[[[[-117.7219,34.31401],[-117.72211,34.31392],[-117.72222,34.31347],[-117.72243,34.31329],[-117.72253,34.31194],[-117.72286,34.31175],[-117.72285,34.31103],[-117.72328,34.31031],[-117.72327,34.30968],[-117.72381,34.30922],[-117.72414,34.30922],[-117.72436,34.30949],[-117.72468,34.30949],[-117.72447,34.30958],[-117.72447,34.31012],[-117.72426,34.31021],[-117.72419,34.31481],[-117.72181,34.31681],[-117.7219,34.31401]]],[[[-117.7217,34.3169],[-117.72181,34.31681],[-117.72181,34.3169],[-117.7217,34.3169]]],[[[-117.7217,34.3169],[-117.7216,34.31699],[-117.7216,34.3169],[-117.7217,34.3169]]],[[[-117.72149,34.31708],[-117.7216,34.31699],[-117.7216,34.31708],[-117.72149,34.31708]]],[[[-117.72149,34.31708],[-117.72138,34.31717],[-117.72138,34.31708],[-117.72149,34.31708]]],[[[-117.72127,34.31726],[-117.72138,34.31717],[-117.72138,34.31726],[-117.72127,34.31726]]],[[[-117.72127,34.31726],[-117.72117,34.31735],[-117.72116,34.31726],[-117.72127,34.31726]]],[[[-117.72106,34.31745],[-117.72117,34.31735],[-117.72117,34.31745],[-117.72106,34.31745]]]]}},{"type":"Feature","properties":{"id":334,"area_km2":0.115,"T":0.801,"F":0.425,"S":0.259,"p_24":0.757,"threshold_mm_hr":18.278,"thr_min":17.597,"thr_max":20.931,"thr_spread":3.334,"stability":"always","frac_high":1.0,"baer_threshold":23.932,"baer_agreement":"contradicts_high"},"geometry":{"type":"Polygon","coordinates":[[[-117.75396,34.28956],[-117.75384,34.28866],[-117.75351,34.28848],[-117.75351,34.28821],[-117.75318,34.28785],[-117.75316,34.28542],[-117.75283,34.28488],[-117.7527,34.28299],[-117.75226,34.28236],[-117.7515,34.28173],[-117.75117,34.282],[-117.7513,34.28345],[-117.75097,34.2839],[-117.75098,34.28426],[-117.75065,34.28444],[-117.75076,34.28462],[-117.75044,34.28489],[-117.75044,34.28507],[-117.75077,34.28525],[-117.75099,34.28561],[-117.75099,34.28597],[-117.75132,34.28633],[-117.75132,34.2866],[-117.75154,34.28669],[-117.75155,34.28705],[-117.75198,34.28759],[-117.7521,34.28804],[-117.75396,34.28956]]]}},{"type":"Feature","properties":{"id":335,"area_km2":0.114,"T":0.931,"F":0.524,"S":0.244,"p_24":0.857,"threshold_mm_hr":16.067,"thr_min":16.035,"thr_max":17.889,"thr_spread":1.854,"stability":"always","frac_high":1.0,"baer_threshold":19.355,"baer_agreement":"confirms_high"},"geometry":{"type":"Polygon","coordinates":[[[-117.71818,34.34966],[-117.71883,34.34929],[-117.71991,34.34902],[-117.72002,34.34838],[-117.72023,34.3482],[-117.72055,34.34721],[-117.7213,34.34594],[-117.7213,34.34549],[-117.72086,34.34522],[-117.72086,34.34504],[-117.71988,34.34496],[-117.71955,34.34514],[-117.71858,34.34524],[-117.71835,34.34452],[-117.71825,34.34497],[-117.71792,34.34515],[-117.71818,34.34966]]]}},{"type":"Feature","properties":{"id":345,"area_km2":0.111,"T":0.851,"F":0.759,"S":0.339,"p_24":0.95,"threshold_mm_hr":13.264,"thr_min":13.25,"thr_max":13.473,"thr_spread":0.222,"stability":"always","frac_high":1.0,"baer_threshold":13.413,"baer_agreement":"confirms_high"},"geometry":{"type":"Polygon","coordinates":[[[-117.73502,34.23593],[-117.73502,34.23575],[-117.73556,34.23538],[-117.73588,34.23448],[-117.73652,34.23394],[-117.73696,34.23384],[-117.73739,34.23348],[-117.73728,34.23321],[-117.73673,34.23294],[-117.73662,34.23258],[-117.73629,34.23231],[-117.73682,34.23096],[-117.73681,34.22997],[-117.73617,34.23069],[-117.73617,34.23087],[-117.73488,34.23187],[-117.73488,34.23205],[-117.73455,34.23232],[-117.73401,34.23233],[-117.73391,34.23305],[-117.73348,34.23359],[-117.73338,34.2344],[-117.73371,34.23458],[-117.73371,34.23494],[-117.73502,34.23593]]]}},{"type":"Feature","properties":{"id":346,"area_km2":0.11,"T":0.952,"F":0.886,"S":0.339,"p_24":0.976,"threshold_mm_hr":11.892,"thr_min":11.892,"thr_max":12.071,"thr_spread":0.179,"stability":"always","frac_high":1.0,"baer_threshold":11.991,"baer_agreement":"confirms_high"},"geometry":{"type":"MultiPolygon","coordinates":[[[[-117.766,34.22798],[-117.766,34.22762],[-117.76545,34.22735],[-117.76545,34.22645],[-117.76566,34.22591],[-117.76565,34.22528],[-117.76598,34.22492],[-117.76597,34.22447],[-117.76629,34.22374],[-117.76649,34.22203],[-117.76671,34.22203],[-117.76714,34.22211],[-117.76747,34.22247],[-117.76802,34.22265],[-117.76824,34.2231],[-117.76836,34.22418],[-117.76869,34.2249],[-117.76902,34.22517],[-117.76902,34.22544],[-117.76859,34.22598],[-117.76827,34.22598],[-117.76794,34.22626],[-117.7674,34.22626],[-117.76643,34.22672],[-117.7661,34.22717],[-117.766,34.22798]]],[[[-117.76611,34.22798],[-117.76622,34.22807],[-117.76611,34.22807],[-117.76611,34.22798]]]]}},{"type":"Feature","properties":{"id":349,"area_km2":0.108,"T":0.948,"F":1.02,"S":0.259,"p_24":0.98,"threshold_mm_hr":11.583,"thr_min":11.583,"thr_max":12.0,"thr_spread":0.416,"stability":"always","frac_high":1.0,"baer_threshold":11.587,"baer_agreement":"confirms_high"},"geometry":{"type":"MultiPolygon","coordinates":[[[[-117.75358,34.29552],[-117.75401,34.29506],[-117.75422,34.29434],[-117.75454,34.29416],[-117.75486,34.29352],[-117.75508,34.29343],[-117.75508,34.29307],[-117.75583,34.29235],[-117.75659,34.29243],[-117.75703,34.2927],[-117.75779,34.29287],[-117.7579,34.29305],[-117.75855,34.29305],[-117.75877,34.29323],[-117.75877,34.29341],[-117.75834,34.29341],[-117.75802,34.29369],[-117.75802,34.29396],[-117.75769,34.29423],[-117.75715,34.29441],[-117.75715,34.29459],[-117.75651,34.29505],[-117.75651,34.29523],[-117.75597,34.29568],[-117.75478,34.29614],[-117.7537,34.29714],[-117.75358,34.29552]]],[[[-117.75348,34.29714],[-117.75359,34.29723],[-117.75348,34.29723],[-117.75348,34.29714]]],[[[-117.75348,34.29732],[-117.75337,34.29723],[-117.75348,34.29723],[-117.75348,34.29732]]]]}},{"type":"Feature","properties":{"id":350,"area_km2":0.107,"T":0.898,"F":0.608,"S":0.259,"p_24":0.892,"threshold_mm_hr":15.18,"thr_min":15.155,"thr_max":15.916,"thr_spread":0.761,"stability":"always","frac_high":1.0,"baer_threshold":15.44,"baer_agreement":"confirms_high"},"geometry":{"type":"Polygon","coordinates":[[[-117.7136,34.27087],[-117.71359,34.27005],[-117.71391,34.26951],[-117.71368,34.26807],[-117.71411,34.26707],[-117.7141,34.26635],[-117.71268,34.26528],[-117.71268,34.26447],[-117.71191,34.26384],[-117.7119,34.26303],[-117.71168,34.26276],[-117.71104,34.2633],[-117.71093,34.26358],[-117.71094,34.2652],[-117.71149,34.26556],[-117.71161,34.26637],[-117.71193,34.26664],[-117.71227,34.26745],[-117.71248,34.26753],[-117.71249,34.26799],[-117.71271,34.26807],[-117.71282,34.26843],[-117.71294,34.27024],[-117.71316,34.27033],[-117.71338,34.27087],[-117.7136,34.27087]]]}},{"type":"Feature","properties":{"id":351,"area_km2":0.106,"T":0.795,"F":0.517,"S":0.339,"p_24":0.862,"threshold_mm_hr":15.962,"thr_min":15.935,"thr_max":16.465,"thr_spread":0.53,"stability":"always","frac_high":1.0,"baer_threshold":17.337,"baer_agreement":"confirms_high"},"geometry":{"type":"Polygon","coordinates":[[[-117.73135,34.23866],[-117.73146,34.23847],[-117.73222,34.23829],[-117.73276,34.23775],[-117.73297,34.23774],[-117.73351,34.23729],[-117.73383,34.23657],[-117.73437,34.2362],[-117.73448,34.23584],[-117.73469,34.23584],[-117.73437,34.23548],[-117.73371,34.23539],[-117.7336,34.23522],[-117.73328,34.23522],[-117.73306,34.23495],[-117.73208,34.23504],[-117.73046,34.23614],[-117.73036,34.2365],[-117.73014,34.2365],[-117.73014,34.23668],[-117.7296,34.23713],[-117.72982,34.23758],[-117.73059,34.23812],[-117.73059,34.2383],[-117.73103,34.23866],[-117.73135,34.23866]]]}},{"type":"Feature","properties":{"id":352,"area_km2":0.105,"T":0.909,"F":0.571,"S":0.259,"p_24":0.88,"threshold_mm_hr":15.502,"thr_min":15.243,"thr_max":16.798,"thr_spread":1.555,"stability":"always","frac_high":1.0,"baer_threshold":18.633,"baer_agreement":"confirms_high"},"geometry":{"type":"MultiPolygon","coordinates":[[[[-117.76046,34.29953],[-117.76208,34.29817],[-117.76218,34.29745],[-117.76293,34.29672],[-117.76314,34.296],[-117.76401,34.29527],[-117.7652,34.29553],[-117.76575,34.29607],[-117.76608,34.29616],[-117.76587,34.2967],[-117.76543,34.29707],[-117.76533,34.29743],[-117.76501,34.2977],[-117.76501,34.29797],[-117.76436,34.2987],[-117.76349,34.2987],[-117.76252,34.29925],[-117.76165,34.29925],[-117.76111,34.29953],[-117.76046,34.29953]]],[[[-117.76035,34.29953],[-117.76046,34.29953],[-117.76046,34.29962],[-117.76035,34.29962],[-117.76035,34.29953]]],[[[-117.76035,34.29962],[-117.76024,34.29971],[-117.76024,34.29962],[-117.76035,34.29962]]],[[[-117.76024,34.2998],[-117.76013,34.29971],[-117.76024,34.29971],[-117.76024,34.2998]]],[[[-117.76003,34.29981],[-117.76014,34.29989],[-117.76003,34.2999],[-117.76003,34.29981]]],[[[-117.76003,34.2999],[-117.75992,34.29999],[-117.75992,34.2999],[-117.76003,34.2999]]],[[[-117.75992,34.30008],[-117.75981,34.29999],[-117.75992,34.29999],[-117.75992,34.30008]]],[[[-117.7597,34.30008],[-117.75981,34.30017],[-117.7597,34.30017],[-117.7597,34.30008]]],[[[-117.7597,34.30017],[-117.7596,34.30026],[-117.75959,34.30017],[-117.7597,34.30017]]],[[[-117.7596,34.30035],[-117.75949,34.30026],[-117.7596,34.30026],[-117.7596,34.30035]]],[[[-117.75938,34.30035],[-117.75949,34.30044],[-117.75938,34.30044],[-117.75938,34.30035]]]]}},{"type":"Feature","properties":{"id":353,"area_km2":0.105,"T":0.131,"F":0.098,"S":0.259,"p_24":0.139,"threshold_mm_hr":48.332,"thr_min":46.701,"thr_max":60.539,"thr_spread":13.839,"stability":"never","frac_high":0.0,"baer_threshold":56.52,"baer_agreement":"confirms_not_high"},"geometry":{"type":"MultiPolygon","coordinates":[[[[-117.64435,34.26467],[-117.64391,34.26404],[-117.64326,34.26386],[-117.64272,34.26341],[-117.64206,34.26332],[-117.64195,34.26269],[-117.64173,34.26261],[-117.64118,34.26162],[-117.64074,34.26126],[-117.64062,34.25972],[-117.64008,34.25937],[-117.64007,34.25856],[-117.64248,34.26062],[-117.64269,34.26062],[-117.64324,34.26115],[-117.64379,34.26133],[-117.64401,34.26205],[-117.64455,34.26241],[-117.64457,34.26466],[-117.64435,34.26467]]],[[[-117.64457,34.26475],[-117.64468,34.26466],[-117.64468,34.26475],[-117.64457,34.26475]]],[[[-117.64479,34.26475],[-117.64468,34.26484],[-117.64468,34.26475],[-117.64479,34.26475]]]]}},{"type":"Feature","properties":{"id":354,"area_km2":0.105,"T":0.914,"F":0.974,"S":0.259,"p_24":0.974,"threshold_mm_hr":12.016,"thr_min":12.016,"thr_max":12.464,"thr_spread":0.448,"stability":"always","frac_high":1.0,"baer_threshold":12.047,"baer_agreement":"confirms_high"},"geometry":{"type":"Polygon","coordinates":[[[-117.7549,34.29749],[-117.75533,34.29713],[-117.7562,34.29703],[-117.75706,34.29667],[-117.75782,34.29594],[-117.75825,34.29585],[-117.75858,34.29558],[-117.7589,34.29557],[-117.75944,34.29512],[-117.76031,34.29493],[-117.76074,34.29448],[-117.76117,34.2943],[-117.76008,34.2934],[-117.75953,34.29332],[-117.75931,34.29314],[-117.75877,34.29323],[-117.75877,34.29341],[-117.75834,34.29341],[-117.75802,34.29369],[-117.75802,34.29396],[-117.75769,34.29423],[-117.75726,34.29432],[-117.75715,34.29459],[-117.75651,34.29505],[-117.75651,34.29523],[-117.75608,34.2955],[-117.75575,34.29604],[-117.75424,34.29732],[-117.75359,34.29741],[-117.7549,34.29749]]]}},{"type":"Feature","properties":{"id":356,"area_km2":0.103,"T":0.958,"F":0.637,"S":0.259,"p_24":0.915,"threshold_mm_hr":14.507,"thr_min":14.507,"thr_max":15.166,"thr_spread":0.659,"stability":"always","frac_high":1.0,"baer_threshold":14.765,"baer_agreement":"confirms_high"},"geometry":{"type":"MultiPolygon","coordinates":[[[[-117.75938,34.25183],[-117.75949,34.25174],[-117.75949,34.25183],[-117.75938,34.25183]]],[[[-117.75938,34.25183],[-117.75938,34.25192],[-117.75927,34.25192],[-117.75927,34.25183],[-117.75938,34.25183]]],[[[-117.75927,34.25192],[-117.75917,34.25265],[-117.7583,34.25265],[-117.75798,34.25292],[-117.75732,34.25293],[-117.75689,34.25311],[-117.75592,34.25393],[-117.75581,34.2542],[-117.75473,34.25448],[-117.75375,34.25439],[-117.75342,34.25412],[-117.75299,34.25404],[-117.75233,34.25359],[-117.75157,34.25341],[-117.75124,34.25305],[-117.75103,34.25306],[-117.75168,34.25287],[-117.75244,34.25287],[-117.75406,34.25232],[-117.75493,34.25222],[-117.75895,34.25211],[-117.75927,34.25192]]]]}},{"type":"Feature","properties":{"id":357,"area_km2":0.102,"T":0.876,"F":0.613,"S":0.339,"p_24":0.918,"threshold_mm_hr":14.417,"thr_min":14.417,"thr_max":14.694,"thr_spread":0.277,"stability":"always","frac_high":1.0,"baer_threshold":14.567,"baer_agreement":"confirms_high"},"geometry":{"type":"MultiPolygon","coordinates":[[[[-117.76114,34.23018],[-117.76125,34.23009],[-117.76125,34.23018],[-117.76114,34.23018]]],[[[-117.76114,34.23045],[-117.76136,34.23054],[-117.76147,34.23099],[-117.76137,34.23216],[-117.76182,34.23342],[-117.7615,34.23378],[-117.76074,34.23388],[-117.76052,34.23406],[-117.7602,34.23469],[-117.7602,34.23514],[-117.75956,34.23569],[-117.75956,34.23587],[-117.75924,34.23614],[-117.75859,34.23615],[-117.75866,34.2329],[-117.7592,34.23208],[-117.76017,34.23172],[-117.76061,34.23135],[-117.7607,34.23027],[-117.76081,34.23018],[-117.76114,34.23018],[-117.76114,34.23045]]]]}},{"type":"Feature","properties":{"id":360,"area_km2":0.101,"T":0.646,"F":0.341,"S":0.244,"p_24":0.587,"threshold_mm_hr":21.871,"thr_min":19.854,"thr_max":28.412,"thr_spread":8.558,"stability":"sometimes","frac_high":0.167,"baer_threshold":32.521,"baer_agreement":"unstable_anchor_not_high"},"geometry":{"type":"Polygon","coordinates":[[[-117.67796,34.31084],[-117.67926,34.31029],[-117.68035,34.31019],[-117.68089,34.30965],[-117.68111,34.30965],[-117.68109,34.30812],[-117.68087,34.30694],[-117.68043,34.30668],[-117.68043,34.3065],[-117.67999,34.3065],[-117.67956,34.30695],[-117.67924,34.30695],[-117.67816,34.30786],[-117.67817,34.30912],[-117.67774,34.30976],[-117.67764,34.31075],[-117.67796,34.31084]]]}},{"type":"Feature","properties":{"id":361,"area_km2":0.101,"T":0.956,"F":0.616,"S":0.259,"p_24":0.908,"threshold_mm_hr":14.724,"thr_min":14.699,"thr_max":15.436,"thr_spread":0.737,"stability":"always","frac_high":1.0,"baer_threshold":14.846,"baer_agreement":"confirms_high"},"geometry":{"type":"Polygon","coordinates":[[[-117.70851,34.24727],[-117.70894,34.24663],[-117.70894,34.24591],[-117.70915,34.24528],[-117.70882,34.24501],[-117.7086,34.24501],[-117.70805,34.24438],[-117.70675,34.24439],[-117.70631,34.24421],[-117.7061,34.24394],[-117.70555,34.24395],[-117.70544,34.24377],[-117.70501,34.24368],[-117.70435,34.24314],[-117.70436,34.24431],[-117.70469,34.24476],[-117.70469,34.24521],[-117.70491,34.24521],[-117.70535,34.24566],[-117.70557,34.24566],[-117.70677,34.24674],[-117.70808,34.24727],[-117.70851,34.24727]]]}}]}
